<?xml version='1.0' encoding='utf-8'?>
<osm attribution="https://www.openstreetmap.org/copyright" copyright="OpenStreetMap and contributors" generator="OSMnx 2.0.2" license="https://opendatacommons.org/licenses/odbl/1-0/" version="0.6"><bounds minlon="29.0096538" minlat="41.0730369" maxlon="29.0225083" maxlat="41.0904093" /><node timestamp="2025-04-21T00:18:25Z" id="251147521" uid="1" user="OSMnx" lat="41.0731404" version="1" lon="29.0159915" visible="true" changeset="1" /><node timestamp="2025-04-21T00:18:25Z" id="251147522" uid="1" user="OSMnx" lat="41.0742185" version="1" lon="29.0154904" visible="true" changeset="1" /><node timestamp="2025-04-21T00:18:25Z" id="251147523" uid="1" user="OSMnx" lat="41.0745398" version="1" lon="29.015336" visible="true" changeset="1" /><node timestamp="2025-04-21T00:18:25Z" id="251147733" uid="1" user="OSMnx" lat="41.0767018" version="1" lon="29.0142981" visible="true" changeset="1" /><node timestamp="2025-04-21T00:18:25Z" id="251150662" uid="1" user="OSMnx" lat="41.0771872" version="1" lon="29.0139969" visible="true" changeset="1" /><node timestamp="2025-04-21T00:18:25Z" id="251150663" uid="1" user="OSMnx" lat="41.0775348" version="1" lon="29.0137513" visible="true" changeset="1" /><node timestamp="2025-04-21T00:18:25Z" id="251150664" uid="1" user="OSMnx" lat="41.0784603" version="1" lon="29.0130543" visible="true" changeset="1" /><node timestamp="2025-04-21T00:18:25Z" id="251150665" uid="1" user="OSMnx" lat="41.0792239" version="1" lon="29.0124814" visible="true" changeset="1" /><node timestamp="2025-04-21T00:18:25Z" id="251150822" uid="1" user="OSMnx" lat="41.0809903" version="1" lon="29.0112736" visible="true" changeset="1" /><node timestamp="2025-04-21T00:18:25Z" id="251150823" uid="1" user="OSMnx" lat="41.0815804" version="1" lon="29.0109131" visible="true" changeset="1" /><node timestamp="2025-04-21T00:18:25Z" id="251150824" uid="1" user="OSMnx" lat="41.0820191" version="1" lon="29.0106811" visible="true" changeset="1" /><node timestamp="2025-04-21T00:18:25Z" id="251150825" uid="1" user="OSMnx" lat="41.0825273" version="1" lon="29.0103801" visible="true" changeset="1" /><node timestamp="2025-04-21T00:18:25Z" id="251150826" uid="1" user="OSMnx" lat="41.0829196" version="1" lon="29.0101116" visible="true" changeset="1" /><node timestamp="2025-04-21T00:18:25Z" id="251150827" uid="1" user="OSMnx" lat="41.0832176" version="1" lon="29.0098707" visible="true" changeset="1" /><node timestamp="2025-04-21T00:18:25Z" id="251270438" uid="1" user="OSMnx" lat="41.0850475" version="1" lon="29.0124876" visible="true" changeset="1" /><node timestamp="2025-04-21T00:18:25Z" id="251270440" uid="1" user="OSMnx" lat="41.0857768" version="1" lon="29.0138074" visible="true" changeset="1" /><node timestamp="2025-04-21T00:18:25Z" id="251270441" uid="1" user="OSMnx" lat="41.0881223" version="1" lon="29.017513" visible="true" changeset="1" /><node timestamp="2025-04-21T00:18:25Z" id="251270442" uid="1" user="OSMnx" lat="41.0885446" version="1" lon="29.01812" visible="true" changeset="1" /><node timestamp="2025-04-21T00:18:25Z" id="251270443" uid="1" user="OSMnx" lat="41.0890602" version="1" lon="29.018737" visible="true" changeset="1" /><node timestamp="2025-04-21T00:18:25Z" id="251270444" uid="1" user="OSMnx" lat="41.0895948" version="1" lon="29.0192635" visible="true" changeset="1" /><node timestamp="2025-04-21T00:18:25Z" id="251270445" uid="1" user="OSMnx" lat="41.0901753" version="1" lon="29.0197142" visible="true" changeset="1" /><node timestamp="2025-04-21T00:18:25Z" id="251270686" uid="1" user="OSMnx" lat="41.083878" version="1" lon="29.0105192" visible="true" changeset="1" /><node timestamp="2025-04-21T00:18:25Z" id="251270687" uid="1" user="OSMnx" lat="41.0840634" version="1" lon="29.0109141" visible="true" changeset="1" /><node timestamp="2025-04-21T00:18:25Z" id="251270688" uid="1" user="OSMnx" lat="41.0843321" version="1" lon="29.0113179" visible="true" changeset="1" /><node timestamp="2025-04-21T00:18:25Z" id="251270741" uid="1" user="OSMnx" lat="41.0823393" version="1" lon="29.0106937" visible="true" changeset="1" /><node timestamp="2025-04-21T00:18:25Z" id="251270742" uid="1" user="OSMnx" lat="41.0824789" version="1" lon="29.0106433" visible="true" changeset="1" /><node timestamp="2025-04-21T00:18:25Z" id="251270744" uid="1" user="OSMnx" lat="41.0831546" version="1" lon="29.0106336" visible="true" changeset="1" /><node timestamp="2025-04-21T00:18:25Z" id="251270745" uid="1" user="OSMnx" lat="41.083409" version="1" lon="29.0107301" visible="true" changeset="1" /><node timestamp="2025-04-21T00:18:25Z" id="251270746" uid="1" user="OSMnx" lat="41.0838936" version="1" lon="29.0110598" visible="true" changeset="1" /><node timestamp="2025-04-21T00:18:25Z" id="251270747" uid="1" user="OSMnx" lat="41.0843248" version="1" lon="29.011492" visible="true" changeset="1" /><node timestamp="2025-04-21T00:18:25Z" id="251270786" uid="1" user="OSMnx" lat="41.0803939" version="1" lon="29.0116788" visible="true" changeset="1"><tag k="ref" v="K-61" /><tag k="highway" v="motorway_junction" /></node><node timestamp="2025-04-21T00:18:25Z" id="251270787" uid="1" user="OSMnx" lat="41.0817944" version="1" lon="29.0109686" visible="true" changeset="1" /><node timestamp="2025-04-21T00:18:25Z" id="251270831" uid="1" user="OSMnx" lat="41.0835348" version="1" lon="29.0100405" visible="true" changeset="1" /><node timestamp="2025-04-21T00:18:25Z" id="251270832" uid="1" user="OSMnx" lat="41.0832507" version="1" lon="29.0099187" visible="true" changeset="1" /><node timestamp="2025-04-21T00:18:25Z" id="251270833" uid="1" user="OSMnx" lat="41.0830105" version="1" lon="29.0098698" visible="true" changeset="1" /><node timestamp="2025-04-21T00:18:25Z" id="252127401" uid="1" user="OSMnx" lat="41.0756502" version="1" lon="29.0188961" visible="true" changeset="1" /><node timestamp="2025-04-21T00:18:25Z" id="252127402" uid="1" user="OSMnx" lat="41.0750048" version="1" lon="29.017549" visible="true" changeset="1" /><node timestamp="2025-04-21T00:18:25Z" id="355499274" uid="1" user="OSMnx" lat="41.0848454" version="1" lon="29.012473" visible="true" changeset="1" /><node timestamp="2025-04-21T00:18:25Z" id="355499275" uid="1" user="OSMnx" lat="41.0846067" version="1" lon="29.0123268" visible="true" changeset="1" /><node timestamp="2025-04-21T00:18:25Z" id="355499277" uid="1" user="OSMnx" lat="41.0842864" version="1" lon="29.0122843" visible="true" changeset="1" /><node timestamp="2025-04-21T00:18:25Z" id="355499279" uid="1" user="OSMnx" lat="41.0838885" version="1" lon="29.012249" visible="true" changeset="1" /><node timestamp="2025-04-21T00:18:25Z" id="355499280" uid="1" user="OSMnx" lat="41.0835909" version="1" lon="29.0122147" visible="true" changeset="1" /><node timestamp="2025-04-21T00:18:25Z" id="355499281" uid="1" user="OSMnx" lat="41.0834227" version="1" lon="29.0122319" visible="true" changeset="1" /><node timestamp="2025-04-21T00:18:25Z" id="355499282" uid="1" user="OSMnx" lat="41.0825299" version="1" lon="29.0129013" visible="true" changeset="1" /><node timestamp="2025-04-21T00:18:25Z" id="355499283" uid="1" user="OSMnx" lat="41.0819864" version="1" lon="29.0130987" visible="true" changeset="1" /><node timestamp="2025-04-21T00:18:25Z" id="355499284" uid="1" user="OSMnx" lat="41.0816306" version="1" lon="29.0130987" visible="true" changeset="1" /><node timestamp="2025-04-21T00:18:25Z" id="355499285" uid="1" user="OSMnx" lat="41.0813912" version="1" lon="29.0130987" visible="true" changeset="1" /><node timestamp="2025-04-21T00:18:25Z" id="355499322" uid="1" user="OSMnx" lat="41.0849865" version="1" lon="29.0130307" visible="true" changeset="1" /><node timestamp="2025-04-21T00:18:25Z" id="355499323" uid="1" user="OSMnx" lat="41.0854375" version="1" lon="29.0145035" visible="true" changeset="1" /><node timestamp="2025-04-21T00:18:25Z" id="355686970" uid="1" user="OSMnx" lat="41.0830992" version="1" lon="29.0168753" visible="true" changeset="1" /><node timestamp="2025-04-21T00:18:25Z" id="355686972" uid="1" user="OSMnx" lat="41.084801" version="1" lon="29.0169937" visible="true" changeset="1" /><node timestamp="2025-04-21T00:18:25Z" id="355686974" uid="1" user="OSMnx" lat="41.0868579" version="1" lon="29.0171843" visible="true" changeset="1" /><node timestamp="2025-04-21T00:18:25Z" id="355687140" uid="1" user="OSMnx" lat="41.0875695" version="1" lon="29.0172186" visible="true" changeset="1" /><node timestamp="2025-04-21T00:18:25Z" id="355699683" uid="1" user="OSMnx" lat="41.0873198" version="1" lon="29.0171745" visible="true" changeset="1" /><node timestamp="2025-04-21T00:18:25Z" id="355699684" uid="1" user="OSMnx" lat="41.0876872" version="1" lon="29.0180769" visible="true" changeset="1" /><node timestamp="2025-04-21T00:18:25Z" id="355699685" uid="1" user="OSMnx" lat="41.0877204" version="1" lon="29.0181764" visible="true" changeset="1" /><node timestamp="2025-04-21T00:18:25Z" id="355699686" uid="1" user="OSMnx" lat="41.087598" version="1" lon="29.0185872" visible="true" changeset="1" /><node timestamp="2025-04-21T00:18:25Z" id="355699687" uid="1" user="OSMnx" lat="41.0875436" version="1" lon="29.0189524" visible="true" changeset="1" /><node timestamp="2025-04-21T00:18:25Z" id="355699690" uid="1" user="OSMnx" lat="41.0878671" version="1" lon="29.0201712" visible="true" changeset="1" /><node timestamp="2025-04-21T00:18:25Z" id="355699780" uid="1" user="OSMnx" lat="41.0866573" version="1" lon="29.0203429" visible="true" changeset="1" /><node timestamp="2025-04-21T00:18:25Z" id="516043635" uid="1" user="OSMnx" lat="41.0812375" version="1" lon="29.0221345" visible="true" changeset="1" /><node timestamp="2025-04-21T00:18:25Z" id="516043636" uid="1" user="OSMnx" lat="41.0815124" version="1" lon="29.021877" visible="true" changeset="1" /><node timestamp="2025-04-21T00:18:25Z" id="516043644" uid="1" user="OSMnx" lat="41.0812152" version="1" lon="29.022054" visible="true" changeset="1" /><node timestamp="2025-04-21T00:18:25Z" id="516043645" uid="1" user="OSMnx" lat="41.0810859" version="1" lon="29.0221989" visible="true" changeset="1" /><node timestamp="2025-04-21T00:18:25Z" id="516043648" uid="1" user="OSMnx" lat="41.0809039" version="1" lon="29.0224027" visible="true" changeset="1" /><node timestamp="2025-04-21T00:18:25Z" id="516043653" uid="1" user="OSMnx" lat="41.0807299" version="1" lon="29.0225083" visible="true" changeset="1" /><node timestamp="2025-04-21T00:18:25Z" id="516043718" uid="1" user="OSMnx" lat="41.0770138" version="1" lon="29.0221959" visible="true" changeset="1" /><node timestamp="2025-04-21T00:18:25Z" id="516043800" uid="1" user="OSMnx" lat="41.0794885" version="1" lon="29.0214712" visible="true" changeset="1" /><node timestamp="2025-04-21T00:18:25Z" id="516043805" uid="1" user="OSMnx" lat="41.0794245" version="1" lon="29.0206248" visible="true" changeset="1" /><node timestamp="2025-04-21T00:18:25Z" id="516043806" uid="1" user="OSMnx" lat="41.079343" version="1" lon="29.0198653" visible="true" changeset="1" /><node timestamp="2025-04-21T00:18:25Z" id="516043807" uid="1" user="OSMnx" lat="41.0792096" version="1" lon="29.019007" visible="true" changeset="1" /><node timestamp="2025-04-21T00:18:25Z" id="516043809" uid="1" user="OSMnx" lat="41.0789639" version="1" lon="29.0178509" visible="true" changeset="1" /><node timestamp="2025-04-21T00:18:25Z" id="516043813" uid="1" user="OSMnx" lat="41.0788138" version="1" lon="29.017271" visible="true" changeset="1" /><node timestamp="2025-04-21T00:18:25Z" id="516043820" uid="1" user="OSMnx" lat="41.0782691" version="1" lon="29.0155495" visible="true" changeset="1" /><node timestamp="2025-04-21T00:18:25Z" id="516043875" uid="1" user="OSMnx" lat="41.0872768" version="1" lon="29.0170874" visible="true" changeset="1" /><node timestamp="2025-04-21T00:18:25Z" id="516043880" uid="1" user="OSMnx" lat="41.0873127" version="1" lon="29.0169578" visible="true" changeset="1" /><node timestamp="2025-04-21T00:18:25Z" id="516043885" uid="1" user="OSMnx" lat="41.0872671" version="1" lon="29.0168264" visible="true" changeset="1" /><node timestamp="2025-04-21T00:18:25Z" id="516043889" uid="1" user="OSMnx" lat="41.0871137" version="1" lon="29.0168164" visible="true" changeset="1" /><node timestamp="2025-04-21T00:18:25Z" id="516043892" uid="1" user="OSMnx" lat="41.0870528" version="1" lon="29.0169252" visible="true" changeset="1" /><node timestamp="2025-04-21T00:18:25Z" id="516043893" uid="1" user="OSMnx" lat="41.0870756" version="1" lon="29.0170725" visible="true" changeset="1" /><node timestamp="2025-04-21T00:18:25Z" id="516043894" uid="1" user="OSMnx" lat="41.087115" version="1" lon="29.0171188" visible="true" changeset="1" /><node timestamp="2025-04-21T00:18:25Z" id="516043899" uid="1" user="OSMnx" lat="41.0871731" version="1" lon="29.0171418" visible="true" changeset="1" /><node timestamp="2025-04-21T00:18:25Z" id="516043961" uid="1" user="OSMnx" lat="41.0842224" version="1" lon="29.0144463" visible="true" changeset="1" /><node timestamp="2025-04-21T00:18:25Z" id="516043972" uid="1" user="OSMnx" lat="41.0834122" version="1" lon="29.0144623" visible="true" changeset="1" /><node timestamp="2025-04-21T00:18:25Z" id="516043973" uid="1" user="OSMnx" lat="41.0833387" version="1" lon="29.0144661" visible="true" changeset="1" /><node timestamp="2025-04-21T00:18:25Z" id="516043987" uid="1" user="OSMnx" lat="41.0830416" version="1" lon="29.0142693" visible="true" changeset="1" /><node timestamp="2025-04-21T00:18:25Z" id="516043992" uid="1" user="OSMnx" lat="41.0825907" version="1" lon="29.0142049" visible="true" changeset="1" /><node timestamp="2025-04-21T00:18:25Z" id="516044011" uid="1" user="OSMnx" lat="41.0819751" version="1" lon="29.0140543" visible="true" changeset="1" /><node timestamp="2025-04-21T00:18:25Z" id="516044016" uid="1" user="OSMnx" lat="41.0811622" version="1" lon="29.0142557" visible="true" changeset="1" /><node timestamp="2025-04-21T00:18:25Z" id="516044021" uid="1" user="OSMnx" lat="41.0809143" version="1" lon="29.0143459" visible="true" changeset="1" /><node timestamp="2025-04-21T00:18:25Z" id="516044042" uid="1" user="OSMnx" lat="41.0797332" version="1" lon="29.0146672" visible="true" changeset="1" /><node timestamp="2025-04-21T00:18:25Z" id="516044062" uid="1" user="OSMnx" lat="41.0796511" version="1" lon="29.0138194" visible="true" changeset="1" /><node timestamp="2025-04-21T00:18:25Z" id="516044068" uid="1" user="OSMnx" lat="41.0798768" version="1" lon="29.0136104" visible="true" changeset="1" /><node timestamp="2025-04-21T00:18:25Z" id="516044076" uid="1" user="OSMnx" lat="41.0800492" version="1" lon="29.0134415" visible="true" changeset="1" /><node timestamp="2025-04-21T00:18:25Z" id="516044078" uid="1" user="OSMnx" lat="41.0802051" version="1" lon="29.0131851" visible="true" changeset="1" /><node timestamp="2025-04-21T00:18:25Z" id="516044079" uid="1" user="OSMnx" lat="41.0802476" version="1" lon="29.013047" visible="true" changeset="1" /><node timestamp="2025-04-21T00:18:25Z" id="516044082" uid="1" user="OSMnx" lat="41.0785405" version="1" lon="29.0131677" visible="true" changeset="1" /><node timestamp="2025-04-21T00:18:25Z" id="516044083" uid="1" user="OSMnx" lat="41.0788537" version="1" lon="29.013061" visible="true" changeset="1"><tag k="highway" v="crossing" /></node><node timestamp="2025-04-21T00:18:25Z" id="516044088" uid="1" user="OSMnx" lat="41.0789427" version="1" lon="29.0131364" visible="true" changeset="1" /><node timestamp="2025-04-21T00:18:25Z" id="516044095" uid="1" user="OSMnx" lat="41.0792767" version="1" lon="29.0138226" visible="true" changeset="1" /><node timestamp="2025-04-21T00:18:25Z" id="516044105" uid="1" user="OSMnx" lat="41.0794554" version="1" lon="29.0142467" visible="true" changeset="1" /><node timestamp="2025-04-21T00:18:25Z" id="516044110" uid="1" user="OSMnx" lat="41.079574" version="1" lon="29.014516" visible="true" changeset="1" /><node timestamp="2025-04-21T00:18:25Z" id="516044116" uid="1" user="OSMnx" lat="41.0796261" version="1" lon="29.0146136" visible="true" changeset="1" /><node timestamp="2025-04-21T00:18:25Z" id="516044129" uid="1" user="OSMnx" lat="41.0789259" version="1" lon="29.0127262" visible="true" changeset="1" /><node timestamp="2025-04-21T00:18:25Z" id="516044133" uid="1" user="OSMnx" lat="41.0789029" version="1" lon="29.0127931" visible="true" changeset="1" /><node timestamp="2025-04-21T00:18:25Z" id="516044164" uid="1" user="OSMnx" lat="41.0801841" version="1" lon="29.0128864" visible="true" changeset="1" /><node timestamp="2025-04-21T00:18:25Z" id="516044180" uid="1" user="OSMnx" lat="41.0801793" version="1" lon="29.0124914" visible="true" changeset="1" /><node timestamp="2025-04-21T00:18:25Z" id="516044189" uid="1" user="OSMnx" lat="41.0801962" version="1" lon="29.0122586" visible="true" changeset="1" /><node timestamp="2025-04-21T00:18:25Z" id="516044196" uid="1" user="OSMnx" lat="41.0802609" version="1" lon="29.0121352" visible="true" changeset="1" /><node timestamp="2025-04-21T00:18:25Z" id="516044200" uid="1" user="OSMnx" lat="41.0803499" version="1" lon="29.0120225" visible="true" changeset="1" /><node timestamp="2025-04-21T00:18:25Z" id="516044210" uid="1" user="OSMnx" lat="41.0806814" version="1" lon="29.0117865" visible="true" changeset="1" /><node timestamp="2025-04-21T00:18:25Z" id="516044218" uid="1" user="OSMnx" lat="41.0811158" version="1" lon="29.0115021" visible="true" changeset="1" /><node timestamp="2025-04-21T00:18:25Z" id="516044225" uid="1" user="OSMnx" lat="41.0812427" version="1" lon="29.0114684" visible="true" changeset="1" /><node timestamp="2025-04-21T00:18:25Z" id="516044234" uid="1" user="OSMnx" lat="41.0815228" version="1" lon="29.0116275" visible="true" changeset="1" /><node timestamp="2025-04-21T00:18:25Z" id="516044269" uid="1" user="OSMnx" lat="41.0815748" version="1" lon="29.0123024" visible="true" changeset="1" /><node timestamp="2025-04-21T00:18:25Z" id="516044277" uid="1" user="OSMnx" lat="41.0814821" version="1" lon="29.0126556" visible="true" changeset="1" /><node timestamp="2025-04-21T00:18:25Z" id="516044287" uid="1" user="OSMnx" lat="41.0814134" version="1" lon="29.0128755" visible="true" changeset="1" /><node timestamp="2025-04-21T00:18:25Z" id="516044296" uid="1" user="OSMnx" lat="41.0812457" version="1" lon="29.0131784" visible="true" changeset="1" /><node timestamp="2025-04-21T00:18:25Z" id="516044306" uid="1" user="OSMnx" lat="41.0810656" version="1" lon="29.0134173" visible="true" changeset="1" /><node timestamp="2025-04-21T00:18:25Z" id="516044311" uid="1" user="OSMnx" lat="41.0809587" version="1" lon="29.0136445" visible="true" changeset="1" /><node timestamp="2025-04-21T00:18:25Z" id="516044321" uid="1" user="OSMnx" lat="41.0809041" version="1" lon="29.013917" visible="true" changeset="1" /><node timestamp="2025-04-21T00:18:25Z" id="516044376" uid="1" user="OSMnx" lat="41.0810546" version="1" lon="29.0141578" visible="true" changeset="1" /><node timestamp="2025-04-21T00:18:25Z" id="516044391" uid="1" user="OSMnx" lat="41.0810098" version="1" lon="29.0140597" visible="true" changeset="1" /><node timestamp="2025-04-21T00:18:25Z" id="516044402" uid="1" user="OSMnx" lat="41.0809953" version="1" lon="29.0138964" visible="true" changeset="1" /><node timestamp="2025-04-21T00:18:25Z" id="516044420" uid="1" user="OSMnx" lat="41.081038" version="1" lon="29.0137157" visible="true" changeset="1" /><node timestamp="2025-04-21T00:18:25Z" id="516044425" uid="1" user="OSMnx" lat="41.0811449" version="1" lon="29.0134967" visible="true" changeset="1" /><node timestamp="2025-04-21T00:18:25Z" id="516044433" uid="1" user="OSMnx" lat="41.0813123" version="1" lon="29.0132564" visible="true" changeset="1" /><node timestamp="2025-04-21T00:18:25Z" id="516044445" uid="1" user="OSMnx" lat="41.0814902" version="1" lon="29.0128701" visible="true" changeset="1" /><node timestamp="2025-04-21T00:18:25Z" id="516044453" uid="1" user="OSMnx" lat="41.0815589" version="1" lon="29.0126609" visible="true" changeset="1" /><node timestamp="2025-04-21T00:18:25Z" id="516044469" uid="1" user="OSMnx" lat="41.0815873" version="1" lon="29.0124356" visible="true" changeset="1" /><node timestamp="2025-04-21T00:18:25Z" id="516044486" uid="1" user="OSMnx" lat="41.0815179" version="1" lon="29.0114349" visible="true" changeset="1" /><node timestamp="2025-04-21T00:18:25Z" id="516044507" uid="1" user="OSMnx" lat="41.0815993" version="1" lon="29.0112179" visible="true" changeset="1" /><node timestamp="2025-04-21T00:18:25Z" id="516044516" uid="1" user="OSMnx" lat="41.0817288" version="1" lon="29.0110891" visible="true" changeset="1" /><node timestamp="2025-04-21T00:18:25Z" id="516044657" uid="1" user="OSMnx" lat="41.0833741" version="1" lon="29.0142019" visible="true" changeset="1" /><node timestamp="2025-04-21T00:18:25Z" id="516044664" uid="1" user="OSMnx" lat="41.0831683" version="1" lon="29.0142381" visible="true" changeset="1" /><node timestamp="2025-04-21T00:18:25Z" id="516044753" uid="1" user="OSMnx" lat="41.0834444" version="1" lon="29.0142419" visible="true" changeset="1" /><node timestamp="2025-04-21T00:18:25Z" id="516044793" uid="1" user="OSMnx" lat="41.0834705" version="1" lon="29.0143732" visible="true" changeset="1" /><node timestamp="2025-04-21T00:18:25Z" id="516044817" uid="1" user="OSMnx" lat="41.083316" version="1" lon="29.0142238" visible="true" changeset="1" /><node timestamp="2025-04-21T00:18:25Z" id="516044836" uid="1" user="OSMnx" lat="41.0832732" version="1" lon="29.0143009" visible="true" changeset="1" /><node timestamp="2025-04-21T00:18:25Z" id="516044854" uid="1" user="OSMnx" lat="41.0832769" version="1" lon="29.0143887" visible="true" changeset="1" /><node timestamp="2025-04-21T00:18:25Z" id="539133137" uid="1" user="OSMnx" lat="41.0740799" version="1" lon="29.0155553" visible="true" changeset="1" /><node timestamp="2025-04-21T00:18:25Z" id="582943203" uid="1" user="OSMnx" lat="41.0756528" version="1" lon="29.0171968" visible="true" changeset="1" /><node timestamp="2025-04-21T00:18:25Z" id="582943207" uid="1" user="OSMnx" lat="41.0750336" version="1" lon="29.0175993" visible="true" changeset="1" /><node timestamp="2025-04-21T00:18:25Z" id="582943215" uid="1" user="OSMnx" lat="41.0757138" version="1" lon="29.0147897" visible="true" changeset="1"><tag k="highway" v="traffic_signals" /></node><node timestamp="2025-04-21T00:18:25Z" id="582943228" uid="1" user="OSMnx" lat="41.0762492" version="1" lon="29.0164987" visible="true" changeset="1" /><node timestamp="2025-04-21T00:18:25Z" id="582943229" uid="1" user="OSMnx" lat="41.0773127" version="1" lon="29.0192935" visible="true" changeset="1" /><node timestamp="2025-04-21T00:18:25Z" id="582943230" uid="1" user="OSMnx" lat="41.0769553" version="1" lon="29.0181314" visible="true" changeset="1" /><node timestamp="2025-04-21T00:18:25Z" id="582943232" uid="1" user="OSMnx" lat="41.075555" version="1" lon="29.0169377" visible="true" changeset="1" /><node timestamp="2025-04-21T00:18:25Z" id="582943233" uid="1" user="OSMnx" lat="41.0754943" version="1" lon="29.016762" visible="true" changeset="1" /><node timestamp="2025-04-21T00:18:25Z" id="582943234" uid="1" user="OSMnx" lat="41.0750458" version="1" lon="29.015098" visible="true" changeset="1" /><node timestamp="2025-04-21T00:18:25Z" id="582943235" uid="1" user="OSMnx" lat="41.075186" version="1" lon="29.0169886" visible="true" changeset="1" /><node timestamp="2025-04-21T00:18:25Z" id="582943236" uid="1" user="OSMnx" lat="41.0749979" version="1" lon="29.0167621" visible="true" changeset="1" /><node timestamp="2025-04-21T00:18:25Z" id="582943237" uid="1" user="OSMnx" lat="41.0748099" version="1" lon="29.0163677" visible="true" changeset="1" /><node timestamp="2025-04-21T00:18:25Z" id="582943238" uid="1" user="OSMnx" lat="41.0760475" version="1" lon="29.0198523" visible="true" changeset="1" /><node timestamp="2025-04-21T00:18:25Z" id="582943239" uid="1" user="OSMnx" lat="41.0766498" version="1" lon="29.019581" visible="true" changeset="1" /><node timestamp="2025-04-21T00:18:25Z" id="582943240" uid="1" user="OSMnx" lat="41.0775998" version="1" lon="29.0191976" visible="true" changeset="1" /><node timestamp="2025-04-21T00:18:25Z" id="582943241" uid="1" user="OSMnx" lat="41.0791602" version="1" lon="29.0187827" visible="true" changeset="1" /><node timestamp="2025-04-21T00:18:25Z" id="775654105" uid="1" user="OSMnx" lat="41.0766328" version="1" lon="29.0212876" visible="true" changeset="1" /><node timestamp="2025-04-21T00:18:25Z" id="775654110" uid="1" user="OSMnx" lat="41.0788495" version="1" lon="29.0204988" visible="true" changeset="1" /><node timestamp="2025-04-21T00:18:25Z" id="775654111" uid="1" user="OSMnx" lat="41.0794083" version="1" lon="29.0203623" visible="true" changeset="1" /><node timestamp="2025-04-21T00:18:25Z" id="775654537" uid="1" user="OSMnx" lat="41.0801049" version="1" lon="29.0166493" visible="true" changeset="1" /><node timestamp="2025-04-21T00:18:25Z" id="775654538" uid="1" user="OSMnx" lat="41.0818113" version="1" lon="29.0167458" visible="true" changeset="1" /><node timestamp="2025-04-21T00:18:25Z" id="775654539" uid="1" user="OSMnx" lat="41.0820222" version="1" lon="29.0167628" visible="true" changeset="1" /><node timestamp="2025-04-21T00:18:25Z" id="775654540" uid="1" user="OSMnx" lat="41.082345" version="1" lon="29.0167887" visible="true" changeset="1" /><node timestamp="2025-04-21T00:18:25Z" id="775654578" uid="1" user="OSMnx" lat="41.0794336" version="1" lon="29.0176256" visible="true" changeset="1" /><node timestamp="2025-04-21T00:18:25Z" id="775654612" uid="1" user="OSMnx" lat="41.0788088" version="1" lon="29.0152447" visible="true" changeset="1" /><node timestamp="2025-04-21T00:18:25Z" id="775654613" uid="1" user="OSMnx" lat="41.0796707" version="1" lon="29.0147021" visible="true" changeset="1" /><node timestamp="2025-04-21T00:18:25Z" id="775654678" uid="1" user="OSMnx" lat="41.0826156" version="1" lon="29.0158183" visible="true" changeset="1" /><node timestamp="2025-04-21T00:18:25Z" id="775654682" uid="1" user="OSMnx" lat="41.0827575" version="1" lon="29.0175183" visible="true" changeset="1" /><node timestamp="2025-04-21T00:18:25Z" id="775654683" uid="1" user="OSMnx" lat="41.0807599" version="1" lon="29.0186985" visible="true" changeset="1" /><node timestamp="2025-04-21T00:18:25Z" id="775654685" uid="1" user="OSMnx" lat="41.0800725" version="1" lon="29.018677" visible="true" changeset="1" /><node timestamp="2025-04-21T00:18:25Z" id="775654686" uid="1" user="OSMnx" lat="41.0796358" version="1" lon="29.0187199" visible="true" changeset="1" /><node timestamp="2025-04-21T00:18:25Z" id="775654687" uid="1" user="OSMnx" lat="41.0793057" version="1" lon="29.0195828" visible="true" changeset="1" /><node timestamp="2025-04-21T00:18:25Z" id="775654723" uid="1" user="OSMnx" lat="41.0796924" version="1" lon="29.0195568" visible="true" changeset="1" /><node timestamp="2025-04-21T00:18:25Z" id="775654726" uid="1" user="OSMnx" lat="41.080024" version="1" lon="29.019428" visible="true" changeset="1" /><node timestamp="2025-04-21T00:18:25Z" id="775654727" uid="1" user="OSMnx" lat="41.0802181" version="1" lon="29.0194602" visible="true" changeset="1" /><node timestamp="2025-04-21T00:18:25Z" id="775654729" uid="1" user="OSMnx" lat="41.0807114" version="1" lon="29.0195782" visible="true" changeset="1" /><node timestamp="2025-04-21T00:18:25Z" id="775654731" uid="1" user="OSMnx" lat="41.0810753" version="1" lon="29.0195997" visible="true" changeset="1" /><node timestamp="2025-04-21T00:18:25Z" id="775654733" uid="1" user="OSMnx" lat="41.0815606" version="1" lon="29.0194495" visible="true" changeset="1" /><node timestamp="2025-04-21T00:18:25Z" id="775654735" uid="1" user="OSMnx" lat="41.0820458" version="1" lon="29.0192886" visible="true" changeset="1" /><node timestamp="2025-04-21T00:18:25Z" id="775654737" uid="1" user="OSMnx" lat="41.0825472" version="1" lon="29.0193851" visible="true" changeset="1" /><node timestamp="2025-04-21T00:18:25Z" id="775654738" uid="1" user="OSMnx" lat="41.0829677" version="1" lon="29.0194495" visible="true" changeset="1" /><node timestamp="2025-04-21T00:18:25Z" id="775654779" uid="1" user="OSMnx" lat="41.083461" version="1" lon="29.0201039" visible="true" changeset="1" /><node timestamp="2025-04-21T00:18:25Z" id="775654780" uid="1" user="OSMnx" lat="41.0831052" version="1" lon="29.0202327" visible="true" changeset="1" /><node timestamp="2025-04-21T00:18:25Z" id="775654782" uid="1" user="OSMnx" lat="41.0828302" version="1" lon="29.0202756" visible="true" changeset="1" /><node timestamp="2025-04-21T00:18:25Z" id="775654784" uid="1" user="OSMnx" lat="41.0825957" version="1" lon="29.0203722" visible="true" changeset="1" /><node timestamp="2025-04-21T00:18:25Z" id="775654788" uid="1" user="OSMnx" lat="41.0821995" version="1" lon="29.0206511" visible="true" changeset="1" /><node timestamp="2025-04-21T00:18:25Z" id="775654789" uid="1" user="OSMnx" lat="41.0818194" version="1" lon="29.0208442" visible="true" changeset="1" /><node timestamp="2025-04-21T00:18:25Z" id="775654791" uid="1" user="OSMnx" lat="41.0817348" version="1" lon="29.0212196" visible="true" changeset="1" /><node timestamp="2025-04-21T00:18:25Z" id="775654795" uid="1" user="OSMnx" lat="41.0816661" version="1" lon="29.0215309" visible="true" changeset="1" /><node timestamp="2025-04-21T00:18:25Z" id="775654797" uid="1" user="OSMnx" lat="41.0815803" version="1" lon="29.0218306" visible="true" changeset="1" /><node timestamp="2025-04-21T00:18:25Z" id="775655268" uid="1" user="OSMnx" lat="41.0863318" version="1" lon="29.0197821" visible="true" changeset="1" /><node timestamp="2025-04-21T00:18:25Z" id="775655270" uid="1" user="OSMnx" lat="41.0856849" version="1" lon="29.019943" visible="true" changeset="1" /><node timestamp="2025-04-21T00:18:25Z" id="775655271" uid="1" user="OSMnx" lat="41.085321" version="1" lon="29.0199323" visible="true" changeset="1" /><node timestamp="2025-04-21T00:18:25Z" id="775655272" uid="1" user="OSMnx" lat="41.0847549" version="1" lon="29.0196963" visible="true" changeset="1" /><node timestamp="2025-04-21T00:18:25Z" id="775655273" uid="1" user="OSMnx" lat="41.0844476" version="1" lon="29.0196319" visible="true" changeset="1" /><node timestamp="2025-04-21T00:18:25Z" id="775655275" uid="1" user="OSMnx" lat="41.0840756" version="1" lon="29.0197606" visible="true" changeset="1" /><node timestamp="2025-04-21T00:18:25Z" id="775655279" uid="1" user="OSMnx" lat="41.088151" version="1" lon="29.017945" visible="true" changeset="1" /><node timestamp="2025-04-21T00:18:25Z" id="775655309" uid="1" user="OSMnx" lat="41.0880461" version="1" lon="29.0179796" visible="true" changeset="1" /><node timestamp="2025-04-21T00:18:25Z" id="775655311" uid="1" user="OSMnx" lat="41.0878035" version="1" lon="29.0180762" visible="true" changeset="1" /><node timestamp="2025-04-21T00:18:25Z" id="775655312" uid="1" user="OSMnx" lat="41.0850946" version="1" lon="29.0178938" visible="true" changeset="1" /><node timestamp="2025-04-21T00:18:25Z" id="775655313" uid="1" user="OSMnx" lat="41.0830809" version="1" lon="29.0174968" visible="true" changeset="1" /><node timestamp="2025-04-21T00:18:25Z" id="775655315" uid="1" user="OSMnx" lat="41.0829515" version="1" lon="29.0174539" visible="true" changeset="1" /><node timestamp="2025-04-21T00:18:25Z" id="775655317" uid="1" user="OSMnx" lat="41.0828936" version="1" lon="29.0173739" visible="true" changeset="1" /><node timestamp="2025-04-21T00:18:25Z" id="775655338" uid="1" user="OSMnx" lat="41.0868691" version="1" lon="29.0162674" visible="true" changeset="1" /><node timestamp="2025-04-21T00:18:25Z" id="775655379" uid="1" user="OSMnx" lat="41.0857577" version="1" lon="29.016263" visible="true" changeset="1" /><node timestamp="2025-04-21T00:18:25Z" id="775655380" uid="1" user="OSMnx" lat="41.0851107" version="1" lon="29.0161021" visible="true" changeset="1" /><node timestamp="2025-04-21T00:18:25Z" id="775655381" uid="1" user="OSMnx" lat="41.0837279" version="1" lon="29.0161987" visible="true" changeset="1" /><node timestamp="2025-04-21T00:18:25Z" id="775655382" uid="1" user="OSMnx" lat="41.0829479" version="1" lon="29.0162534" visible="true" changeset="1" /><node timestamp="2025-04-21T00:18:25Z" id="775655394" uid="1" user="OSMnx" lat="41.0856493" version="1" lon="29.0170437" visible="true" changeset="1" /><node timestamp="2025-04-21T00:18:25Z" id="775655459" uid="1" user="OSMnx" lat="41.0859113" version="1" lon="29.0164347" visible="true" changeset="1" /><node timestamp="2025-04-21T00:18:25Z" id="775655461" uid="1" user="OSMnx" lat="41.085968" version="1" lon="29.0162668" visible="true" changeset="1" /><node timestamp="2025-04-21T00:18:25Z" id="775655546" uid="1" user="OSMnx" lat="41.0852172" version="1" lon="29.0161971" visible="true" changeset="1" /><node timestamp="2025-04-21T00:18:25Z" id="775655547" uid="1" user="OSMnx" lat="41.0852347" version="1" lon="29.0163332" visible="true" changeset="1" /><node timestamp="2025-04-21T00:18:25Z" id="775655548" uid="1" user="OSMnx" lat="41.0852416" version="1" lon="29.0164705" visible="true" changeset="1" /><node timestamp="2025-04-21T00:18:25Z" id="775655549" uid="1" user="OSMnx" lat="41.0851107" version="1" lon="29.0167673" visible="true" changeset="1" /><node timestamp="2025-04-21T00:18:25Z" id="775655551" uid="1" user="OSMnx" lat="41.0849998" version="1" lon="29.0170052" visible="true" changeset="1" /><node timestamp="2025-04-21T00:18:25Z" id="775655552" uid="1" user="OSMnx" lat="41.0849247" version="1" lon="29.0172286" visible="true" changeset="1" /><node timestamp="2025-04-21T00:18:25Z" id="775655553" uid="1" user="OSMnx" lat="41.0849005" version="1" lon="29.0173466" visible="true" changeset="1" /><node timestamp="2025-04-21T00:18:25Z" id="775655554" uid="1" user="OSMnx" lat="41.0849328" version="1" lon="29.0176149" visible="true" changeset="1" /><node timestamp="2025-04-21T00:18:25Z" id="775655555" uid="1" user="OSMnx" lat="41.0849652" version="1" lon="29.0177007" visible="true" changeset="1" /><node timestamp="2025-04-21T00:18:25Z" id="775655557" uid="1" user="OSMnx" lat="41.0850392" version="1" lon="29.0178829" visible="true" changeset="1" /><node timestamp="2025-04-21T00:18:25Z" id="775655558" uid="1" user="OSMnx" lat="41.0850056" version="1" lon="29.0180762" visible="true" changeset="1" /><node timestamp="2025-04-21T00:18:25Z" id="775655559" uid="1" user="OSMnx" lat="41.0848843" version="1" lon="29.0185483" visible="true" changeset="1" /><node timestamp="2025-04-21T00:18:25Z" id="775655560" uid="1" user="OSMnx" lat="41.0845285" version="1" lon="29.018913" visible="true" changeset="1" /><node timestamp="2025-04-21T00:18:25Z" id="775655561" uid="1" user="OSMnx" lat="41.0842454" version="1" lon="29.019074" visible="true" changeset="1" /><node timestamp="2025-04-21T00:18:25Z" id="775655625" uid="1" user="OSMnx" lat="41.0839142" version="1" lon="29.0193827" visible="true" changeset="1" /><node timestamp="2025-04-21T00:18:25Z" id="775655630" uid="1" user="OSMnx" lat="41.086259" version="1" lon="29.0194158" visible="true" changeset="1" /><node timestamp="2025-04-21T00:18:25Z" id="775655631" uid="1" user="OSMnx" lat="41.0866472" version="1" lon="29.019546" visible="true" changeset="1" /><node timestamp="2025-04-21T00:18:25Z" id="775655633" uid="1" user="OSMnx" lat="41.0869221" version="1" lon="29.0195246" visible="true" changeset="1" /><node timestamp="2025-04-21T00:18:25Z" id="775655634" uid="1" user="OSMnx" lat="41.0874073" version="1" lon="29.0193958" visible="true" changeset="1" /><node timestamp="2025-04-21T00:18:25Z" id="775655635" uid="1" user="OSMnx" lat="41.0876187" version="1" lon="29.019374" visible="true" changeset="1" /><node timestamp="2025-04-21T00:18:25Z" id="775655646" uid="1" user="OSMnx" lat="41.086906" version="1" lon="29.0189774" visible="true" changeset="1" /><node timestamp="2025-04-21T00:18:25Z" id="775655647" uid="1" user="OSMnx" lat="41.0870515" version="1" lon="29.0188272" visible="true" changeset="1" /><node timestamp="2025-04-21T00:18:25Z" id="775655649" uid="1" user="OSMnx" lat="41.0871971" version="1" lon="29.0184732" visible="true" changeset="1" /><node timestamp="2025-04-21T00:18:25Z" id="775655650" uid="1" user="OSMnx" lat="41.0873244" version="1" lon="29.0181825" visible="true" changeset="1" /><node timestamp="2025-04-21T00:18:25Z" id="775656615" uid="1" user="OSMnx" lat="41.0840029" version="1" lon="29.0161794" visible="true" changeset="1" /><node timestamp="2025-04-21T00:18:25Z" id="775656616" uid="1" user="OSMnx" lat="41.0839867" version="1" lon="29.0163059" visible="true" changeset="1" /><node timestamp="2025-04-21T00:18:25Z" id="775656618" uid="1" user="OSMnx" lat="41.0837845" version="1" lon="29.0166385" visible="true" changeset="1" /><node timestamp="2025-04-21T00:18:25Z" id="775656619" uid="1" user="OSMnx" lat="41.0836065" version="1" lon="29.0169292" visible="true" changeset="1" /><node timestamp="2025-04-21T00:18:25Z" id="775656620" uid="1" user="OSMnx" lat="41.0837858" version="1" lon="29.0176358" visible="true" changeset="1" /><node timestamp="2025-04-21T00:18:25Z" id="962091105" uid="1" user="OSMnx" lat="41.0808323" version="1" lon="29.0213679" visible="true" changeset="1" /><node timestamp="2025-04-21T00:18:25Z" id="962091115" uid="1" user="OSMnx" lat="41.0807512" version="1" lon="29.0225041" visible="true" changeset="1" /><node timestamp="2025-04-21T00:18:25Z" id="1345662383" uid="1" user="OSMnx" lat="41.0758548" version="1" lon="29.0196224" visible="true" changeset="1" /><node timestamp="2025-04-21T00:18:25Z" id="1345663250" uid="1" user="OSMnx" lat="41.0759166" version="1" lon="29.0195451" visible="true" changeset="1" /><node timestamp="2025-04-21T00:18:25Z" id="1345664329" uid="1" user="OSMnx" lat="41.0762304" version="1" lon="29.0203142" visible="true" changeset="1" /><node timestamp="2025-04-21T00:18:25Z" id="1345771857" uid="1" user="OSMnx" lat="41.0764775" version="1" lon="29.0167038" visible="true" changeset="1" /><node timestamp="2025-04-21T00:18:25Z" id="1345775528" uid="1" user="OSMnx" lat="41.0778605" version="1" lon="29.0145569" visible="true" changeset="1" /><node timestamp="2025-04-21T00:18:25Z" id="1345775530" uid="1" user="OSMnx" lat="41.077689" version="1" lon="29.0146674" visible="true" changeset="1" /><node timestamp="2025-04-21T00:18:25Z" id="1345775532" uid="1" user="OSMnx" lat="41.0759794" version="1" lon="29.015713" visible="true" changeset="1" /><node timestamp="2025-04-21T00:18:25Z" id="1345775538" uid="1" user="OSMnx" lat="41.077038" version="1" lon="29.0150965" visible="true" changeset="1" /><node timestamp="2025-04-21T00:18:25Z" id="1345775540" uid="1" user="OSMnx" lat="41.0763316" version="1" lon="29.01549" visible="true" changeset="1" /><node timestamp="2025-04-21T00:18:25Z" id="1345779400" uid="1" user="OSMnx" lat="41.0778059" version="1" lon="29.0168386" visible="true" changeset="1" /><node timestamp="2025-04-21T00:18:25Z" id="1345779401" uid="1" user="OSMnx" lat="41.0767548" version="1" lon="29.0174394" visible="true" changeset="1" /><node timestamp="2025-04-21T00:18:25Z" id="1345779403" uid="1" user="OSMnx" lat="41.0758133" version="1" lon="29.0170949" visible="true" changeset="1" /><node timestamp="2025-04-21T00:18:25Z" id="1345779405" uid="1" user="OSMnx" lat="41.0777133" version="1" lon="29.0200101" visible="true" changeset="1" /><node timestamp="2025-04-21T00:18:25Z" id="1345779406" uid="1" user="OSMnx" lat="41.0766863" version="1" lon="29.0195659" visible="true" changeset="1" /><node timestamp="2025-04-21T00:18:25Z" id="1345779409" uid="1" user="OSMnx" lat="41.0789224" version="1" lon="29.0196453" visible="true" changeset="1" /><node timestamp="2025-04-21T00:18:25Z" id="1345779410" uid="1" user="OSMnx" lat="41.0761354" version="1" lon="29.0179949" visible="true" changeset="1" /><node timestamp="2025-04-21T00:18:25Z" id="1345781353" uid="1" user="OSMnx" lat="41.0783037" version="1" lon="29.0214531" visible="true" changeset="1" /><node timestamp="2025-04-21T00:18:25Z" id="1345781359" uid="1" user="OSMnx" lat="41.0792297" version="1" lon="29.0212546" visible="true" changeset="1" /><node timestamp="2025-04-21T00:18:25Z" id="1345781363" uid="1" user="OSMnx" lat="41.076942" version="1" lon="29.0220148" visible="true" changeset="1" /><node timestamp="2025-04-21T00:18:25Z" id="1345781866" uid="1" user="OSMnx" lat="41.0808659" version="1" lon="29.0213757" visible="true" changeset="1" /><node timestamp="2025-04-21T00:18:25Z" id="1345786053" uid="1" user="OSMnx" lat="41.0805115" version="1" lon="29.0177144" visible="true" changeset="1" /><node timestamp="2025-04-21T00:18:25Z" id="1345786055" uid="1" user="OSMnx" lat="41.079423" version="1" lon="29.0173295" visible="true" changeset="1" /><node timestamp="2025-04-21T00:18:25Z" id="1345786056" uid="1" user="OSMnx" lat="41.0808512" version="1" lon="29.0175641" visible="true" changeset="1" /><node timestamp="2025-04-21T00:18:25Z" id="1345786057" uid="1" user="OSMnx" lat="41.0794198" version="1" lon="29.0179182" visible="true" changeset="1" /><node timestamp="2025-04-21T00:18:25Z" id="1345786058" uid="1" user="OSMnx" lat="41.0790177" version="1" lon="29.0180665" visible="true" changeset="1" /><node timestamp="2025-04-21T00:18:25Z" id="1345786059" uid="1" user="OSMnx" lat="41.0818298" version="1" lon="29.0168936" visible="true" changeset="1" /><node timestamp="2025-04-21T00:18:25Z" id="1345786061" uid="1" user="OSMnx" lat="41.0794107" version="1" lon="29.0169921" visible="true" changeset="1" /><node timestamp="2025-04-21T00:18:25Z" id="1345787292" uid="1" user="OSMnx" lat="41.0803736" version="1" lon="29.017703" visible="true" changeset="1" /><node timestamp="2025-04-21T00:18:25Z" id="1345787293" uid="1" user="OSMnx" lat="41.0802726" version="1" lon="29.0186833" visible="true" changeset="1" /><node timestamp="2025-04-21T00:18:25Z" id="1345787294" uid="1" user="OSMnx" lat="41.079792" version="1" lon="29.0195181" visible="true" changeset="1" /><node timestamp="2025-04-21T00:18:25Z" id="1345787295" uid="1" user="OSMnx" lat="41.080048" version="1" lon="29.0145742" visible="true" changeset="1" /><node timestamp="2025-04-21T00:18:25Z" id="1345787296" uid="1" user="OSMnx" lat="41.0802785" version="1" lon="29.0180326" visible="true" changeset="1" /><node timestamp="2025-04-21T00:18:25Z" id="1345787297" uid="1" user="OSMnx" lat="41.0802689" version="1" lon="29.0190927" visible="true" changeset="1" /><node timestamp="2025-04-21T00:18:25Z" id="1345787298" uid="1" user="OSMnx" lat="41.0813728" version="1" lon="29.0183364" visible="true" changeset="1" /><node timestamp="2025-04-21T00:18:25Z" id="1345787299" uid="1" user="OSMnx" lat="41.083657" version="1" lon="29.016201" visible="true" changeset="1" /><node timestamp="2025-04-21T00:18:25Z" id="1345787300" uid="1" user="OSMnx" lat="41.0804292" version="1" lon="29.0146171" visible="true" changeset="1" /><node timestamp="2025-04-21T00:18:25Z" id="1345787301" uid="1" user="OSMnx" lat="41.081482" version="1" lon="29.0189374" visible="true" changeset="1" /><node timestamp="2025-04-21T00:18:25Z" id="1345787302" uid="1" user="OSMnx" lat="41.083342" version="1" lon="29.015531" visible="true" changeset="1" /><node timestamp="2025-04-21T00:18:25Z" id="1345787303" uid="1" user="OSMnx" lat="41.0829131" version="1" lon="29.0151704" visible="true" changeset="1" /><node timestamp="2025-04-21T00:18:25Z" id="1345787304" uid="1" user="OSMnx" lat="41.0797999" version="1" lon="29.0191142" visible="true" changeset="1" /><node timestamp="2025-04-21T00:18:25Z" id="1345787305" uid="1" user="OSMnx" lat="41.0827355" version="1" lon="29.015531" visible="true" changeset="1" /><node timestamp="2025-04-21T00:18:25Z" id="1345787306" uid="1" user="OSMnx" lat="41.079804" version="1" lon="29.0187034" visible="true" changeset="1" /><node timestamp="2025-04-21T00:18:25Z" id="1345787307" uid="1" user="OSMnx" lat="41.0814092" version="1" lon="29.0147049" visible="true" changeset="1" /><node timestamp="2025-04-21T00:18:25Z" id="1345788031" uid="1" user="OSMnx" lat="41.0813657" version="1" lon="29.0160751" visible="true" changeset="1" /><node timestamp="2025-04-21T00:18:25Z" id="1345788032" uid="1" user="OSMnx" lat="41.0808714" version="1" lon="29.0160299" visible="true" changeset="1" /><node timestamp="2025-04-21T00:18:25Z" id="1345788034" uid="1" user="OSMnx" lat="41.0809113" version="1" lon="29.0146749" visible="true" changeset="1" /><node timestamp="2025-04-21T00:18:25Z" id="1345788035" uid="1" user="OSMnx" lat="41.0818419" version="1" lon="29.0151448" visible="true" changeset="1" /><node timestamp="2025-04-21T00:18:25Z" id="1345788036" uid="1" user="OSMnx" lat="41.0804182" version="1" lon="29.0153227" visible="true" changeset="1" /><node timestamp="2025-04-21T00:18:25Z" id="1345788038" uid="1" user="OSMnx" lat="41.0822741" version="1" lon="29.0163719" visible="true" changeset="1" /><node timestamp="2025-04-21T00:18:25Z" id="1345788040" uid="1" user="OSMnx" lat="41.0813971" version="1" lon="29.0150214" visible="true" changeset="1" /><node timestamp="2025-04-21T00:18:25Z" id="1345788041" uid="1" user="OSMnx" lat="41.0818338" version="1" lon="29.0161533" visible="true" changeset="1" /><node timestamp="2025-04-21T00:18:25Z" id="1345788042" uid="1" user="OSMnx" lat="41.0818571" version="1" lon="29.014846" visible="true" changeset="1" /><node timestamp="2025-04-21T00:18:25Z" id="1345788899" uid="1" user="OSMnx" lat="41.079723" version="1" lon="29.0166415" visible="true" changeset="1" /><node timestamp="2025-04-21T00:18:25Z" id="1345788900" uid="1" user="OSMnx" lat="41.0794481" version="1" lon="29.0159387" visible="true" changeset="1" /><node timestamp="2025-04-21T00:18:25Z" id="1345788901" uid="1" user="OSMnx" lat="41.0790437" version="1" lon="29.0159119" visible="true" changeset="1" /><node timestamp="2025-04-21T00:18:25Z" id="1345788902" uid="1" user="OSMnx" lat="41.079444" version="1" lon="29.0166468" visible="true" changeset="1" /><node timestamp="2025-04-21T00:18:25Z" id="1345788903" uid="1" user="OSMnx" lat="41.0794721" version="1" lon="29.0152622" visible="true" changeset="1" /><node timestamp="2025-04-21T00:18:25Z" id="1345790061" uid="1" user="OSMnx" lat="41.0788131" version="1" lon="29.0128984" visible="true" changeset="1" /><node timestamp="2025-04-21T00:18:25Z" id="1345790063" uid="1" user="OSMnx" lat="41.0787804" version="1" lon="29.0129455" visible="true" changeset="1" /><node timestamp="2025-04-21T00:18:25Z" id="1345799096" uid="1" user="OSMnx" lat="41.0802801" version="1" lon="29.0126727" visible="true" changeset="1" /><node timestamp="2025-04-21T00:18:25Z" id="1650919804" uid="1" user="OSMnx" lat="41.0889826" version="1" lon="29.0189912" visible="true" changeset="1" /><node timestamp="2025-04-21T00:18:25Z" id="1650919872" uid="1" user="OSMnx" lat="41.0848428" version="1" lon="29.0122353" visible="true" changeset="1" /><node timestamp="2025-04-21T00:18:25Z" id="1650919910" uid="1" user="OSMnx" lat="41.0894476" version="1" lon="29.0196938" visible="true" changeset="1" /><node timestamp="2025-04-21T00:18:25Z" id="1650919955" uid="1" user="OSMnx" lat="41.0896336" version="1" lon="29.0199464" visible="true" changeset="1" /><node timestamp="2025-04-21T00:18:25Z" id="1650920021" uid="1" user="OSMnx" lat="41.0896993" version="1" lon="29.0200134" visible="true" changeset="1" /><node timestamp="2025-04-21T00:18:25Z" id="1650920038" uid="1" user="OSMnx" lat="41.0895542" version="1" lon="29.0198428" visible="true" changeset="1" /><node timestamp="2025-04-21T00:18:25Z" id="1650920039" uid="1" user="OSMnx" lat="41.0899606" version="1" lon="29.0200974" visible="true" changeset="1" /><node timestamp="2025-04-21T00:18:25Z" id="1650920066" uid="1" user="OSMnx" lat="41.0848368" version="1" lon="29.0123145" visible="true" changeset="1" /><node timestamp="2025-04-21T00:18:25Z" id="1672428789" uid="1" user="OSMnx" lat="41.0870983" version="1" lon="29.0172242" visible="true" changeset="1" /><node timestamp="2025-04-21T00:18:25Z" id="1672428791" uid="1" user="OSMnx" lat="41.0871944" version="1" lon="29.0167929" visible="true" changeset="1" /><node timestamp="2025-04-21T00:18:25Z" id="1672428792" uid="1" user="OSMnx" lat="41.0870521" version="1" lon="29.0170049" visible="true" changeset="1" /><node timestamp="2025-04-21T00:18:25Z" id="1672428794" uid="1" user="OSMnx" lat="41.087376" version="1" lon="29.0181856" visible="true" changeset="1" /><node timestamp="2025-04-21T00:18:25Z" id="1672428796" uid="1" user="OSMnx" lat="41.0870759" version="1" lon="29.016861" visible="true" changeset="1" /><node timestamp="2025-04-21T00:18:25Z" id="1672428801" uid="1" user="OSMnx" lat="41.0872978" version="1" lon="29.016886" visible="true" changeset="1" /><node timestamp="2025-04-21T00:18:25Z" id="1672428802" uid="1" user="OSMnx" lat="41.0872377" version="1" lon="29.0171251" visible="true" changeset="1" /><node timestamp="2025-04-21T00:18:25Z" id="1672428803" uid="1" user="OSMnx" lat="41.0873054" version="1" lon="29.0170249" visible="true" changeset="1" /><node timestamp="2025-04-21T00:18:25Z" id="1678894579" uid="1" user="OSMnx" lat="41.0852032" version="1" lon="29.0137996" visible="true" changeset="1" /><node timestamp="2025-04-21T00:18:25Z" id="1678894582" uid="1" user="OSMnx" lat="41.0876463" version="1" lon="29.0172904" visible="true" changeset="1" /><node timestamp="2025-04-21T00:18:25Z" id="1678894599" uid="1" user="OSMnx" lat="41.0852962" version="1" lon="29.0141734" visible="true" changeset="1" /><node timestamp="2025-04-21T00:18:25Z" id="1678894659" uid="1" user="OSMnx" lat="41.086151" version="1" lon="29.0153701" visible="true" changeset="1" /><node timestamp="2025-04-21T00:18:25Z" id="1678894661" uid="1" user="OSMnx" lat="41.0858693" version="1" lon="29.0150427" visible="true" changeset="1" /><node timestamp="2025-04-21T00:18:25Z" id="1678894665" uid="1" user="OSMnx" lat="41.0864765" version="1" lon="29.0157644" visible="true" changeset="1" /><node timestamp="2025-04-21T00:18:25Z" id="1678894683" uid="1" user="OSMnx" lat="41.0869512" version="1" lon="29.0163625" visible="true" changeset="1" /><node timestamp="2025-04-21T00:18:25Z" id="1678894685" uid="1" user="OSMnx" lat="41.0850956" version="1" lon="29.0134134" visible="true" changeset="1" /><node timestamp="2025-04-21T00:18:25Z" id="1678894695" uid="1" user="OSMnx" lat="41.0897432" version="1" lon="29.0197318" visible="true" changeset="1" /><node timestamp="2025-04-21T00:18:25Z" id="1678894712" uid="1" user="OSMnx" lat="41.0887225" version="1" lon="29.0186746" visible="true" changeset="1" /><node timestamp="2025-04-21T00:18:25Z" id="1678894716" uid="1" user="OSMnx" lat="41.0855809" version="1" lon="29.0147156" visible="true" changeset="1" /><node timestamp="2025-04-21T00:18:25Z" id="1678894720" uid="1" user="OSMnx" lat="41.0848879" version="1" lon="29.0126459" visible="true" changeset="1" /><node timestamp="2025-04-21T00:18:25Z" id="1678894728" uid="1" user="OSMnx" lat="41.0891981" version="1" lon="29.0192486" visible="true" changeset="1" /><node timestamp="2025-04-21T00:18:25Z" id="1678894739" uid="1" user="OSMnx" lat="41.087802" version="1" lon="29.0174862" visible="true" changeset="1" /><node timestamp="2025-04-21T00:18:25Z" id="1678894766" uid="1" user="OSMnx" lat="41.0884597" version="1" lon="29.0183205" visible="true" changeset="1" /><node timestamp="2025-04-21T00:18:25Z" id="1678904510" uid="1" user="OSMnx" lat="41.0870967" version="1" lon="29.0168323" visible="true" changeset="1" /><node timestamp="2025-04-21T00:18:25Z" id="1678904512" uid="1" user="OSMnx" lat="41.0837526" version="1" lon="29.0192431" visible="true" changeset="1" /><node timestamp="2025-04-21T00:18:25Z" id="1678904514" uid="1" user="OSMnx" lat="41.0870944" version="1" lon="29.0170993" visible="true" changeset="1" /><node timestamp="2025-04-21T00:18:25Z" id="1678904517" uid="1" user="OSMnx" lat="41.0871402" version="1" lon="29.0171336" visible="true" changeset="1" /><node timestamp="2025-04-21T00:18:25Z" id="1678904518" uid="1" user="OSMnx" lat="41.0870492" version="1" lon="29.0169559" visible="true" changeset="1" /><node timestamp="2025-04-21T00:18:25Z" id="1678904521" uid="1" user="OSMnx" lat="41.0872846" version="1" lon="29.0168588" visible="true" changeset="1" /><node timestamp="2025-04-21T00:18:25Z" id="1678904523" uid="1" user="OSMnx" lat="41.0873123" version="1" lon="29.0169834" visible="true" changeset="1" /><node timestamp="2025-04-21T00:18:25Z" id="1678904525" uid="1" user="OSMnx" lat="41.0871443" version="1" lon="29.0167989" visible="true" changeset="1" /><node timestamp="2025-04-21T00:18:25Z" id="1678904528" uid="1" user="OSMnx" lat="41.0840768" version="1" lon="29.0191252" visible="true" changeset="1" /><node timestamp="2025-04-21T00:18:25Z" id="1678904529" uid="1" user="OSMnx" lat="41.0867366" version="1" lon="29.0178349" visible="true" changeset="1" /><node timestamp="2025-04-21T00:18:25Z" id="1678904537" uid="1" user="OSMnx" lat="41.0870602" version="1" lon="29.0170379" visible="true" changeset="1" /><node timestamp="2025-04-21T00:18:25Z" id="1678904538" uid="1" user="OSMnx" lat="41.0872071" version="1" lon="29.0171387" visible="true" changeset="1" /><node timestamp="2025-04-21T00:18:25Z" id="1678904539" uid="1" user="OSMnx" lat="41.0872259" version="1" lon="29.0168025" visible="true" changeset="1" /><node timestamp="2025-04-21T00:18:25Z" id="1678904541" uid="1" user="OSMnx" lat="41.0839103" version="1" lon="29.0191599" visible="true" changeset="1" /><node timestamp="2025-04-21T00:18:25Z" id="1678904543" uid="1" user="OSMnx" lat="41.0837574" version="1" lon="29.0192056" visible="true" changeset="1" /><node timestamp="2025-04-21T00:18:25Z" id="1678904544" uid="1" user="OSMnx" lat="41.0872945" version="1" lon="29.017056" visible="true" changeset="1" /><node timestamp="2025-04-21T00:18:25Z" id="1678904546" uid="1" user="OSMnx" lat="41.0866504" version="1" lon="29.0175132" visible="true" changeset="1" /><node timestamp="2025-04-21T00:18:25Z" id="1678904548" uid="1" user="OSMnx" lat="41.0865371" version="1" lon="29.017147" visible="true" changeset="1" /><node timestamp="2025-04-21T00:18:25Z" id="1678904550" uid="1" user="OSMnx" lat="41.086585" version="1" lon="29.0172877" visible="true" changeset="1" /><node timestamp="2025-04-21T00:18:25Z" id="1678904564" uid="1" user="OSMnx" lat="41.0870619" version="1" lon="29.0168916" visible="true" changeset="1" /><node timestamp="2025-04-21T00:18:25Z" id="1678904566" uid="1" user="OSMnx" lat="41.086802" version="1" lon="29.0181149" visible="true" changeset="1" /><node timestamp="2025-04-21T00:18:25Z" id="1678904570" uid="1" user="OSMnx" lat="41.0873063" version="1" lon="29.0169128" visible="true" changeset="1" /><node timestamp="2025-04-21T00:18:25Z" id="1678904571" uid="1" user="OSMnx" lat="41.0871642" version="1" lon="29.0167934" visible="true" changeset="1" /><node timestamp="2025-04-21T00:18:25Z" id="1678904573" uid="1" user="OSMnx" lat="41.0837769" version="1" lon="29.0193074" visible="true" changeset="1" /><node timestamp="2025-04-21T00:18:25Z" id="1678904574" uid="1" user="OSMnx" lat="41.083814" version="1" lon="29.0191815" visible="true" changeset="1" /><node timestamp="2025-04-21T00:18:25Z" id="1719551897" uid="1" user="OSMnx" lat="41.0855094" version="1" lon="29.0192056" visible="true" changeset="1" /><node timestamp="2025-04-21T00:18:25Z" id="1719551899" uid="1" user="OSMnx" lat="41.0859542" version="1" lon="29.0187228" visible="true" changeset="1" /><node timestamp="2025-04-21T00:18:25Z" id="1719551900" uid="1" user="OSMnx" lat="41.0857601" version="1" lon="29.0189589" visible="true" changeset="1" /><node timestamp="2025-04-21T00:18:25Z" id="1719551902" uid="1" user="OSMnx" lat="41.0852692" version="1" lon="29.0194444" visible="true" changeset="1" /><node timestamp="2025-04-21T00:18:25Z" id="1719551904" uid="1" user="OSMnx" lat="41.0861834" version="1" lon="29.0180348" visible="true" changeset="1" /><node timestamp="2025-04-21T00:18:25Z" id="1719551906" uid="1" user="OSMnx" lat="41.0860997" version="1" lon="29.0184492" visible="true" changeset="1" /><node timestamp="2025-04-21T00:18:25Z" id="1749611355" uid="1" user="OSMnx" lat="41.0753505" version="1" lon="29.0173937" visible="true" changeset="1" /><node timestamp="2025-04-21T00:18:25Z" id="1749611356" uid="1" user="OSMnx" lat="41.0763392" version="1" lon="29.020591" visible="true" changeset="1" /><node timestamp="2025-04-21T00:18:25Z" id="1749621021" uid="1" user="OSMnx" lat="41.0789369" version="1" lon="29.0151751" visible="true" changeset="1" /><node timestamp="2025-04-21T00:18:25Z" id="1749621022" uid="1" user="OSMnx" lat="41.0795573" version="1" lon="29.0147732" visible="true" changeset="1" /><node timestamp="2025-04-21T00:18:25Z" id="1749621023" uid="1" user="OSMnx" lat="41.0808875" version="1" lon="29.0153624" visible="true" changeset="1" /><node timestamp="2025-04-21T00:18:25Z" id="1749621024" uid="1" user="OSMnx" lat="41.0830671" version="1" lon="29.0171347" visible="true" changeset="1" /><node timestamp="2025-04-21T00:18:25Z" id="1749621025" uid="1" user="OSMnx" lat="41.0818391" version="1" lon="29.0154963" visible="true" changeset="1" /><node timestamp="2025-04-21T00:18:25Z" id="1749621026" uid="1" user="OSMnx" lat="41.0828043" version="1" lon="29.0159867" visible="true" changeset="1" /><node timestamp="2025-04-21T00:18:25Z" id="1749621027" uid="1" user="OSMnx" lat="41.0813762" version="1" lon="29.0154159" visible="true" changeset="1" /><node timestamp="2025-04-21T00:18:25Z" id="1749621029" uid="1" user="OSMnx" lat="41.0783167" version="1" lon="29.0216923" visible="true" changeset="1" /><node timestamp="2025-04-21T00:18:25Z" id="1749621030" uid="1" user="OSMnx" lat="41.0822342" version="1" lon="29.0156166" visible="true" changeset="1" /><node timestamp="2025-04-21T00:18:25Z" id="1749621031" uid="1" user="OSMnx" lat="41.083059" version="1" lon="29.0165607" visible="true" changeset="1" /><node timestamp="2025-04-21T00:18:25Z" id="1749621036" uid="1" user="OSMnx" lat="41.0777754" version="1" lon="29.0216434" visible="true" changeset="1" /><node timestamp="2025-04-21T00:18:25Z" id="1749644324" uid="1" user="OSMnx" lat="41.0794435" version="1" lon="29.0163148" visible="true" changeset="1" /><node timestamp="2025-04-21T00:18:25Z" id="1749646976" uid="1" user="OSMnx" lat="41.0798082" version="1" lon="29.0183526" visible="true" changeset="1" /><node timestamp="2025-04-21T00:18:25Z" id="1749646977" uid="1" user="OSMnx" lat="41.0799083" version="1" lon="29.0179797" visible="true" changeset="1" /><node timestamp="2025-04-21T00:18:25Z" id="1749646978" uid="1" user="OSMnx" lat="41.0798168" version="1" lon="29.0179682" visible="true" changeset="1" /><node timestamp="2025-04-21T00:18:25Z" id="1749649539" uid="1" user="OSMnx" lat="41.0808253" version="1" lon="29.0186598" visible="true" changeset="1" /><node timestamp="2025-04-21T00:18:25Z" id="1749649541" uid="1" user="OSMnx" lat="41.080965" version="1" lon="29.0195932" visible="true" changeset="1" /><node timestamp="2025-04-21T00:18:25Z" id="1749649543" uid="1" user="OSMnx" lat="41.0807138" version="1" lon="29.0180253" visible="true" changeset="1" /><node timestamp="2025-04-21T00:18:25Z" id="1749649544" uid="1" user="OSMnx" lat="41.0811834" version="1" lon="29.0177654" visible="true" changeset="1" /><node timestamp="2025-04-21T00:18:25Z" id="1749652818" uid="1" user="OSMnx" lat="41.0819841" version="1" lon="29.0185813" visible="true" changeset="1" /><node timestamp="2025-04-21T00:18:25Z" id="1749652819" uid="1" user="OSMnx" lat="41.084452" version="1" lon="29.0178088" visible="true" changeset="1" /><node timestamp="2025-04-21T00:18:25Z" id="1749652821" uid="1" user="OSMnx" lat="41.0841467" version="1" lon="29.0183418" visible="true" changeset="1" /><node timestamp="2025-04-21T00:18:25Z" id="1749652822" uid="1" user="OSMnx" lat="41.0830348" version="1" lon="29.0181863" visible="true" changeset="1" /><node timestamp="2025-04-21T00:18:25Z" id="1749652823" uid="1" user="OSMnx" lat="41.0844187" version="1" lon="29.0161504" visible="true" changeset="1" /><node timestamp="2025-04-21T00:18:25Z" id="1749652824" uid="1" user="OSMnx" lat="41.0836615" version="1" lon="29.0184169" visible="true" changeset="1" /><node timestamp="2025-04-21T00:18:25Z" id="1749652825" uid="1" user="OSMnx" lat="41.0827527" version="1" lon="29.0183311" visible="true" changeset="1" /><node timestamp="2025-04-21T00:18:25Z" id="1749652827" uid="1" user="OSMnx" lat="41.0822231" version="1" lon="29.0193227" visible="true" changeset="1" /><node timestamp="2025-04-21T00:18:25Z" id="1749652828" uid="1" user="OSMnx" lat="41.0820199" version="1" lon="29.0172153" visible="true" changeset="1" /><node timestamp="2025-04-21T00:18:25Z" id="1749652830" uid="1" user="OSMnx" lat="41.0843196" version="1" lon="29.0182587" visible="true" changeset="1" /><node timestamp="2025-04-21T00:18:25Z" id="1749652831" uid="1" user="OSMnx" lat="41.0844135" version="1" lon="29.0180777" visible="true" changeset="1" /><node timestamp="2025-04-21T00:18:25Z" id="1749652832" uid="1" user="OSMnx" lat="41.0822258" version="1" lon="29.0177653" visible="true" changeset="1" /><node timestamp="2025-04-21T00:18:25Z" id="1749652834" uid="1" user="OSMnx" lat="41.0818233" version="1" lon="29.0181252" visible="true" changeset="1" /><node timestamp="2025-04-21T00:18:25Z" id="1749652835" uid="1" user="OSMnx" lat="41.0842761" version="1" lon="29.0158315" visible="true" changeset="1" /><node timestamp="2025-04-21T00:18:25Z" id="1749652837" uid="1" user="OSMnx" lat="41.0815953" version="1" lon="29.0174782" visible="true" changeset="1" /><node timestamp="2025-04-21T00:18:25Z" id="1749652838" uid="1" user="OSMnx" lat="41.0825075" version="1" lon="29.0184849" visible="true" changeset="1" /><node timestamp="2025-04-21T00:18:25Z" id="1749652840" uid="1" user="OSMnx" lat="41.0840456" version="1" lon="29.0156116" visible="true" changeset="1" /><node timestamp="2025-04-21T00:18:25Z" id="1749652841" uid="1" user="OSMnx" lat="41.0827848" version="1" lon="29.0194215" visible="true" changeset="1" /><node timestamp="2025-04-21T00:18:25Z" id="1749652842" uid="1" user="OSMnx" lat="41.0833754" version="1" lon="29.0183244" visible="true" changeset="1" /><node timestamp="2025-04-21T00:18:25Z" id="1749652844" uid="1" user="OSMnx" lat="41.0822008" version="1" lon="29.0185966" visible="true" changeset="1" /><node timestamp="2025-04-21T00:18:25Z" id="1749652845" uid="1" user="OSMnx" lat="41.083896" version="1" lon="29.0184008" visible="true" changeset="1" /><node timestamp="2025-04-21T00:18:25Z" id="1749652847" uid="1" user="OSMnx" lat="41.0839648" version="1" lon="29.015617" visible="true" changeset="1" /><node timestamp="2025-04-21T00:18:25Z" id="1749652848" uid="1" user="OSMnx" lat="41.0838879" version="1" lon="29.0157028" visible="true" changeset="1" /><node timestamp="2025-04-21T00:18:25Z" id="1749652849" uid="1" user="OSMnx" lat="41.0817004" version="1" lon="29.0177678" visible="true" changeset="1" /><node timestamp="2025-04-21T00:18:25Z" id="1749655626" uid="1" user="OSMnx" lat="41.0841346" version="1" lon="29.0152141" visible="true" changeset="1" /><node timestamp="2025-04-21T00:18:25Z" id="1749655628" uid="1" user="OSMnx" lat="41.0847862" version="1" lon="29.0161247" visible="true" changeset="1" /><node timestamp="2025-04-21T00:18:25Z" id="1749655630" uid="1" user="OSMnx" lat="41.0835847" version="1" lon="29.0147426" visible="true" changeset="1" /><node timestamp="2025-04-21T00:18:25Z" id="1749655632" uid="1" user="OSMnx" lat="41.0842761" version="1" lon="29.0172421" visible="true" changeset="1" /><node timestamp="2025-04-21T00:18:25Z" id="1749655634" uid="1" user="OSMnx" lat="41.0842927" version="1" lon="29.0169663" visible="true" changeset="1" /><node timestamp="2025-04-21T00:18:25Z" id="1749655635" uid="1" user="OSMnx" lat="41.0846077" version="1" lon="29.0164214" visible="true" changeset="1" /><node timestamp="2025-04-21T00:18:25Z" id="1749656269" uid="1" user="OSMnx" lat="41.0856313" version="1" lon="29.0179633" visible="true" changeset="1" /><node timestamp="2025-04-21T00:18:25Z" id="1749656270" uid="1" user="OSMnx" lat="41.0853929" version="1" lon="29.0170285" visible="true" changeset="1" /><node timestamp="2025-04-21T00:18:25Z" id="1749658497" uid="1" user="OSMnx" lat="41.0847411" version="1" lon="29.0148767" visible="true" changeset="1" /><node timestamp="2025-04-21T00:18:25Z" id="1749658499" uid="1" user="OSMnx" lat="41.0864595" version="1" lon="29.0165823" visible="true" changeset="1" /><node timestamp="2025-04-21T00:18:25Z" id="1749658501" uid="1" user="OSMnx" lat="41.0853921" version="1" lon="29.0154668" visible="true" changeset="1" /><node timestamp="2025-04-21T00:18:25Z" id="1749658503" uid="1" user="OSMnx" lat="41.0862209" version="1" lon="29.0171102" visible="true" changeset="1" /><node timestamp="2025-04-21T00:18:25Z" id="1749658505" uid="1" user="OSMnx" lat="41.0858085" version="1" lon="29.0159174" visible="true" changeset="1" /><node timestamp="2025-04-21T00:18:25Z" id="1749658507" uid="1" user="OSMnx" lat="41.0865936" version="1" lon="29.0162779" visible="true" changeset="1" /><node timestamp="2025-04-21T00:18:25Z" id="1749687458" uid="1" user="OSMnx" lat="41.0859747" version="1" lon="29.0170816" visible="true" changeset="1" /><node timestamp="2025-04-21T00:18:25Z" id="1749687466" uid="1" user="OSMnx" lat="41.0864886" version="1" lon="29.0180743" visible="true" changeset="1" /><node timestamp="2025-04-21T00:18:25Z" id="1749698827" uid="1" user="OSMnx" lat="41.0864309" version="1" lon="29.0194762" visible="true" changeset="1" /><node timestamp="2025-04-21T00:18:25Z" id="1749698832" uid="1" user="OSMnx" lat="41.0865048" version="1" lon="29.0192626" visible="true" changeset="1" /><node timestamp="2025-04-21T00:18:25Z" id="1749698836" uid="1" user="OSMnx" lat="41.0845025" version="1" lon="29.019463" visible="true" changeset="1" /><node timestamp="2025-04-21T00:18:25Z" id="1749698838" uid="1" user="OSMnx" lat="41.0864595" version="1" lon="29.0193879" visible="true" changeset="1" /><node timestamp="2025-04-21T00:18:25Z" id="1749698840" uid="1" user="OSMnx" lat="41.0850161" version="1" lon="29.0195005" visible="true" changeset="1" /><node timestamp="2025-04-21T00:18:25Z" id="1749720314" uid="1" user="OSMnx" lat="41.0799579" version="1" lon="29.0148712" visible="true" changeset="1" /><node timestamp="2025-04-21T00:18:25Z" id="1749720316" uid="1" user="OSMnx" lat="41.0799742" version="1" lon="29.0145951" visible="true" changeset="1" /><node timestamp="2025-04-21T00:18:25Z" id="1749720318" uid="1" user="OSMnx" lat="41.0798699" version="1" lon="29.015979" visible="true" changeset="1" /><node timestamp="2025-04-21T00:18:25Z" id="1749720319" uid="1" user="OSMnx" lat="41.0799385" version="1" lon="29.015292" visible="true" changeset="1" /><node timestamp="2025-04-21T00:18:25Z" id="1749720320" uid="1" user="OSMnx" lat="41.0807999" version="1" lon="29.0166886" visible="true" changeset="1" /><node timestamp="2025-04-21T00:18:25Z" id="1749720321" uid="1" user="OSMnx" lat="41.0799011" version="1" lon="29.0156697" visible="true" changeset="1" /><node timestamp="2025-04-21T00:18:25Z" id="1749720322" uid="1" user="OSMnx" lat="41.0823685" version="1" lon="29.0150021" visible="true" changeset="1" /><node timestamp="2025-04-21T00:18:25Z" id="1749720323" uid="1" user="OSMnx" lat="41.0808311" version="1" lon="29.0160297" visible="true" changeset="1" /><node timestamp="2025-04-21T00:18:25Z" id="1749721611" uid="1" user="OSMnx" lat="41.0836454" version="1" lon="29.0129883" visible="true" changeset="1" /><node timestamp="2025-04-21T00:18:25Z" id="1749721612" uid="1" user="OSMnx" lat="41.0824041" version="1" lon="29.0140236" visible="true" changeset="1" /><node timestamp="2025-04-21T00:18:25Z" id="1749721614" uid="1" user="OSMnx" lat="41.0830914" version="1" lon="29.0135516" visible="true" changeset="1" /><node timestamp="2025-04-21T00:18:25Z" id="1749721616" uid="1" user="OSMnx" lat="41.0827882" version="1" lon="29.0137286" visible="true" changeset="1" /><node timestamp="2025-04-21T00:18:25Z" id="1749721617" uid="1" user="OSMnx" lat="41.0821291" version="1" lon="29.0139915" visible="true" changeset="1" /><node timestamp="2025-04-21T00:18:25Z" id="1749721619" uid="1" user="OSMnx" lat="41.0838476" version="1" lon="29.0126021" visible="true" changeset="1" /><node timestamp="2025-04-21T00:18:25Z" id="1749721621" uid="1" user="OSMnx" lat="41.0824445" version="1" lon="29.0138895" visible="true" changeset="1" /><node timestamp="2025-04-21T00:18:25Z" id="1749721622" uid="1" user="OSMnx" lat="41.0840144" version="1" lon="29.0122685" visible="true" changeset="1" /><node timestamp="2025-04-21T00:18:25Z" id="1749721623" uid="1" user="OSMnx" lat="41.0824485" version="1" lon="29.0141256" visible="true" changeset="1" /><node timestamp="2025-04-21T00:18:25Z" id="1749721624" uid="1" user="OSMnx" lat="41.0833919" version="1" lon="29.0132699" visible="true" changeset="1" /><node timestamp="2025-04-21T00:18:25Z" id="1749723509" uid="1" user="OSMnx" lat="41.0849474" version="1" lon="29.0135087" visible="true" changeset="1" /><node timestamp="2025-04-21T00:18:25Z" id="1749723510" uid="1" user="OSMnx" lat="41.0845349" version="1" lon="29.0126396" visible="true" changeset="1" /><node timestamp="2025-04-21T00:18:25Z" id="1749723511" uid="1" user="OSMnx" lat="41.0850343" version="1" lon="29.013202" visible="true" changeset="1" /><node timestamp="2025-04-21T00:18:25Z" id="1749723512" uid="1" user="OSMnx" lat="41.0844108" version="1" lon="29.0130017" visible="true" changeset="1" /><node timestamp="2025-04-21T00:18:25Z" id="1749723513" uid="1" user="OSMnx" lat="41.0834756" version="1" lon="29.0140987" visible="true" changeset="1" /><node timestamp="2025-04-21T00:18:25Z" id="1749723514" uid="1" user="OSMnx" lat="41.0837424" version="1" lon="29.0143026" visible="true" changeset="1" /><node timestamp="2025-04-21T00:18:25Z" id="1749723516" uid="1" user="OSMnx" lat="41.0842074" version="1" lon="29.0133638" visible="true" changeset="1" /><node timestamp="2025-04-21T00:18:25Z" id="1749723518" uid="1" user="OSMnx" lat="41.0848382" version="1" lon="29.013691" visible="true" changeset="1" /><node timestamp="2025-04-21T00:18:25Z" id="1749723520" uid="1" user="OSMnx" lat="41.0850099" version="1" lon="29.0134346" visible="true" changeset="1" /><node timestamp="2025-04-21T00:18:25Z" id="1749723531" uid="1" user="OSMnx" lat="41.0846846" version="1" lon="29.013852" visible="true" changeset="1" /><node timestamp="2025-04-21T00:18:25Z" id="1749723533" uid="1" user="OSMnx" lat="41.083977" version="1" lon="29.0136374" visible="true" changeset="1" /><node timestamp="2025-04-21T00:18:25Z" id="1749723535" uid="1" user="OSMnx" lat="41.0845066" version="1" lon="29.0140451" visible="true" changeset="1" /><node timestamp="2025-04-21T00:18:25Z" id="1749723536" uid="1" user="OSMnx" lat="41.0849999" version="1" lon="29.0133585" visible="true" changeset="1" /><node timestamp="2025-04-21T00:18:25Z" id="1749723537" uid="1" user="OSMnx" lat="41.0841266" version="1" lon="29.0142758" visible="true" changeset="1" /><node timestamp="2025-04-21T00:18:25Z" id="1749723538" uid="1" user="OSMnx" lat="41.0839284" version="1" lon="29.014308" visible="true" changeset="1" /><node timestamp="2025-04-21T00:18:25Z" id="1749723539" uid="1" user="OSMnx" lat="41.0849701" version="1" lon="29.0134732" visible="true" changeset="1" /><node timestamp="2025-04-21T00:18:25Z" id="1749723540" uid="1" user="OSMnx" lat="41.0843207" version="1" lon="29.0141685" visible="true" changeset="1" /><node timestamp="2025-04-21T00:18:25Z" id="1749723541" uid="1" user="OSMnx" lat="41.0836697" version="1" lon="29.013911" visible="true" changeset="1" /><node timestamp="2025-04-21T00:18:25Z" id="1749726741" uid="1" user="OSMnx" lat="41.0847387" version="1" lon="29.0144512" visible="true" changeset="1" /><node timestamp="2025-04-21T00:18:25Z" id="1749726742" uid="1" user="OSMnx" lat="41.0853441" version="1" lon="29.0145071" visible="true" changeset="1"><tag k="highway" v="crossing" /></node><node timestamp="2025-04-21T00:18:25Z" id="1749726743" uid="1" user="OSMnx" lat="41.0822464" version="1" lon="29.0141309" visible="true" changeset="1" /><node timestamp="2025-04-21T00:18:25Z" id="1749726744" uid="1" user="OSMnx" lat="41.0795282" version="1" lon="29.0140677" visible="true" changeset="1" /><node timestamp="2025-04-21T00:18:25Z" id="1749726745" uid="1" user="OSMnx" lat="41.0837263" version="1" lon="29.0144099" visible="true" changeset="1" /><node timestamp="2025-04-21T00:18:25Z" id="1749726746" uid="1" user="OSMnx" lat="41.084536" version="1" lon="29.0144382" visible="true" changeset="1" /><node timestamp="2025-04-21T00:18:25Z" id="1749726747" uid="1" user="OSMnx" lat="41.0831319" version="1" lon="29.0143348" visible="true" changeset="1" /><node timestamp="2025-04-21T00:18:25Z" id="1749726748" uid="1" user="OSMnx" lat="41.0795341" version="1" lon="29.0140105" visible="true" changeset="1" /><node timestamp="2025-04-21T00:18:25Z" id="1749726749" uid="1" user="OSMnx" lat="41.0796152" version="1" lon="29.0143978" visible="true" changeset="1" /><node timestamp="2025-04-21T00:18:25Z" id="1749726750" uid="1" user="OSMnx" lat="41.0803904" version="1" lon="29.0144474" visible="true" changeset="1" /><node timestamp="2025-04-21T00:18:25Z" id="1749730543" uid="1" user="OSMnx" lat="41.0762764" version="1" lon="29.0183615" visible="true" changeset="1" /><node timestamp="2025-04-21T00:18:25Z" id="1749730545" uid="1" user="OSMnx" lat="41.075586" version="1" lon="29.0187332" visible="true" changeset="1" /><node timestamp="2025-04-21T00:18:25Z" id="1749730547" uid="1" user="OSMnx" lat="41.0754402" version="1" lon="29.0184073" visible="true" changeset="1" /><node timestamp="2025-04-21T00:18:25Z" id="1749730549" uid="1" user="OSMnx" lat="41.0760147" version="1" lon="29.0176458" visible="true" changeset="1" /><node timestamp="2025-04-21T00:18:25Z" id="1749730551" uid="1" user="OSMnx" lat="41.0752937" version="1" lon="29.0180865" visible="true" changeset="1" /><node timestamp="2025-04-21T00:18:25Z" id="1758199207" uid="1" user="OSMnx" lat="41.0898714" version="1" lon="29.0200867" visible="true" changeset="1" /><node timestamp="2025-04-21T00:18:25Z" id="1759577443" uid="1" user="OSMnx" lat="41.0832958" version="1" lon="29.0144286" visible="true" changeset="1" /><node timestamp="2025-04-21T00:18:25Z" id="1759577444" uid="1" user="OSMnx" lat="41.0834647" version="1" lon="29.0142807" visible="true" changeset="1" /><node timestamp="2025-04-21T00:18:25Z" id="1759577445" uid="1" user="OSMnx" lat="41.0833738" version="1" lon="29.0144733" visible="true" changeset="1" /><node timestamp="2025-04-21T00:18:25Z" id="1759577446" uid="1" user="OSMnx" lat="41.0832697" version="1" lon="29.0143478" visible="true" changeset="1" /><node timestamp="2025-04-21T00:18:25Z" id="1759577447" uid="1" user="OSMnx" lat="41.083339" version="1" lon="29.014209" visible="true" changeset="1" /><node timestamp="2025-04-21T00:18:25Z" id="1759577448" uid="1" user="OSMnx" lat="41.0834632" version="1" lon="29.0143986" visible="true" changeset="1" /><node timestamp="2025-04-21T00:18:25Z" id="1759577449" uid="1" user="OSMnx" lat="41.0834153" version="1" lon="29.0142147" visible="true" changeset="1" /><node timestamp="2025-04-21T00:18:25Z" id="1759577450" uid="1" user="OSMnx" lat="41.0834419" version="1" lon="29.0144364" visible="true" changeset="1" /><node timestamp="2025-04-21T00:18:25Z" id="1759577451" uid="1" user="OSMnx" lat="41.0834738" version="1" lon="29.0143263" visible="true" changeset="1" /><node timestamp="2025-04-21T00:18:25Z" id="1759577452" uid="1" user="OSMnx" lat="41.08329" version="1" lon="29.014256" visible="true" changeset="1" /><node timestamp="2025-04-21T00:18:25Z" id="1762465371" uid="1" user="OSMnx" lat="41.0811927" version="1" lon="29.0221889" visible="true" changeset="1" /><node timestamp="2025-04-21T00:18:25Z" id="1762467234" uid="1" user="OSMnx" lat="41.0809486" version="1" lon="29.0223527" visible="true" changeset="1" /><node timestamp="2025-04-21T00:18:25Z" id="1926265319" uid="1" user="OSMnx" lat="41.0761461" version="1" lon="29.0202675" visible="true" changeset="1" /><node timestamp="2025-04-21T00:18:25Z" id="1926265347" uid="1" user="OSMnx" lat="41.0788804" version="1" lon="29.0130787" visible="true" changeset="1" /><node timestamp="2025-04-21T00:18:25Z" id="1926265358" uid="1" user="OSMnx" lat="41.0793472" version="1" lon="29.0139187" visible="true" changeset="1" /><node timestamp="2025-04-21T00:18:25Z" id="1926265388" uid="1" user="OSMnx" lat="41.0795167" version="1" lon="29.0139438" visible="true" changeset="1" /><node timestamp="2025-04-21T00:18:25Z" id="1926265472" uid="1" user="OSMnx" lat="41.078909" version="1" lon="29.0129472" visible="true" changeset="1"><tag k="highway" v="crossing" /></node><node timestamp="2025-04-21T00:18:25Z" id="1926265529" uid="1" user="OSMnx" lat="41.0794064" version="1" lon="29.0139506" visible="true" changeset="1" /><node timestamp="2025-04-21T00:18:25Z" id="1926265573" uid="1" user="OSMnx" lat="41.0787935" version="1" lon="29.0129089" visible="true" changeset="1" /><node timestamp="2025-04-21T00:18:25Z" id="2261060325" uid="1" user="OSMnx" lat="41.0786514" version="1" lon="29.0131123" visible="true" changeset="1" /><node timestamp="2025-04-21T00:18:25Z" id="2261060345" uid="1" user="OSMnx" lat="41.0798473" version="1" lon="29.0120522" visible="true" changeset="1" /><node timestamp="2025-04-21T00:18:25Z" id="2261060347" uid="1" user="OSMnx" lat="41.0797536" version="1" lon="29.020338" visible="true" changeset="1" /><node timestamp="2025-04-21T00:18:25Z" id="2261060351" uid="1" user="OSMnx" lat="41.0799944" version="1" lon="29.0207227" visible="true" changeset="1" /><node timestamp="2025-04-21T00:18:25Z" id="2261060354" uid="1" user="OSMnx" lat="41.0801431" version="1" lon="29.0133184" visible="true" changeset="1" /><node timestamp="2025-04-21T00:18:25Z" id="2261060357" uid="1" user="OSMnx" lat="41.0802685" version="1" lon="29.0144925" visible="true" changeset="1" /><node timestamp="2025-04-21T00:18:25Z" id="2261060358" uid="1" user="OSMnx" lat="41.0803267" version="1" lon="29.0137735" visible="true" changeset="1" /><node timestamp="2025-04-21T00:18:25Z" id="2261060359" uid="1" user="OSMnx" lat="41.0803337" version="1" lon="29.0135569" visible="true" changeset="1" /><node timestamp="2025-04-21T00:18:25Z" id="2261060372" uid="1" user="OSMnx" lat="41.0809421" version="1" lon="29.0137276" visible="true" changeset="1" /><node timestamp="2025-04-21T00:18:25Z" id="2261060374" uid="1" user="OSMnx" lat="41.0810108" version="1" lon="29.0135337" visible="true" changeset="1" /><node timestamp="2025-04-21T00:18:25Z" id="2261060377" uid="1" user="OSMnx" lat="41.0812373" version="1" lon="29.0208856" visible="true" changeset="1" /><node timestamp="2025-04-21T00:18:25Z" id="2262297052" uid="1" user="OSMnx" lat="41.0798426" version="1" lon="29.02011" visible="true" changeset="1" /><node timestamp="2025-04-21T00:18:25Z" id="2262297055" uid="1" user="OSMnx" lat="41.0799734" version="1" lon="29.0199659" visible="true" changeset="1" /><node timestamp="2025-04-21T00:18:25Z" id="2262297057" uid="1" user="OSMnx" lat="41.0803682" version="1" lon="29.0199397" visible="true" changeset="1" /><node timestamp="2025-04-21T00:18:25Z" id="2262297059" uid="1" user="OSMnx" lat="41.0808914" version="1" lon="29.0200183" visible="true" changeset="1" /><node timestamp="2025-04-21T00:18:25Z" id="2262297061" uid="1" user="OSMnx" lat="41.0813069" version="1" lon="29.0208347" visible="true" changeset="1" /><node timestamp="2025-04-21T00:18:25Z" id="2262297063" uid="1" user="OSMnx" lat="41.0813604" version="1" lon="29.0200445" visible="true" changeset="1" /><node timestamp="2025-04-21T00:18:25Z" id="2262297065" uid="1" user="OSMnx" lat="41.0814056" version="1" lon="29.0201504" visible="true" changeset="1" /><node timestamp="2025-04-21T00:18:25Z" id="2262297083" uid="1" user="OSMnx" lat="41.0864754" version="1" lon="29.0200295" visible="true" changeset="1" /><node timestamp="2025-04-21T00:18:25Z" id="2262297085" uid="1" user="OSMnx" lat="41.0872465" version="1" lon="29.0198937" visible="true" changeset="1" /><node timestamp="2025-04-21T00:18:25Z" id="2262297100" uid="1" user="OSMnx" lat="41.087575" version="1" lon="29.0202127" visible="true" changeset="1" /><node timestamp="2025-04-21T00:18:25Z" id="2380794549" uid="1" user="OSMnx" lat="41.0735468" version="1" lon="29.0158065" visible="true" changeset="1" /><node timestamp="2025-04-21T00:18:25Z" id="2380794565" uid="1" user="OSMnx" lat="41.0750785" version="1" lon="29.017685" visible="true" changeset="1" /><node timestamp="2025-04-21T00:18:25Z" id="2380794566" uid="1" user="OSMnx" lat="41.0751043" version="1" lon="29.0175525" visible="true" changeset="1"><tag k="highway" v="crossing" /></node><node timestamp="2025-04-21T00:18:25Z" id="2380794567" uid="1" user="OSMnx" lat="41.0751752" version="1" lon="29.0175879" visible="true" changeset="1" /><node timestamp="2025-04-21T00:18:25Z" id="2380794572" uid="1" user="OSMnx" lat="41.075504" version="1" lon="29.0173619" visible="true" changeset="1" /><node timestamp="2025-04-21T00:18:25Z" id="2380794588" uid="1" user="OSMnx" lat="41.0758332" version="1" lon="29.0171464" visible="true" changeset="1" /><node timestamp="2025-04-21T00:18:25Z" id="2380794607" uid="1" user="OSMnx" lat="41.0763134" version="1" lon="29.0168177" visible="true" changeset="1" /><node timestamp="2025-04-21T00:18:25Z" id="2394717209" uid="1" user="OSMnx" lat="41.0899277" version="1" lon="29.0199935" visible="true" changeset="1" /><node timestamp="2025-04-21T00:18:25Z" id="2394748649" uid="1" user="OSMnx" lat="41.0809723" version="1" lon="29.0170321" visible="true" changeset="1" /><node timestamp="2025-04-21T00:18:25Z" id="2394748650" uid="1" user="OSMnx" lat="41.08104" version="1" lon="29.0174348" visible="true" changeset="1" /><node timestamp="2025-04-21T00:18:25Z" id="2394748652" uid="1" user="OSMnx" lat="41.0814104" version="1" lon="29.0182514" visible="true" changeset="1" /><node timestamp="2025-04-21T00:18:25Z" id="2394748653" uid="1" user="OSMnx" lat="41.0814531" version="1" lon="29.0183509" visible="true" changeset="1" /><node timestamp="2025-04-21T00:18:25Z" id="2394748654" uid="1" user="OSMnx" lat="41.0815268" version="1" lon="29.0201247" visible="true" changeset="1" /><node timestamp="2025-04-21T00:18:25Z" id="2394748655" uid="1" user="OSMnx" lat="41.0815412" version="1" lon="29.0203352" visible="true" changeset="1" /><node timestamp="2025-04-21T00:18:25Z" id="2394748657" uid="1" user="OSMnx" lat="41.0817865" version="1" lon="29.0179967" visible="true" changeset="1" /><node timestamp="2025-04-21T00:18:25Z" id="2394748658" uid="1" user="OSMnx" lat="41.0818607" version="1" lon="29.0199653" visible="true" changeset="1" /><node timestamp="2025-04-21T00:18:25Z" id="2394748659" uid="1" user="OSMnx" lat="41.0820239" version="1" lon="29.0199112" visible="true" changeset="1" /><node timestamp="2025-04-21T00:18:25Z" id="2394748660" uid="1" user="OSMnx" lat="41.0820878" version="1" lon="29.0201488" visible="true" changeset="1" /><node timestamp="2025-04-21T00:18:25Z" id="2394748661" uid="1" user="OSMnx" lat="41.0821328" version="1" lon="29.020685" visible="true" changeset="1" /><node timestamp="2025-04-21T00:18:25Z" id="2394748662" uid="1" user="OSMnx" lat="41.0822151" version="1" lon="29.0167783" visible="true" changeset="1" /><node timestamp="2025-04-21T00:18:25Z" id="2394748663" uid="1" user="OSMnx" lat="41.0822626" version="1" lon="29.0178802" visible="true" changeset="1" /><node timestamp="2025-04-21T00:18:25Z" id="2394748664" uid="1" user="OSMnx" lat="41.0824231" version="1" lon="29.0167977" visible="true" changeset="1" /><node timestamp="2025-04-21T00:18:25Z" id="2394748665" uid="1" user="OSMnx" lat="41.0824442" version="1" lon="29.0199608" visible="true" changeset="1" /><node timestamp="2025-04-21T00:18:25Z" id="2394748666" uid="1" user="OSMnx" lat="41.0824624" version="1" lon="29.0193688" visible="true" changeset="1" /><node timestamp="2025-04-21T00:18:25Z" id="2394748667" uid="1" user="OSMnx" lat="41.0825942" version="1" lon="29.0187617" visible="true" changeset="1" /><node timestamp="2025-04-21T00:18:25Z" id="2394748668" uid="1" user="OSMnx" lat="41.0825982" version="1" lon="29.0201337" visible="true" changeset="1" /><node timestamp="2025-04-21T00:18:25Z" id="2394748669" uid="1" user="OSMnx" lat="41.0826371" version="1" lon="29.0175226" visible="true" changeset="1" /><node timestamp="2025-04-21T00:18:25Z" id="2394748670" uid="1" user="OSMnx" lat="41.0826706" version="1" lon="29.0176463" visible="true" changeset="1" /><node timestamp="2025-04-21T00:18:25Z" id="2394748671" uid="1" user="OSMnx" lat="41.0827008" version="1" lon="29.018682" visible="true" changeset="1" /><node timestamp="2025-04-21T00:18:25Z" id="2394748672" uid="1" user="OSMnx" lat="41.08271" version="1" lon="29.0175637" visible="true" changeset="1" /><node timestamp="2025-04-21T00:18:25Z" id="2394748673" uid="1" user="OSMnx" lat="41.0827111" version="1" lon="29.0191662" visible="true" changeset="1" /><node timestamp="2025-04-21T00:18:25Z" id="2394748674" uid="1" user="OSMnx" lat="41.0828853" version="1" lon="29.0136719" visible="true" changeset="1" /><node timestamp="2025-04-21T00:18:25Z" id="2394748675" uid="1" user="OSMnx" lat="41.0829065" version="1" lon="29.0199453" visible="true" changeset="1" /><node timestamp="2025-04-21T00:18:25Z" id="2394748676" uid="1" user="OSMnx" lat="41.0829776" version="1" lon="29.0186279" visible="true" changeset="1" /><node timestamp="2025-04-21T00:18:25Z" id="2394748677" uid="1" user="OSMnx" lat="41.0830391" version="1" lon="29.0199492" visible="true" changeset="1" /><node timestamp="2025-04-21T00:18:25Z" id="2394748678" uid="1" user="OSMnx" lat="41.083058" version="1" lon="29.020029" visible="true" changeset="1" /><node timestamp="2025-04-21T00:18:25Z" id="2394748679" uid="1" user="OSMnx" lat="41.0831178" version="1" lon="29.0199536" visible="true" changeset="1" /><node timestamp="2025-04-21T00:18:25Z" id="2394748680" uid="1" user="OSMnx" lat="41.0831322" version="1" lon="29.0190094" visible="true" changeset="1" /><node timestamp="2025-04-21T00:18:25Z" id="2394748681" uid="1" user="OSMnx" lat="41.0831805" version="1" lon="29.019874" visible="true" changeset="1" /><node timestamp="2025-04-21T00:18:25Z" id="2394748682" uid="1" user="OSMnx" lat="41.0832079" version="1" lon="29.0186704" visible="true" changeset="1" /><node timestamp="2025-04-21T00:18:25Z" id="2394748683" uid="1" user="OSMnx" lat="41.0832414" version="1" lon="29.0194413" visible="true" changeset="1" /><node timestamp="2025-04-21T00:18:25Z" id="2394748684" uid="1" user="OSMnx" lat="41.0833094" version="1" lon="29.0197103" visible="true" changeset="1" /><node timestamp="2025-04-21T00:18:25Z" id="2394748685" uid="1" user="OSMnx" lat="41.0833094" version="1" lon="29.0199306" visible="true" changeset="1" /><node timestamp="2025-04-21T00:18:25Z" id="2394748686" uid="1" user="OSMnx" lat="41.0833186" version="1" lon="29.0187671" visible="true" changeset="1" /><node timestamp="2025-04-21T00:18:25Z" id="2394748687" uid="1" user="OSMnx" lat="41.0833516" version="1" lon="29.0189196" visible="true" changeset="1" /><node timestamp="2025-04-21T00:18:25Z" id="2394748688" uid="1" user="OSMnx" lat="41.0834186" version="1" lon="29.0198115" visible="true" changeset="1" /><node timestamp="2025-04-21T00:18:25Z" id="2394748689" uid="1" user="OSMnx" lat="41.0834425" version="1" lon="29.0193401" visible="true" changeset="1" /><node timestamp="2025-04-21T00:18:25Z" id="2394748690" uid="1" user="OSMnx" lat="41.0834731" version="1" lon="29.0199352" visible="true" changeset="1" /><node timestamp="2025-04-21T00:18:25Z" id="2394748691" uid="1" user="OSMnx" lat="41.0835196" version="1" lon="29.0196966" visible="true" changeset="1" /><node timestamp="2025-04-21T00:18:25Z" id="2394748692" uid="1" user="OSMnx" lat="41.0836082" version="1" lon="29.0197748" visible="true" changeset="1" /><node timestamp="2025-04-21T00:18:25Z" id="2394748693" uid="1" user="OSMnx" lat="41.0836704" version="1" lon="29.0195835" visible="true" changeset="1" /><node timestamp="2025-04-21T00:18:25Z" id="2394748694" uid="1" user="OSMnx" lat="41.0836993" version="1" lon="29.0197066" visible="true" changeset="1" /><node timestamp="2025-04-21T00:18:25Z" id="2394748695" uid="1" user="OSMnx" lat="41.0837135" version="1" lon="29.0197535" visible="true" changeset="1" /><node timestamp="2025-04-21T00:18:25Z" id="2394748696" uid="1" user="OSMnx" lat="41.0837491" version="1" lon="29.0195275" visible="true" changeset="1" /><node timestamp="2025-04-21T00:18:25Z" id="2394748697" uid="1" user="OSMnx" lat="41.0837791" version="1" lon="29.0196469" visible="true" changeset="1" /><node timestamp="2025-04-21T00:18:25Z" id="2394748698" uid="1" user="OSMnx" lat="41.0839516" version="1" lon="29.0195178" visible="true" changeset="1" /><node timestamp="2025-04-21T00:18:25Z" id="2394748699" uid="1" user="OSMnx" lat="41.0839821" version="1" lon="29.019392" visible="true" changeset="1" /><node timestamp="2025-04-21T00:18:25Z" id="2394748700" uid="1" user="OSMnx" lat="41.0841491" version="1" lon="29.0197352" visible="true" changeset="1" /><node timestamp="2025-04-21T00:18:25Z" id="2394748701" uid="1" user="OSMnx" lat="41.084206" version="1" lon="29.0194225" visible="true" changeset="1" /><node timestamp="2025-04-21T00:18:25Z" id="2394748702" uid="1" user="OSMnx" lat="41.0849468" version="1" lon="29.0184879" visible="true" changeset="1" /><node timestamp="2025-04-21T00:18:25Z" id="2394748703" uid="1" user="OSMnx" lat="41.0851012" version="1" lon="29.0183139" visible="true" changeset="1" /><node timestamp="2025-04-21T00:18:25Z" id="2394748706" uid="1" user="OSMnx" lat="41.0853411" version="1" lon="29.0179257" visible="true" changeset="1" /><node timestamp="2025-04-21T00:18:25Z" id="2394748707" uid="1" user="OSMnx" lat="41.0854003" version="1" lon="29.0161741" visible="true" changeset="1" /><node timestamp="2025-04-21T00:18:25Z" id="2394806539" uid="1" user="OSMnx" lat="41.0768431" version="1" lon="29.0177809" visible="true" changeset="1" /><node timestamp="2025-04-21T00:18:25Z" id="2394806545" uid="1" user="OSMnx" lat="41.0785623" version="1" lon="29.0189236" visible="true" changeset="1" /><node timestamp="2025-04-21T00:18:25Z" id="2395783719" uid="1" user="OSMnx" lat="41.0762972" version="1" lon="29.0155089" visible="true" changeset="1" /><node timestamp="2025-04-21T00:18:25Z" id="2395783720" uid="1" user="OSMnx" lat="41.076594" version="1" lon="29.0153509" visible="true" changeset="1" /><node timestamp="2025-04-21T00:18:25Z" id="2395783721" uid="1" user="OSMnx" lat="41.0766952" version="1" lon="29.0165628" visible="true" changeset="1" /><node timestamp="2025-04-21T00:18:25Z" id="2395783724" uid="1" user="OSMnx" lat="41.0769568" version="1" lon="29.0163948" visible="true" changeset="1" /><node timestamp="2025-04-21T00:18:25Z" id="2395783725" uid="1" user="OSMnx" lat="41.0770911" version="1" lon="29.0163085" visible="true" changeset="1" /><node timestamp="2025-04-21T00:18:25Z" id="2395783729" uid="1" user="OSMnx" lat="41.0772342" version="1" lon="29.01497" visible="true" changeset="1" /><node timestamp="2025-04-21T00:18:25Z" id="2395783737" uid="1" user="OSMnx" lat="41.0776657" version="1" lon="29.0159392" visible="true" changeset="1" /><node timestamp="2025-04-21T00:18:25Z" id="2397000771" uid="1" user="OSMnx" lat="41.0804074" version="1" lon="29.016003" visible="true" changeset="1" /><node timestamp="2025-04-21T00:18:25Z" id="2397000774" uid="1" user="OSMnx" lat="41.0810175" version="1" lon="29.0138024" visible="true" changeset="1" /><node timestamp="2025-04-21T00:18:25Z" id="2397000775" uid="1" user="OSMnx" lat="41.0813448" version="1" lon="29.0115069" visible="true" changeset="1" /><node timestamp="2025-04-21T00:18:25Z" id="2397000776" uid="1" user="OSMnx" lat="41.0813661" version="1" lon="29.0114499" visible="true" changeset="1" /><node timestamp="2025-04-21T00:18:25Z" id="2397000777" uid="1" user="OSMnx" lat="41.0813903" version="1" lon="29.0114103" visible="true" changeset="1" /><node timestamp="2025-04-21T00:18:25Z" id="2397000778" uid="1" user="OSMnx" lat="41.0814403" version="1" lon="29.0113899" visible="true" changeset="1" /><node timestamp="2025-04-21T00:18:25Z" id="2397000781" uid="1" user="OSMnx" lat="41.0815281" version="1" lon="29.0123683" visible="true" changeset="1" /><node timestamp="2025-04-21T00:18:25Z" id="2397000784" uid="1" user="OSMnx" lat="41.0815263" version="1" lon="29.0114949" visible="true" changeset="1" /><node timestamp="2025-04-21T00:18:25Z" id="2397000790" uid="1" user="OSMnx" lat="41.0817655" version="1" lon="29.0113925" visible="true" changeset="1" /><node timestamp="2025-04-21T00:18:25Z" id="2397000794" uid="1" user="OSMnx" lat="41.0818252" version="1" lon="29.0114255" visible="true" changeset="1" /><node timestamp="2025-04-21T00:18:25Z" id="2397000797" uid="1" user="OSMnx" lat="41.0821063" version="1" lon="29.0123" visible="true" changeset="1" /><node timestamp="2025-04-21T00:18:25Z" id="2397000798" uid="1" user="OSMnx" lat="41.082151" version="1" lon="29.0122637" visible="true" changeset="1" /><node timestamp="2025-04-21T00:18:25Z" id="2397000799" uid="1" user="OSMnx" lat="41.0821684" version="1" lon="29.0122043" visible="true" changeset="1" /><node timestamp="2025-04-21T00:18:25Z" id="2397000801" uid="1" user="OSMnx" lat="41.0827336" version="1" lon="29.0142253" visible="true" changeset="1" /><node timestamp="2025-04-21T00:18:25Z" id="2397000802" uid="1" user="OSMnx" lat="41.0847405" version="1" lon="29.0122742" visible="true" changeset="1" /><node timestamp="2025-04-21T00:18:25Z" id="2397000803" uid="1" user="OSMnx" lat="41.0848365" version="1" lon="29.0123976" visible="true" changeset="1" /><node timestamp="2025-04-21T00:18:25Z" id="2397000804" uid="1" user="OSMnx" lat="41.0848935" version="1" lon="29.0123339" visible="true" changeset="1" /><node timestamp="2025-04-21T00:18:25Z" id="2397000805" uid="1" user="OSMnx" lat="41.0848966" version="1" lon="29.0124319" visible="true" changeset="1" /><node timestamp="2025-04-21T00:18:25Z" id="2397000806" uid="1" user="OSMnx" lat="41.0849159" version="1" lon="29.0125247" visible="true" changeset="1" /><node timestamp="2025-04-21T00:18:25Z" id="2397000807" uid="1" user="OSMnx" lat="41.0849389" version="1" lon="29.0122202" visible="true" changeset="1" /><node timestamp="2025-04-21T00:18:25Z" id="2397000809" uid="1" user="OSMnx" lat="41.0850933" version="1" lon="29.0131869" visible="true" changeset="1" /><node timestamp="2025-04-21T00:18:25Z" id="2397000811" uid="1" user="OSMnx" lat="41.0851447" version="1" lon="29.0133932" visible="true" changeset="1" /><node timestamp="2025-04-21T00:18:25Z" id="2397000812" uid="1" user="OSMnx" lat="41.0852586" version="1" lon="29.0137842" visible="true" changeset="1" /><node timestamp="2025-04-21T00:18:25Z" id="2397000813" uid="1" user="OSMnx" lat="41.0853936" version="1" lon="29.0142922" visible="true" changeset="1" /><node timestamp="2025-04-21T00:18:25Z" id="2397012357" uid="1" user="OSMnx" lat="41.0789341" version="1" lon="29.0126906" visible="true" changeset="1" /><node timestamp="2025-04-21T00:18:25Z" id="2502578374" uid="1" user="OSMnx" lat="41.0802829" version="1" lon="29.0124596" visible="true" changeset="1" /><node timestamp="2025-04-21T00:18:25Z" id="2502581412" uid="1" user="OSMnx" lat="41.0802758" version="1" lon="29.0128403" visible="true" changeset="1" /><node timestamp="2025-04-21T00:18:25Z" id="2502581418" uid="1" user="OSMnx" lat="41.0790856" version="1" lon="29.0133153" visible="true" changeset="1" /><node timestamp="2025-04-21T00:18:25Z" id="3392178766" uid="1" user="OSMnx" lat="41.0792977" version="1" lon="29.0187645" visible="true" changeset="1" /><node timestamp="2025-04-21T00:18:25Z" id="3654693259" uid="1" user="OSMnx" lat="41.0817443" version="1" lon="29.0141115" visible="true" changeset="1" /><node timestamp="2025-04-21T00:18:25Z" id="4053740070" uid="1" user="OSMnx" lat="41.0757485" version="1" lon="29.019128" visible="true" changeset="1" /><node timestamp="2025-04-21T00:18:25Z" id="4053740072" uid="1" user="OSMnx" lat="41.0759639" version="1" lon="29.0196586" visible="true" changeset="1"><tag k="highway" v="traffic_signals" /></node><node timestamp="2025-04-21T00:18:25Z" id="4053740076" uid="1" user="OSMnx" lat="41.0764695" version="1" lon="29.0196612" visible="true" changeset="1" /><node timestamp="2025-04-21T00:18:25Z" id="4053760869" uid="1" user="OSMnx" lat="41.0756495" version="1" lon="29.0172655" visible="true" changeset="1" /><node timestamp="2025-04-21T00:18:25Z" id="4053760873" uid="1" user="OSMnx" lat="41.0762712" version="1" lon="29.0168194" visible="true" changeset="1" /><node timestamp="2025-04-21T00:18:25Z" id="4053774752" uid="1" user="OSMnx" lat="41.0754606" version="1" lon="29.0149079" visible="true" changeset="1" /><node timestamp="2025-04-21T00:18:25Z" id="4053774754" uid="1" user="OSMnx" lat="41.0757418" version="1" lon="29.0150528" visible="true" changeset="1" /><node timestamp="2025-04-21T00:18:25Z" id="4053785525" uid="1" user="OSMnx" lat="41.0751872" version="1" lon="29.015756" visible="true" changeset="1" /><node timestamp="2025-04-21T00:18:25Z" id="4053785527" uid="1" user="OSMnx" lat="41.0754754" version="1" lon="29.0167001" visible="true" changeset="1" /><node timestamp="2025-04-21T00:18:25Z" id="4053786308" uid="1" user="OSMnx" lat="41.075046" version="1" lon="29.0152406" visible="true" changeset="1" /><node timestamp="2025-04-21T00:18:25Z" id="4053786309" uid="1" user="OSMnx" lat="41.0750511" version="1" lon="29.0153023" visible="true" changeset="1" /><node timestamp="2025-04-21T00:18:25Z" id="4053786310" uid="1" user="OSMnx" lat="41.0750622" version="1" lon="29.0151749" visible="true" changeset="1" /><node timestamp="2025-04-21T00:18:25Z" id="4053786311" uid="1" user="OSMnx" lat="41.0750662" version="1" lon="29.0153707" visible="true" changeset="1" /><node timestamp="2025-04-21T00:18:25Z" id="4053786312" uid="1" user="OSMnx" lat="41.0750733" version="1" lon="29.0168392" visible="true" changeset="1" /><node timestamp="2025-04-21T00:18:25Z" id="4573326658" uid="1" user="OSMnx" lat="41.0757091" version="1" lon="29.0150162" visible="true" changeset="1" /><node timestamp="2025-04-21T00:18:25Z" id="4618539964" uid="1" user="OSMnx" lat="41.0822309" version="1" lon="29.0149601" visible="true" changeset="1" /><node timestamp="2025-04-21T00:18:25Z" id="4618539965" uid="1" user="OSMnx" lat="41.0830454" version="1" lon="29.0149515" visible="true" changeset="1" /><node timestamp="2025-04-21T00:18:25Z" id="4618539966" uid="1" user="OSMnx" lat="41.0818206" version="1" lon="29.0140926" visible="true" changeset="1" /><node timestamp="2025-04-21T00:18:25Z" id="4637943278" uid="1" user="OSMnx" lat="41.0786988" version="1" lon="29.0128693" visible="true" changeset="1"><tag k="highway" v="traffic_signals" /></node><node timestamp="2025-04-21T00:18:25Z" id="4838436252" uid="1" user="OSMnx" lat="41.0831559" version="1" lon="29.0105308" visible="true" changeset="1" /><node timestamp="2025-04-21T00:18:25Z" id="4838436253" uid="1" user="OSMnx" lat="41.0832714" version="1" lon="29.010482" visible="true" changeset="1" /><node timestamp="2025-04-21T00:18:25Z" id="4838436254" uid="1" user="OSMnx" lat="41.0833134" version="1" lon="29.0104285" visible="true" changeset="1" /><node timestamp="2025-04-21T00:18:25Z" id="4838436255" uid="1" user="OSMnx" lat="41.0833439" version="1" lon="29.0103622" visible="true" changeset="1" /><node timestamp="2025-04-21T00:18:25Z" id="4838436256" uid="1" user="OSMnx" lat="41.0833569" version="1" lon="29.010279" visible="true" changeset="1" /><node timestamp="2025-04-21T00:18:25Z" id="4838436257" uid="1" user="OSMnx" lat="41.0832771" version="1" lon="29.0100292" visible="true" changeset="1" /><node timestamp="2025-04-21T00:18:25Z" id="4838436258" uid="1" user="OSMnx" lat="41.0832233" version="1" lon="29.0099865" visible="true" changeset="1"><tag k="highway" v="give_way" /></node><node timestamp="2025-04-21T00:18:25Z" id="4838436259" uid="1" user="OSMnx" lat="41.083329" version="1" lon="29.010114" visible="true" changeset="1" /><node timestamp="2025-04-21T00:18:25Z" id="5362782873" uid="1" user="OSMnx" lat="41.0842442" version="1" lon="29.0142209" visible="true" changeset="1" /><node timestamp="2025-04-21T00:18:25Z" id="5523700463" uid="1" user="OSMnx" lat="41.0814881" version="1" lon="29.014175" visible="true" changeset="1" /><node timestamp="2025-04-21T00:18:25Z" id="5523700466" uid="1" user="OSMnx" lat="41.0816272" version="1" lon="29.0141405" visible="true" changeset="1" /><node timestamp="2025-04-21T00:18:25Z" id="6782156690" uid="1" user="OSMnx" lat="41.079554" version="1" lon="29.0139211" visible="true" changeset="1" /><node timestamp="2025-04-21T00:18:25Z" id="6782156691" uid="1" user="OSMnx" lat="41.0795362" version="1" lon="29.0141737" visible="true" changeset="1" /><node timestamp="2025-04-21T00:18:25Z" id="6782156692" uid="1" user="OSMnx" lat="41.0795672" version="1" lon="29.0142695" visible="true" changeset="1" /><node timestamp="2025-04-21T00:18:25Z" id="6782157915" uid="1" user="OSMnx" lat="41.0788558" version="1" lon="29.0126662" visible="true" changeset="1" /><node timestamp="2025-04-21T00:18:25Z" id="7795361020" uid="1" user="OSMnx" lat="41.0782411" version="1" lon="29.0133605" visible="true" changeset="1" /><node timestamp="2025-04-21T00:18:25Z" id="9360337847" uid="1" user="OSMnx" lat="41.0795012" version="1" lon="29.0217411" visible="true" changeset="1" /><node timestamp="2025-04-21T00:18:25Z" id="9360337849" uid="1" user="OSMnx" lat="41.0815378" version="1" lon="29.0213263" visible="true" changeset="1" /><node timestamp="2025-04-21T00:18:25Z" id="9360337850" uid="1" user="OSMnx" lat="41.0814018" version="1" lon="29.021394" visible="true" changeset="1" /><node timestamp="2025-04-21T00:18:25Z" id="9360337851" uid="1" user="OSMnx" lat="41.081314" version="1" lon="29.0214351" visible="true" changeset="1" /><node timestamp="2025-04-21T00:18:25Z" id="9360337852" uid="1" user="OSMnx" lat="41.0812243" version="1" lon="29.0214491" visible="true" changeset="1" /><node timestamp="2025-04-21T00:18:25Z" id="9360337853" uid="1" user="OSMnx" lat="41.0810892" version="1" lon="29.0214279" visible="true" changeset="1" /><node timestamp="2025-04-21T00:18:25Z" id="9360337854" uid="1" user="OSMnx" lat="41.0805987" version="1" lon="29.0213179" visible="true" changeset="1" /><node timestamp="2025-04-21T00:18:25Z" id="9360337855" uid="1" user="OSMnx" lat="41.080367" version="1" lon="29.0212897" visible="true" changeset="1" /><node timestamp="2025-04-21T00:18:25Z" id="9360337856" uid="1" user="OSMnx" lat="41.0794721" version="1" lon="29.021231" visible="true" changeset="1" /><node timestamp="2025-04-21T00:18:25Z" id="9360337857" uid="1" user="OSMnx" lat="41.0796232" version="1" lon="29.0212256" visible="true" changeset="1" /><node timestamp="2025-04-21T00:18:25Z" id="9360337858" uid="1" user="OSMnx" lat="41.0798576" version="1" lon="29.0212324" visible="true" changeset="1" /><node timestamp="2025-04-21T00:18:25Z" id="9360337859" uid="1" user="OSMnx" lat="41.0801908" version="1" lon="29.0212683" visible="true" changeset="1" /><node timestamp="2025-04-21T00:18:25Z" id="9360337860" uid="1" user="OSMnx" lat="41.0808262" version="1" lon="29.0217269" visible="true" changeset="1" /><node timestamp="2025-04-21T00:18:25Z" id="9360337861" uid="1" user="OSMnx" lat="41.0808103" version="1" lon="29.0217749" visible="true" changeset="1" /><node timestamp="2025-04-21T00:18:25Z" id="9360337864" uid="1" user="OSMnx" lat="41.0786788" version="1" lon="29.0205648" visible="true" changeset="1" /><node timestamp="2025-04-21T00:18:25Z" id="9360337865" uid="1" user="OSMnx" lat="41.0767663" version="1" lon="29.0212216" visible="true" changeset="1" /><node timestamp="2025-04-21T00:18:25Z" id="9360337866" uid="1" user="OSMnx" lat="41.077141" version="1" lon="29.0210671" visible="true" changeset="1" /><node timestamp="2025-04-21T00:18:25Z" id="9360337867" uid="1" user="OSMnx" lat="41.0775723" version="1" lon="29.0209165" visible="true" changeset="1" /><node timestamp="2025-04-21T00:18:25Z" id="9360337869" uid="1" user="OSMnx" lat="41.0767433" version="1" lon="29.021563" visible="true" changeset="1"><tag k="highway" v="crossing" /></node><node timestamp="2025-04-21T00:18:25Z" id="9360337874" uid="1" user="OSMnx" lat="41.0769137" version="1" lon="29.0203235" visible="true" changeset="1" /><node timestamp="2025-04-21T00:18:25Z" id="9360337877" uid="1" user="OSMnx" lat="41.0780345" version="1" lon="29.0190653" visible="true" changeset="1" /><node timestamp="2025-04-21T00:18:25Z" id="9360337878" uid="1" user="OSMnx" lat="41.0769428" version="1" lon="29.0180924" visible="true" changeset="1" /><node timestamp="2025-04-21T00:18:25Z" id="9360337879" uid="1" user="OSMnx" lat="41.0784223" version="1" lon="29.0174264" visible="true" changeset="1" /><node timestamp="2025-04-21T00:18:25Z" id="9360337880" uid="1" user="OSMnx" lat="41.0759859" version="1" lon="29.0146623" visible="true" changeset="1" /><node timestamp="2025-04-21T00:18:25Z" id="9360337882" uid="1" user="OSMnx" lat="41.076235" version="1" lon="29.0164367" visible="true" changeset="1" /><node timestamp="2025-04-21T00:18:25Z" id="9360337883" uid="1" user="OSMnx" lat="41.0762817" version="1" lon="29.0166649" visible="true" changeset="1" /><node timestamp="2025-04-21T00:18:25Z" id="9360337884" uid="1" user="OSMnx" lat="41.0756649" version="1" lon="29.0149779" visible="true" changeset="1" /><node timestamp="2025-04-21T00:18:25Z" id="9360337885" uid="1" user="OSMnx" lat="41.0756025" version="1" lon="29.0149501" visible="true" changeset="1" /><node timestamp="2025-04-21T00:18:25Z" id="9363359990" uid="1" user="OSMnx" lat="41.0778394" version="1" lon="29.0216656" visible="true" changeset="1" /><node timestamp="2025-04-21T00:18:25Z" id="9363359991" uid="1" user="OSMnx" lat="41.077838" version="1" lon="29.0215992" visible="true" changeset="1" /><node timestamp="2025-04-21T00:18:25Z" id="9363360000" uid="1" user="OSMnx" lat="41.0770602" version="1" lon="29.0222399" visible="true" changeset="1" /><node timestamp="2025-04-21T00:18:25Z" id="9742918658" uid="1" user="OSMnx" lat="41.0788367" version="1" lon="29.012895" visible="true" changeset="1" /><node timestamp="2025-04-21T00:18:25Z" id="9755288668" uid="1" user="OSMnx" lat="41.0811345" version="1" lon="29.0111784" visible="true" changeset="1" /><node timestamp="2025-04-21T00:18:25Z" id="9841321898" uid="1" user="OSMnx" lat="41.0787854" version="1" lon="29.0129868" visible="true" changeset="1" /><node timestamp="2025-04-21T00:18:25Z" id="9915936871" uid="1" user="OSMnx" lat="41.0785547" version="1" lon="29.0163982" visible="true" changeset="1" /><node timestamp="2025-04-21T00:18:25Z" id="9915936882" uid="1" user="OSMnx" lat="41.0761754" version="1" lon="29.0202711" visible="true" changeset="1" /><node timestamp="2025-04-21T00:18:25Z" id="9915936906" uid="1" user="OSMnx" lat="41.0759576" version="1" lon="29.0196426" visible="true" changeset="1"><tag k="highway" v="crossing" /></node><node timestamp="2025-04-21T00:18:25Z" id="9915936907" uid="1" user="OSMnx" lat="41.0758718" version="1" lon="29.0196042" visible="true" changeset="1"><tag k="highway" v="crossing" /></node><node timestamp="2025-04-21T00:18:25Z" id="10155688927" uid="1" user="OSMnx" lat="41.0757521" version="1" lon="29.0147729" visible="true" changeset="1"><tag k="highway" v="crossing" /></node><node timestamp="2025-04-21T00:18:25Z" id="10155688928" uid="1" user="OSMnx" lat="41.0765078" version="1" lon="29.0144035" visible="true" changeset="1" /><node timestamp="2025-04-21T00:18:25Z" id="10155688929" uid="1" user="OSMnx" lat="41.0769577" version="1" lon="29.0141386" visible="true" changeset="1" /><node timestamp="2025-04-21T00:18:25Z" id="10155688930" uid="1" user="OSMnx" lat="41.0779646" version="1" lon="29.0135474" visible="true" changeset="1" /><node timestamp="2025-04-21T00:18:25Z" id="10155688937" uid="1" user="OSMnx" lat="41.0789004" version="1" lon="29.0128465" visible="true" changeset="1"><tag k="highway" v="give_way" /></node><node timestamp="2025-04-21T00:18:25Z" id="10155688938" uid="1" user="OSMnx" lat="41.0787888" version="1" lon="29.0130677" visible="true" changeset="1" /><node timestamp="2025-04-21T00:18:25Z" id="10155688939" uid="1" user="OSMnx" lat="41.0787432" version="1" lon="29.0130764" visible="true" changeset="1" /><node timestamp="2025-04-21T00:18:25Z" id="10155688941" uid="1" user="OSMnx" lat="41.0787425" version="1" lon="29.0128366" visible="true" changeset="1"><tag k="highway" v="crossing" /></node><node timestamp="2025-04-21T00:18:25Z" id="10155688953" uid="1" user="OSMnx" lat="41.0826492" version="1" lon="29.0105625" visible="true" changeset="1" /><node timestamp="2025-04-21T00:18:25Z" id="10155688954" uid="1" user="OSMnx" lat="41.0827968" version="1" lon="29.0105398" visible="true" changeset="1" /><node timestamp="2025-04-21T00:18:25Z" id="10155688955" uid="1" user="OSMnx" lat="41.0830274" version="1" lon="29.0105353" visible="true" changeset="1" /><node timestamp="2025-04-21T00:18:25Z" id="10155688956" uid="1" user="OSMnx" lat="41.0833534" version="1" lon="29.010191" visible="true" changeset="1" /><node timestamp="2025-04-21T00:18:25Z" id="10155688964" uid="1" user="OSMnx" lat="41.0831606" version="1" lon="29.0099431" visible="true" changeset="1" /><node timestamp="2025-04-21T00:18:25Z" id="10155688965" uid="1" user="OSMnx" lat="41.0829501" version="1" lon="29.0098631" visible="true" changeset="1" /><node timestamp="2025-04-21T00:18:25Z" id="10155688966" uid="1" user="OSMnx" lat="41.0828596" version="1" lon="29.0098666" visible="true" changeset="1" /><node timestamp="2025-04-21T00:18:25Z" id="10155688967" uid="1" user="OSMnx" lat="41.0830777" version="1" lon="29.0099025" visible="true" changeset="1" /><node timestamp="2025-04-21T00:18:25Z" id="10155688968" uid="1" user="OSMnx" lat="41.0831728" version="1" lon="29.0098922" visible="true" changeset="1" /><node timestamp="2025-04-21T00:18:25Z" id="10155688970" uid="1" user="OSMnx" lat="41.0832849" version="1" lon="29.010678" visible="true" changeset="1" /><node timestamp="2025-04-21T00:18:25Z" id="10155688971" uid="1" user="OSMnx" lat="41.0837198" version="1" lon="29.0109182" visible="true" changeset="1" /><node timestamp="2025-04-21T00:18:25Z" id="10155688972" uid="1" user="OSMnx" lat="41.0840354" version="1" lon="29.0111997" visible="true" changeset="1" /><node timestamp="2025-04-21T00:18:25Z" id="10155688973" uid="1" user="OSMnx" lat="41.0845638" version="1" lon="29.0117683" visible="true" changeset="1" /><node timestamp="2025-04-21T00:18:25Z" id="10155688974" uid="1" user="OSMnx" lat="41.0845443" version="1" lon="29.0116213" visible="true" changeset="1" /><node timestamp="2025-04-21T00:18:25Z" id="10155688976" uid="1" user="OSMnx" lat="41.0847354" version="1" lon="29.0119034" visible="true" changeset="1" /><node timestamp="2025-04-21T00:18:25Z" id="10155688977" uid="1" user="OSMnx" lat="41.0849536" version="1" lon="29.0122712" visible="true" changeset="1" /><node timestamp="2025-04-21T00:18:25Z" id="10155688978" uid="1" user="OSMnx" lat="41.0848327" version="1" lon="29.0120581" visible="true" changeset="1" /><node timestamp="2025-04-21T00:18:25Z" id="10155688979" uid="1" user="OSMnx" lat="41.0847902" version="1" lon="29.0120753" visible="true" changeset="1" /><node timestamp="2025-04-21T00:18:25Z" id="10155688980" uid="1" user="OSMnx" lat="41.0849425" version="1" lon="29.0123331" visible="true" changeset="1" /><node timestamp="2025-04-21T00:18:25Z" id="10155688996" uid="1" user="OSMnx" lat="41.0827149" version="1" lon="29.0106023" visible="true" changeset="1" /><node timestamp="2025-04-21T00:18:25Z" id="10155688997" uid="1" user="OSMnx" lat="41.0830156" version="1" lon="29.0106138" visible="true" changeset="1" /><node timestamp="2025-04-21T00:18:25Z" id="10155688998" uid="1" user="OSMnx" lat="41.0821947" version="1" lon="29.010756" visible="true" changeset="1" /><node timestamp="2025-04-21T00:18:25Z" id="10155688999" uid="1" user="OSMnx" lat="41.0820856" version="1" lon="29.0108174" visible="true" changeset="1" /><node timestamp="2025-04-21T00:18:25Z" id="10155689000" uid="1" user="OSMnx" lat="41.0822631" version="1" lon="29.0105403" visible="true" changeset="1" /><node timestamp="2025-04-21T00:18:25Z" id="10155689002" uid="1" user="OSMnx" lat="41.0837691" version="1" lon="29.0102048" visible="true" changeset="1" /><node timestamp="2025-04-21T00:18:25Z" id="10188166986" uid="1" user="OSMnx" lat="41.0768496" version="1" lon="29.0178012" visible="true" changeset="1" /><node timestamp="2025-04-21T00:18:25Z" id="10603161513" uid="1" user="OSMnx" lat="41.0773605" version="1" lon="29.0179044" visible="true" changeset="1" /><node timestamp="2025-04-21T00:18:25Z" id="10603161516" uid="1" user="OSMnx" lat="41.0777904" version="1" lon="29.0191396" visible="true" changeset="1" /><node timestamp="2025-04-21T00:18:25Z" id="10603197454" uid="1" user="OSMnx" lat="41.0773215" version="1" lon="29.0210041" visible="true" changeset="1" /><node timestamp="2025-04-21T00:18:25Z" id="10603244183" uid="1" user="OSMnx" lat="41.0787615" version="1" lon="29.022076" visible="true" changeset="1"><tag k="highway" v="crossing" /></node><node timestamp="2025-04-21T00:18:25Z" id="10603244184" uid="1" user="OSMnx" lat="41.0787829" version="1" lon="29.0217115" visible="true" changeset="1" /><node timestamp="2025-04-21T00:18:25Z" id="10603347618" uid="1" user="OSMnx" lat="41.0808296" version="1" lon="29.0160622" visible="true" changeset="1" /><node timestamp="2025-04-21T00:18:25Z" id="10603348717" uid="1" user="OSMnx" lat="41.077305" version="1" lon="29.0210099" visible="true" changeset="1" /><node timestamp="2025-04-21T00:18:25Z" id="10603366568" uid="1" user="OSMnx" lat="41.079708" version="1" lon="29.0152773" visible="true" changeset="1" /><node timestamp="2025-04-21T00:18:25Z" id="10603377312" uid="1" user="OSMnx" lat="41.0765373" version="1" lon="29.019128" visible="true" changeset="1" /><node timestamp="2025-04-21T00:18:25Z" id="10603430933" uid="1" user="OSMnx" lat="41.0783416" version="1" lon="29.0189828" visible="true" changeset="1" /><node timestamp="2025-04-21T00:18:25Z" id="10603430934" uid="1" user="OSMnx" lat="41.0787382" version="1" lon="29.02136" visible="true" changeset="1" /><node timestamp="2025-04-21T00:18:25Z" id="10603430935" uid="1" user="OSMnx" lat="41.0784747" version="1" lon="29.0197804" visible="true" changeset="1"><tag k="highway" v="crossing" /></node><node timestamp="2025-04-21T00:18:25Z" id="10603430936" uid="1" user="OSMnx" lat="41.0786092" version="1" lon="29.0205869" visible="true" changeset="1"><tag k="highway" v="crossing" /></node><node timestamp="2025-04-21T00:18:25Z" id="10603473610" uid="1" user="OSMnx" lat="41.0782182" version="1" lon="29.0175183" visible="true" changeset="1" /><node timestamp="2025-04-21T00:18:25Z" id="10603473611" uid="1" user="OSMnx" lat="41.0785074" version="1" lon="29.0189383" visible="true" changeset="1" /><node timestamp="2025-04-21T00:18:25Z" id="10603476871" uid="1" user="OSMnx" lat="41.0777402" version="1" lon="29.020002" visible="true" changeset="1" /><node timestamp="2025-04-21T00:18:25Z" id="10603476872" uid="1" user="OSMnx" lat="41.0778895" version="1" lon="29.0208157" visible="true" changeset="1" /><node timestamp="2025-04-21T00:18:25Z" id="10817703775" uid="1" user="OSMnx" lat="41.0760126" version="1" lon="29.0156917" visible="true" changeset="1" /><node timestamp="2025-04-21T00:18:25Z" id="10817703777" uid="1" user="OSMnx" lat="41.0764027" version="1" lon="29.016755" visible="true" changeset="1" /><node timestamp="2025-04-21T00:18:25Z" id="10817703780" uid="1" user="OSMnx" lat="41.0756349" version="1" lon="29.0171494" visible="true" changeset="1" /><node timestamp="2025-04-21T00:18:25Z" id="10817703783" uid="1" user="OSMnx" lat="41.0754637" version="1" lon="29.0167845" visible="true" changeset="1" /><node timestamp="2025-04-21T00:18:25Z" id="11124013858" uid="1" user="OSMnx" lat="41.0897928" version="1" lon="29.0200642" visible="true" changeset="1" /><node timestamp="2025-04-21T00:18:25Z" id="11124013864" uid="1" user="OSMnx" lat="41.0891201" version="1" lon="29.019221" visible="true" changeset="1" /><node timestamp="2025-04-21T00:18:25Z" id="11124013865" uid="1" user="OSMnx" lat="41.089283" version="1" lon="29.019382" visible="true" changeset="1" /><node timestamp="2025-04-21T00:18:25Z" id="11124013866" uid="1" user="OSMnx" lat="41.0893879" version="1" lon="29.0195089" visible="true" changeset="1" /><node timestamp="2025-04-21T00:18:25Z" id="11124013867" uid="1" user="OSMnx" lat="41.0895314" version="1" lon="29.0196545" visible="true" changeset="1" /><node timestamp="2025-04-21T00:18:25Z" id="11124013868" uid="1" user="OSMnx" lat="41.089513" version="1" lon="29.0195362" visible="true" changeset="1" /><node timestamp="2025-04-21T00:18:25Z" id="11124013869" uid="1" user="OSMnx" lat="41.0894004" version="1" lon="29.0194315" visible="true" changeset="1" /><node timestamp="2025-04-21T00:18:25Z" id="11124013870" uid="1" user="OSMnx" lat="41.0897155" version="1" lon="29.0198106" visible="true" changeset="1" /><node timestamp="2025-04-21T00:18:25Z" id="11124013877" uid="1" user="OSMnx" lat="41.0888108" version="1" lon="29.0184554" visible="true" changeset="1" /><node timestamp="2025-04-21T00:18:25Z" id="11124013880" uid="1" user="OSMnx" lat="41.0893961" version="1" lon="29.0190792" visible="true" changeset="1" /><node timestamp="2025-04-21T00:18:25Z" id="11124013881" uid="1" user="OSMnx" lat="41.0899097" version="1" lon="29.0195211" visible="true" changeset="1" /><node timestamp="2025-04-21T00:18:25Z" id="11124013882" uid="1" user="OSMnx" lat="41.0892711" version="1" lon="29.0194483" visible="true" changeset="1" /><node timestamp="2025-04-21T00:18:25Z" id="11124013886" uid="1" user="OSMnx" lat="41.0836633" version="1" lon="29.010124" visible="true" changeset="1" /><node timestamp="2025-04-21T00:18:25Z" id="11124013887" uid="1" user="OSMnx" lat="41.0833953" version="1" lon="29.0099779" visible="true" changeset="1" /><node timestamp="2025-04-21T00:18:25Z" id="11124013889" uid="1" user="OSMnx" lat="41.0838466" version="1" lon="29.0103931" visible="true" changeset="1" /><node timestamp="2025-04-21T00:18:25Z" id="11124013890" uid="1" user="OSMnx" lat="41.083941" version="1" lon="29.0106809" visible="true" changeset="1" /><node timestamp="2025-04-21T00:18:25Z" id="11124013891" uid="1" user="OSMnx" lat="41.0841439" version="1" lon="29.0110351" visible="true" changeset="1" /><node timestamp="2025-04-21T00:18:25Z" id="11124013892" uid="1" user="OSMnx" lat="41.0846832" version="1" lon="29.0119225" visible="true" changeset="1" /><node timestamp="2025-04-21T00:18:25Z" id="11124013893" uid="1" user="OSMnx" lat="41.0842056" version="1" lon="29.0113714" visible="true" changeset="1" /><node timestamp="2025-04-21T00:18:25Z" id="11124013894" uid="1" user="OSMnx" lat="41.0844653" version="1" lon="29.0116388" visible="true" changeset="1" /><node timestamp="2025-04-21T00:18:25Z" id="11124013895" uid="1" user="OSMnx" lat="41.0835725" version="1" lon="29.0108174" visible="true" changeset="1" /><node timestamp="2025-04-21T00:18:25Z" id="11124013896" uid="1" user="OSMnx" lat="41.0828355" version="1" lon="29.0106002" visible="true" changeset="1" /><node timestamp="2025-04-21T00:18:25Z" id="11124013897" uid="1" user="OSMnx" lat="41.0825708" version="1" lon="29.0105848" visible="true" changeset="1" /><node timestamp="2025-04-21T00:18:25Z" id="11124067007" uid="1" user="OSMnx" lat="41.085409" version="1" lon="29.0131619" visible="true" changeset="1" /><node timestamp="2025-04-21T00:18:25Z" id="11124067010" uid="1" user="OSMnx" lat="41.086081" version="1" lon="29.0143123" visible="true" changeset="1" /><node timestamp="2025-04-21T00:18:25Z" id="11124067011" uid="1" user="OSMnx" lat="41.0864898" version="1" lon="29.0149644" visible="true" changeset="1" /><node timestamp="2025-04-21T00:18:25Z" id="11124067012" uid="1" user="OSMnx" lat="41.0904093" version="1" lon="29.0198708" visible="true" changeset="1" /><node timestamp="2025-04-21T00:18:25Z" id="11124472132" uid="1" user="OSMnx" lat="41.0815065" version="1" lon="29.0111179" visible="true" changeset="1" /><node timestamp="2025-04-21T00:18:25Z" id="11124472133" uid="1" user="OSMnx" lat="41.081043" version="1" lon="29.0113721" visible="true" changeset="1" /><node timestamp="2025-04-21T00:18:25Z" id="11124472134" uid="1" user="OSMnx" lat="41.0804979" version="1" lon="29.0116454" visible="true" changeset="1" /><node timestamp="2025-04-21T00:18:25Z" id="11124472135" uid="1" user="OSMnx" lat="41.0806546" version="1" lon="29.0115818" visible="true" changeset="1" /><node timestamp="2025-04-21T00:18:25Z" id="11124472136" uid="1" user="OSMnx" lat="41.0808048" version="1" lon="29.0115011" visible="true" changeset="1" /><node timestamp="2025-04-21T00:18:25Z" id="11124472137" uid="1" user="OSMnx" lat="41.0829327" version="1" lon="29.0106032" visible="true" changeset="1" /><node timestamp="2025-04-21T00:18:25Z" id="11124472138" uid="1" user="OSMnx" lat="41.0822369" version="1" lon="29.0107662" visible="true" changeset="1" /><node timestamp="2025-04-21T00:18:25Z" id="11124472139" uid="1" user="OSMnx" lat="41.0819836" version="1" lon="29.0109134" visible="true" changeset="1" /><node timestamp="2025-04-21T00:18:25Z" id="11124472140" uid="1" user="OSMnx" lat="41.0818508" version="1" lon="29.0109992" visible="true" changeset="1" /><node timestamp="2025-04-21T00:18:25Z" id="11124472141" uid="1" user="OSMnx" lat="41.0844143" version="1" lon="29.0115838" visible="true" changeset="1"><tag k="highway" v="give_way" /></node><node timestamp="2025-04-21T00:18:25Z" id="11124472143" uid="1" user="OSMnx" lat="41.0853935" version="1" lon="29.0144475" visible="true" changeset="1" /><node timestamp="2025-04-21T00:18:25Z" id="11124472145" uid="1" user="OSMnx" lat="41.0852907" version="1" lon="29.0145083" visible="true" changeset="1" /><node timestamp="2025-04-21T00:18:25Z" id="11124472155" uid="1" user="OSMnx" lat="41.0814857" version="1" lon="29.0113977" visible="true" changeset="1" /><node timestamp="2025-04-21T00:18:25Z" id="11124472156" uid="1" user="OSMnx" lat="41.0814195" version="1" lon="29.011558" visible="true" changeset="1" /><node timestamp="2025-04-21T00:18:25Z" id="11124472157" uid="1" user="OSMnx" lat="41.0811792" version="1" lon="29.0114752" visible="true" changeset="1" /><node timestamp="2025-04-21T00:18:25Z" id="11124472164" uid="1" user="OSMnx" lat="41.0839037" version="1" lon="29.0105919" visible="true" changeset="1" /><node timestamp="2025-04-21T00:18:25Z" id="11126518856" uid="1" user="OSMnx" lat="41.0788926" version="1" lon="29.0126808" visible="true" changeset="1" /><node timestamp="2025-04-21T00:18:25Z" id="11126518857" uid="1" user="OSMnx" lat="41.0797197" version="1" lon="29.0121368" visible="true" changeset="1" /><node timestamp="2025-04-21T00:18:25Z" id="11126518858" uid="1" user="OSMnx" lat="41.0794141" version="1" lon="29.0123493" visible="true" changeset="1" /><node timestamp="2025-04-21T00:18:25Z" id="11126518859" uid="1" user="OSMnx" lat="41.0787973" version="1" lon="29.0130187" visible="true" changeset="1" /><node timestamp="2025-04-21T00:18:25Z" id="11126518860" uid="1" user="OSMnx" lat="41.0788698" version="1" lon="29.0129062" visible="true" changeset="1" /><node timestamp="2025-04-21T00:18:25Z" id="11126518861" uid="1" user="OSMnx" lat="41.0775799" version="1" lon="29.0137472" visible="true" changeset="1" /><node timestamp="2025-04-21T00:18:25Z" id="11126518862" uid="1" user="OSMnx" lat="41.0776593" version="1" lon="29.0137384" visible="true" changeset="1" /><node timestamp="2025-04-21T00:18:25Z" id="11126518863" uid="1" user="OSMnx" lat="41.077731" version="1" lon="29.0137015" visible="true" changeset="1" /><node timestamp="2025-04-21T00:18:25Z" id="11126518864" uid="1" user="OSMnx" lat="41.0784351" version="1" lon="29.0132376" visible="true" changeset="1" /><node timestamp="2025-04-21T00:18:25Z" id="11126518865" uid="1" user="OSMnx" lat="41.0789503" version="1" lon="29.0130319" visible="true" changeset="1" /><node timestamp="2025-04-21T00:18:25Z" id="11126518866" uid="1" user="OSMnx" lat="41.0779011" version="1" lon="29.0134726" visible="true" changeset="1" /><node timestamp="2025-04-21T00:18:25Z" id="11126518867" uid="1" user="OSMnx" lat="41.0782099" version="1" lon="29.0132378" visible="true" changeset="1" /><node timestamp="2025-04-21T00:18:25Z" id="11126518868" uid="1" user="OSMnx" lat="41.0793698" version="1" lon="29.0140474" visible="true" changeset="1" /><node timestamp="2025-04-21T00:18:25Z" id="11126518869" uid="1" user="OSMnx" lat="41.0794597" version="1" lon="29.0139509" visible="true" changeset="1" /><node timestamp="2025-04-21T00:18:25Z" id="11126518870" uid="1" user="OSMnx" lat="41.0790248" version="1" lon="29.013225" visible="true" changeset="1" /><node timestamp="2025-04-21T00:18:25Z" id="11126518874" uid="1" user="OSMnx" lat="41.0794112" version="1" lon="29.0138642" visible="true" changeset="1" /><node timestamp="2025-04-21T00:18:25Z" id="11126518875" uid="1" user="OSMnx" lat="41.0802657" version="1" lon="29.0129472" visible="true" changeset="1" /><node timestamp="2025-04-21T00:18:25Z" id="11126518883" uid="1" user="OSMnx" lat="41.0795052" version="1" lon="29.013804" visible="true" changeset="1" /><node timestamp="2025-04-21T00:18:25Z" id="11126518884" uid="1" user="OSMnx" lat="41.0796364" version="1" lon="29.0136946" visible="true" changeset="1" /><node timestamp="2025-04-21T00:18:25Z" id="11126518885" uid="1" user="OSMnx" lat="41.0798875" version="1" lon="29.0134557" visible="true" changeset="1" /><node timestamp="2025-04-21T00:18:25Z" id="11126518886" uid="1" user="OSMnx" lat="41.0800395" version="1" lon="29.0132862" visible="true" changeset="1" /><node timestamp="2025-04-21T00:18:25Z" id="11126518887" uid="1" user="OSMnx" lat="41.0801054" version="1" lon="29.0131766" visible="true" changeset="1" /><node timestamp="2025-04-21T00:18:25Z" id="11126518888" uid="1" user="OSMnx" lat="41.0801596" version="1" lon="29.013037" visible="true" changeset="1" /><node timestamp="2025-04-21T00:18:25Z" id="11126518889" uid="1" user="OSMnx" lat="41.0801791" version="1" lon="29.0123746" visible="true" changeset="1" /><node timestamp="2025-04-21T00:18:25Z" id="11126518891" uid="1" user="OSMnx" lat="41.0791282" version="1" lon="29.0134118" visible="true" changeset="1" /><node timestamp="2025-04-21T00:18:25Z" id="11126518892" uid="1" user="OSMnx" lat="41.0790449" version="1" lon="29.0132069" visible="true" changeset="1" /><node timestamp="2025-04-21T00:18:25Z" id="11126518893" uid="1" user="OSMnx" lat="41.0793108" version="1" lon="29.013888" visible="true" changeset="1" /><node timestamp="2025-04-21T00:18:25Z" id="11126518894" uid="1" user="OSMnx" lat="41.0791843" version="1" lon="29.0135368" visible="true" changeset="1" /><node timestamp="2025-04-21T00:18:25Z" id="11126518895" uid="1" user="OSMnx" lat="41.0792184" version="1" lon="29.0136774" visible="true" changeset="1" /><node timestamp="2025-04-21T00:18:25Z" id="11126518896" uid="1" user="OSMnx" lat="41.0792005" version="1" lon="29.0136067" visible="true" changeset="1" /><node timestamp="2025-04-21T00:18:25Z" id="11126518897" uid="1" user="OSMnx" lat="41.0793007" version="1" lon="29.0139024" visible="true" changeset="1" /><node timestamp="2025-04-21T00:18:25Z" id="11126518898" uid="1" user="OSMnx" lat="41.0795859" version="1" lon="29.0138945" visible="true" changeset="1" /><node timestamp="2025-04-21T00:18:25Z" id="11126518899" uid="1" user="OSMnx" lat="41.0792413" version="1" lon="29.0136302" visible="true" changeset="1" /><node timestamp="2025-04-21T00:18:25Z" id="11126518900" uid="1" user="OSMnx" lat="41.0793157" version="1" lon="29.0137725" visible="true" changeset="1" /><node timestamp="2025-04-21T00:18:25Z" id="11126518901" uid="1" user="OSMnx" lat="41.0793625" version="1" lon="29.0138305" visible="true" changeset="1" /><node timestamp="2025-04-21T00:18:25Z" id="11126518902" uid="1" user="OSMnx" lat="41.0794789" version="1" lon="29.0138794" visible="true" changeset="1" /><node timestamp="2025-04-21T00:18:25Z" id="11126518903" uid="1" user="OSMnx" lat="41.079541" version="1" lon="29.0138747" visible="true" changeset="1" /><node timestamp="2025-04-21T00:18:25Z" id="11126518904" uid="1" user="OSMnx" lat="41.0796035" version="1" lon="29.0138494" visible="true" changeset="1" /><node timestamp="2025-04-21T00:18:25Z" id="11126518905" uid="1" user="OSMnx" lat="41.0813087" version="1" lon="29.0114837" visible="true" changeset="1" /><node timestamp="2025-04-21T00:18:25Z" id="11126518920" uid="1" user="OSMnx" lat="41.0730369" version="1" lon="29.0160294" visible="true" changeset="1" /><node timestamp="2025-04-21T00:18:25Z" id="11137815261" uid="1" user="OSMnx" lat="41.0897327" version="1" lon="29.0200357" visible="true" changeset="1" /><node timestamp="2025-04-21T00:18:25Z" id="11137815303" uid="1" user="OSMnx" lat="41.0762129" version="1" lon="29.0145528" visible="true" changeset="1" /><node timestamp="2025-04-21T00:18:25Z" id="11137847436" uid="1" user="OSMnx" lat="41.0751343" version="1" lon="29.0176217" visible="true" changeset="1"><tag k="highway" v="crossing" /></node><node timestamp="2025-04-21T00:18:25Z" id="11137847440" uid="1" user="OSMnx" lat="41.0813886" version="1" lon="29.011023" visible="true" changeset="1" /><node timestamp="2025-04-21T00:18:25Z" id="11139037531" uid="1" user="OSMnx" lat="41.0807173" version="1" lon="29.0114596" visible="true" changeset="1" /><node timestamp="2025-04-21T00:18:25Z" id="11146357438" uid="1" user="OSMnx" lat="41.074876" version="1" lon="29.017309" visible="true" changeset="1"><tag k="highway" v="crossing" /></node><node timestamp="2025-04-21T00:18:25Z" id="11151482966" uid="1" user="OSMnx" lat="41.0762956" version="1" lon="29.0168504" visible="true" changeset="1" /><node timestamp="2025-04-21T00:18:25Z" id="11151482967" uid="1" user="OSMnx" lat="41.0762546" version="1" lon="29.0168881" visible="true" changeset="1"><tag k="highway" v="crossing" /></node><node timestamp="2025-04-21T00:18:25Z" id="11151482968" uid="1" user="OSMnx" lat="41.0762372" version="1" lon="29.0168386" visible="true" changeset="1"><tag k="highway" v="crossing" /></node><node timestamp="2025-04-21T00:18:25Z" id="11151482969" uid="1" user="OSMnx" lat="41.0763385" version="1" lon="29.016799" visible="true" changeset="1" /><node timestamp="2025-04-21T00:18:25Z" id="11175226087" uid="1" user="OSMnx" lat="41.0832218" version="1" lon="29.0105093" visible="true" changeset="1" /><node timestamp="2025-04-21T00:18:25Z" id="11175226094" uid="1" user="OSMnx" lat="41.0830769" version="1" lon="29.0099885" visible="true" changeset="1" /><node timestamp="2025-04-21T00:18:25Z" id="11336228777" uid="1" user="OSMnx" lat="41.0801979" version="1" lon="29.0118099" visible="true" changeset="1" /><node timestamp="2025-04-21T00:18:25Z" id="11516600858" uid="1" user="OSMnx" lat="41.0850071" version="1" lon="29.0123816" visible="true" changeset="1" /><node timestamp="2025-04-21T00:18:25Z" id="11635345253" uid="1" user="OSMnx" lat="41.0776967" version="1" lon="29.013628" visible="true" changeset="1" /><node timestamp="2025-04-21T00:18:25Z" id="11635345254" uid="1" user="OSMnx" lat="41.0789018" version="1" lon="29.0128964" visible="true" changeset="1" /><node timestamp="2025-04-21T00:18:25Z" id="11635345255" uid="1" user="OSMnx" lat="41.0785331" version="1" lon="29.0129982" visible="true" changeset="1" /><node timestamp="2025-04-21T00:18:25Z" id="11635345256" uid="1" user="OSMnx" lat="41.0780605" version="1" lon="29.0134835" visible="true" changeset="1" /><node timestamp="2025-04-21T00:18:25Z" id="11635345257" uid="1" user="OSMnx" lat="41.0778537" version="1" lon="29.0136239" visible="true" changeset="1" /><node timestamp="2025-04-21T00:18:25Z" id="11635345259" uid="1" user="OSMnx" lat="41.0827203" version="1" lon="29.0102535" visible="true" changeset="1" /><node timestamp="2025-04-21T00:18:25Z" id="11639129632" uid="1" user="OSMnx" lat="41.0813605" version="1" lon="29.0111974" visible="true" changeset="1" /><node timestamp="2025-04-21T00:18:25Z" id="11639129633" uid="1" user="OSMnx" lat="41.0826022" version="1" lon="29.0106179" visible="true" changeset="1" /><node timestamp="2025-04-21T00:18:25Z" id="11639129634" uid="1" user="OSMnx" lat="41.0838082" version="1" lon="29.0109878" visible="true" changeset="1" /><node timestamp="2025-04-21T00:18:25Z" id="11639129642" uid="1" user="OSMnx" lat="41.0838196" version="1" lon="29.0102703" visible="true" changeset="1" /><node timestamp="2025-04-21T00:18:25Z" id="11639129643" uid="1" user="OSMnx" lat="41.0839943" version="1" lon="29.0107933" visible="true" changeset="1" /><node timestamp="2025-04-21T00:18:25Z" id="11639129644" uid="1" user="OSMnx" lat="41.0842412" version="1" lon="29.0111779" visible="true" changeset="1" /><node timestamp="2025-04-21T00:18:25Z" id="11639129645" uid="1" user="OSMnx" lat="41.0848564" version="1" lon="29.0121864" visible="true" changeset="1" /><node timestamp="2025-04-21T00:18:25Z" id="11639129648" uid="1" user="OSMnx" lat="41.0859259" version="1" lon="29.0140577" visible="true" changeset="1" /><node timestamp="2025-04-21T00:18:25Z" id="11639129649" uid="1" user="OSMnx" lat="41.0862734" version="1" lon="29.0146242" visible="true" changeset="1" /><node timestamp="2025-04-21T00:18:25Z" id="11639129652" uid="1" user="OSMnx" lat="41.0874936" version="1" lon="29.016532" visible="true" changeset="1" /><node timestamp="2025-04-21T00:18:25Z" id="11639129654" uid="1" user="OSMnx" lat="41.0886743" version="1" lon="29.0182905" visible="true" changeset="1" /><node timestamp="2025-04-21T00:18:25Z" id="11639129655" uid="1" user="OSMnx" lat="41.0892509" version="1" lon="29.0189352" visible="true" changeset="1" /><node timestamp="2025-04-21T00:18:25Z" id="11645073572" uid="1" user="OSMnx" lat="41.084821" version="1" lon="29.012438" visible="true" changeset="1"><tag k="highway" v="stop" /></node><node timestamp="2025-04-21T00:18:25Z" id="11645073586" uid="1" user="OSMnx" lat="41.0841929" version="1" lon="29.0122789" visible="true" changeset="1"><tag k="highway" v="crossing" /></node><node timestamp="2025-04-21T00:18:25Z" id="12136215523" uid="1" user="OSMnx" lat="41.0833502" version="1" lon="29.0097554" visible="true" changeset="1" /><node timestamp="2025-04-21T00:18:25Z" id="12136215524" uid="1" user="OSMnx" lat="41.083464" version="1" lon="29.0096538" visible="true" changeset="1" /><node timestamp="2025-04-21T00:18:25Z" id="12136215528" uid="1" user="OSMnx" lat="41.0773453" version="1" lon="29.0138894" visible="true" changeset="1" /><node timestamp="2025-04-21T00:18:25Z" id="12136215529" uid="1" user="OSMnx" lat="41.0745657" version="1" lon="29.015435" visible="true" changeset="1"><tag k="highway" v="crossing" /></node><node timestamp="2025-04-21T00:18:25Z" id="12136215530" uid="1" user="OSMnx" lat="41.0738071" version="1" lon="29.0156832" visible="true" changeset="1" /><node timestamp="2025-04-21T00:18:25Z" id="12136215531" uid="1" user="OSMnx" lat="41.073179" version="1" lon="29.0159773" visible="true" changeset="1" /><node timestamp="2025-04-21T00:18:25Z" id="12315893868" uid="1" user="OSMnx" lat="41.0750776" version="1" lon="29.015407" visible="true" changeset="1" /><node timestamp="2025-04-21T00:18:25Z" id="12315893872" uid="1" user="OSMnx" lat="41.0745919" version="1" lon="29.015535" visible="true" changeset="1"><tag k="highway" v="crossing" /></node><node timestamp="2025-04-21T00:18:25Z" id="12715361385" uid="1" user="OSMnx" lat="41.0823465" version="1" lon="29.0185578" visible="true" changeset="1" /><node timestamp="2025-04-21T00:18:25Z" id="12715362854" uid="1" user="OSMnx" lat="41.0831683" version="1" lon="29.0181971" visible="true" changeset="1" /><way timestamp="2025-04-21T00:18:25Z" version="1" visible="true" id="23226386" uid="1" changeset="1" user="OSMnx"><nd ref="251270742" /><nd ref="11639129633" /><nd ref="10155688996" /><nd ref="11124013896" /><nd ref="11124472137" /><nd ref="10155688997" /><nd ref="251270744" /><nd ref="10155688970" /><nd ref="251270745" /><nd ref="11124013895" /><nd ref="10155688971" /><nd ref="11639129634" /><nd ref="251270746" /><nd ref="10155688972" /><nd ref="11124013893" /><nd ref="251270747" /><nd ref="11124472141" /><nd ref="11124013894" /><nd ref="10155688973" /><nd ref="11124013892" /><nd ref="10155688979" /><tag k="highway" v="motorway_link" /><tag k="maxspeed" v="70" /><tag k="oneway" v="yes" /><tag k="lanes" v="1" /><tag k="name" v="Levent 2 Kavşağı" /></way><way timestamp="2025-04-21T00:18:25Z" version="1" visible="true" id="23226392" uid="1" changeset="1" user="OSMnx"><nd ref="251150826" /><nd ref="11175226094" /><nd ref="251150827" /><nd ref="12136215523" /><nd ref="12136215524" /><tag k="bridge" v="yes" /><tag k="highway" v="primary" /><tag k="maxspeed" v="70" /><tag k="oneway" v="yes" /><tag k="lanes" v="3" /><tag k="name" v="Büyükdere Caddesi" /></way><way timestamp="2025-04-21T00:18:25Z" version="1" visible="true" id="31773323" uid="1" changeset="1" user="OSMnx"><nd ref="355686970" /><nd ref="775656619" /><nd ref="1749655634" /><nd ref="355686972" /><nd ref="775655551" /><nd ref="1749656270" /><nd ref="775655394" /><nd ref="1749687458" /><nd ref="1749658503" /><nd ref="1678904548" /><nd ref="355686974" /><tag k="highway" v="residential" /><tag k="oneway" v="no" /><tag k="name" v="Sümbül Sokağı" /></way><way timestamp="2025-04-21T00:18:25Z" version="1" visible="true" id="31774321" uid="1" changeset="1" user="OSMnx"><nd ref="355699683" /><nd ref="355699684" /><nd ref="355699685" /><nd ref="355699686" /><nd ref="355699687" /><nd ref="775655635" /><nd ref="355699690" /><tag k="highway" v="residential" /><tag k="oneway" v="no" /><tag k="name" v="Çilekli Caddesi" /></way><way timestamp="2025-04-21T00:18:25Z" version="1" visible="true" id="41807604" uid="1" changeset="1" user="OSMnx"><nd ref="516043636" /><nd ref="516043644" /><nd ref="516043645" /><nd ref="1762467234" /><nd ref="516043648" /><nd ref="962091115" /><nd ref="516043653" /><tag k="highway" v="tertiary" /><tag k="oneway" v="yes" /><tag k="name" v="Ebulula Mardin Caddesi" /></way><way timestamp="2025-04-21T00:18:25Z" version="1" visible="true" id="41807607" uid="1" changeset="1" user="OSMnx"><nd ref="516043636" /><nd ref="775654797" /><tag k="highway" v="tertiary" /><tag k="oneway" v="no" /><tag k="name" v="Ebulula Mardin Caddesi" /></way><way timestamp="2025-04-21T00:18:25Z" version="1" visible="true" id="41807609" uid="1" changeset="1" user="OSMnx"><nd ref="251150663" /><nd ref="1345775528" /><nd ref="516043820" /><nd ref="9915936871" /><nd ref="516043813" /><nd ref="516043809" /><nd ref="1345786058" /><nd ref="582943241" /><nd ref="516043807" /><nd ref="775654687" /><nd ref="516043806" /><nd ref="775654111" /><nd ref="516043805" /><nd ref="9360337856" /><nd ref="516043800" /><nd ref="9360337847" /><tag k="highway" v="tertiary" /><tag k="maxspeed" v="30" /><tag k="oneway" v="no" /><tag k="name" v="Levent Caddesi" /></way><way timestamp="2025-04-21T00:18:25Z" version="1" visible="true" id="41807611" uid="1" changeset="1" user="OSMnx"><nd ref="1672428802" /><nd ref="516043875" /><nd ref="1678904544" /><nd ref="1672428803" /><nd ref="1678904523" /><nd ref="516043880" /><nd ref="1678904570" /><nd ref="1672428801" /><nd ref="1678904521" /><nd ref="516043885" /><nd ref="1678904539" /><nd ref="1672428791" /><nd ref="1678904571" /><nd ref="1678904525" /><nd ref="516043889" /><tag k="highway" v="secondary" /><tag k="junction" v="roundabout" /><tag k="oneway" v="yes" /></way><way timestamp="2025-04-21T00:18:25Z" version="1" visible="true" id="41807612" uid="1" changeset="1" user="OSMnx"><nd ref="355686974" /><nd ref="516043894" /><tag k="highway" v="residential" /><tag k="oneway" v="no" /></way><way timestamp="2025-04-21T00:18:25Z" version="1" visible="true" id="41807615" uid="1" changeset="1" user="OSMnx"><nd ref="355699683" /><nd ref="1672428802" /><tag k="highway" v="residential" /><tag k="oneway" v="no" /></way><way timestamp="2025-04-21T00:18:25Z" version="1" visible="true" id="41807616" uid="1" changeset="1" user="OSMnx"><nd ref="516043875" /><nd ref="355687140" /><tag k="highway" v="secondary" /><tag k="oneway" v="yes" /><tag k="name" v="Uğur Mumcu Caddesi" /></way><way timestamp="2025-04-21T00:18:25Z" version="1" visible="true" id="41807620" uid="1" changeset="1" user="OSMnx"><nd ref="516044062" /><nd ref="516044068" /><nd ref="516044076" /><nd ref="2261060354" /><nd ref="516044078" /><nd ref="516044079" /><nd ref="11126518875" /><nd ref="2502581412" /><nd ref="1345799096" /><nd ref="2502578374" /><tag k="highway" v="secondary" /><tag k="oneway" v="no" /></way><way timestamp="2025-04-21T00:18:25Z" version="1" visible="true" id="41807627" uid="1" changeset="1" user="OSMnx"><nd ref="1926265472" /><nd ref="11635345254" /><nd ref="10155688937" /><nd ref="516044133" /><nd ref="516044129" /><nd ref="2397012357" /><tag k="highway" v="secondary_link" /><tag k="oneway" v="yes" /><tag k="lanes" v="1" /></way><way timestamp="2025-04-21T00:18:25Z" version="1" visible="true" id="41807631" uid="1" changeset="1" user="OSMnx"><nd ref="516044016" /><nd ref="516044376" /><nd ref="516044391" /><nd ref="516044402" /><nd ref="2397000774" /><nd ref="516044420" /><nd ref="516044425" /><nd ref="516044433" /><nd ref="355499285" /><nd ref="516044445" /><nd ref="516044453" /><nd ref="516044469" /><nd ref="516044269" /><tag k="highway" v="residential" /><tag k="oneway" v="no" /><tag k="name" v="Prof. Kemal Ahet Aru Sokağı" /></way><way timestamp="2025-04-21T00:18:25Z" version="1" visible="true" id="41807633" uid="1" changeset="1" user="OSMnx"><nd ref="516044657" /><nd ref="516044664" /><nd ref="516043987" /><tag k="highway" v="secondary" /><tag k="oneway" v="yes" /></way><way timestamp="2025-04-21T00:18:25Z" version="1" visible="true" id="41807639" uid="1" changeset="1" user="OSMnx"><nd ref="1759577450" /><nd ref="1759577448" /><nd ref="516044793" /><nd ref="1759577451" /><nd ref="1759577444" /><nd ref="516044753" /><nd ref="1759577449" /><nd ref="516044657" /><nd ref="1759577447" /><nd ref="516044817" /><nd ref="1759577452" /><nd ref="516044836" /><nd ref="1759577446" /><nd ref="516044854" /><nd ref="1759577443" /><nd ref="516043973" /><nd ref="1759577445" /><nd ref="516043972" /><nd ref="1759577450" /><tag k="highway" v="secondary" /><tag k="junction" v="roundabout" /><tag k="oneway" v="no" /></way><way timestamp="2025-04-21T00:18:25Z" version="1" visible="true" id="43035500" uid="1" changeset="1" user="OSMnx"><nd ref="539133137" /><nd ref="251147522" /><tag k="bridge" v="yes" /><tag k="highway" v="primary" /><tag k="maxspeed" v="70" /><tag k="oneway" v="yes" /><tag k="lanes" v="3" /><tag k="name" v="Büyükdere Caddesi" /></way><way timestamp="2025-04-21T00:18:25Z" version="1" visible="true" id="43035505" uid="1" changeset="1" user="OSMnx"><nd ref="251147522" /><nd ref="251147523" /><nd ref="582943234" /><nd ref="4053774752" /><nd ref="582943215" /><nd ref="10155688927" /><nd ref="9360337880" /><nd ref="11137815303" /><nd ref="10155688928" /><nd ref="251147733" /><nd ref="10155688929" /><nd ref="251150662" /><nd ref="12136215528" /><nd ref="251150663" /><tag k="highway" v="primary" /><tag k="maxspeed" v="70" /><tag k="oneway" v="yes" /><tag k="lanes" v="3" /><tag k="name" v="Büyükdere Caddesi" /></way><way timestamp="2025-04-21T00:18:25Z" version="1" visible="true" id="45500610" uid="1" changeset="1" user="OSMnx"><nd ref="11126518920" /><nd ref="251147521" /><nd ref="12136215531" /><nd ref="2380794549" /><nd ref="12136215530" /><nd ref="539133137" /><tag k="highway" v="primary" /><tag k="maxspeed" v="70" /><tag k="oneway" v="yes" /><tag k="lanes" v="3" /><tag k="name" v="Büyükdere Caddesi" /></way><way timestamp="2025-04-21T00:18:25Z" version="1" visible="true" id="45777128" uid="1" changeset="1" user="OSMnx"><nd ref="1749621021" /><nd ref="775654612" /><nd ref="516043820" /><nd ref="2395783737" /><nd ref="2395783725" /><nd ref="2395783724" /><nd ref="2395783721" /><nd ref="1345771857" /><tag k="highway" v="tertiary" /><tag k="oneway" v="no" /><tag k="name" v="Karanfil Sokağı" /></way><way timestamp="2025-04-21T00:18:25Z" version="1" visible="true" id="45777131" uid="1" changeset="1" user="OSMnx"><nd ref="4053774752" /><nd ref="9360337885" /><nd ref="9360337884" /><nd ref="4573326658" /><nd ref="4053774754" /><nd ref="1345775532" /><nd ref="9360337882" /><nd ref="582943228" /><nd ref="9360337883" /><nd ref="2380794607" /><tag k="highway" v="residential" /><tag k="oneway" v="yes" /><tag k="name" v="Çarşı Caddesi" /></way><way timestamp="2025-04-21T00:18:25Z" version="1" visible="true" id="45777138" uid="1" changeset="1" user="OSMnx"><nd ref="582943203" /><nd ref="10817703780" /><nd ref="582943232" /><nd ref="582943233" /><nd ref="4053785527" /><nd ref="4053785525" /><nd ref="12315893868" /><nd ref="4053786311" /><nd ref="4053786309" /><nd ref="4053786308" /><nd ref="4053786310" /><nd ref="582943234" /><tag k="highway" v="residential" /><tag k="oneway" v="no" /><tag k="name" v="Karakol Sokağı" /></way><way timestamp="2025-04-21T00:18:25Z" version="1" visible="true" id="45777144" uid="1" changeset="1" user="OSMnx"><nd ref="582943233" /><nd ref="10817703783" /><nd ref="582943235" /><nd ref="4053786312" /><nd ref="582943236" /><nd ref="582943237" /><nd ref="12315893872" /><nd ref="12136215529" /><nd ref="251147523" /><tag k="highway" v="residential" /><tag k="oneway" v="no" /><tag k="name" v="Binbir Çiçek Sokağı" /></way><way timestamp="2025-04-21T00:18:25Z" version="1" visible="true" id="45777146" uid="1" changeset="1" user="OSMnx"><nd ref="582943238" /><nd ref="4053740076" /><nd ref="582943239" /><nd ref="1345779406" /><nd ref="582943229" /><nd ref="582943240" /><nd ref="10603161516" /><nd ref="9360337877" /><nd ref="10603430933" /><nd ref="10603473611" /><nd ref="2394806545" /><nd ref="582943241" /><tag k="highway" v="residential" /><tag k="oneway" v="yes" /><tag k="name" v="Sülün Sokağı" /></way><way timestamp="2025-04-21T00:18:25Z" version="1" visible="true" id="62175783" uid="1" changeset="1" user="OSMnx"><nd ref="10603430936" /><nd ref="10603476872" /><nd ref="9360337867" /><nd ref="10603197454" /><nd ref="10603348717" /><nd ref="9360337866" /><nd ref="9360337865" /><nd ref="775654105" /><tag k="highway" v="residential" /><tag k="oneway" v="yes" /><tag k="name" v="Güvercin Sokağı" /></way><way timestamp="2025-04-21T00:18:25Z" version="1" visible="true" id="62175812" uid="1" changeset="1" user="OSMnx"><nd ref="775654539" /><nd ref="775654538" /><nd ref="1749720320" /><nd ref="775654537" /><nd ref="1345786061" /><nd ref="516043813" /><nd ref="9360337879" /><nd ref="10603473610" /><nd ref="10603161513" /><nd ref="9360337878" /><tag k="highway" v="residential" /><tag k="oneway" v="yes" /><tag k="name" v="Sümbül Sokağı" /></way><way timestamp="2025-04-21T00:18:25Z" version="1" visible="true" id="62175826" uid="1" changeset="1" user="OSMnx"><nd ref="355686970" /><nd ref="1749621024" /><nd ref="775655317" /><nd ref="775654682" /><nd ref="2394748672" /><tag k="highway" v="residential" /><tag k="oneway" v="no" /><tag k="name" v="Yeni Sülün Sokağı" /></way><way timestamp="2025-04-21T00:18:25Z" version="1" visible="true" id="62175827" uid="1" changeset="1" user="OSMnx"><nd ref="775654687" /><nd ref="775654723" /><nd ref="1345787294" /><nd ref="775654726" /><nd ref="775654727" /><nd ref="775654729" /><nd ref="1749649541" /><nd ref="775654731" /><nd ref="775654733" /><nd ref="775654735" /><nd ref="1749652827" /><nd ref="2394748666" /><nd ref="775654737" /><nd ref="1749652841" /><nd ref="775654738" /><tag k="highway" v="residential" /><tag k="oneway" v="no" /><tag k="name" v="Krizantem Sokağı" /></way><way timestamp="2025-04-21T00:18:25Z" version="1" visible="true" id="62175828" uid="1" changeset="1" user="OSMnx"><nd ref="775655268" /><nd ref="2262297083" /><nd ref="355699780" /><tag k="highway" v="residential" /><tag k="oneway" v="no" /><tag k="name" v="Ülgen Sokağı" /></way><way timestamp="2025-04-21T00:18:25Z" version="1" visible="true" id="62175861" uid="1" changeset="1" user="OSMnx"><nd ref="775655650" /><nd ref="1678904566" /><nd ref="1749687466" /><nd ref="1719551904" /><nd ref="1749656269" /><nd ref="2394748706" /><nd ref="775655312" /><nd ref="775655557" /><nd ref="1749652819" /><nd ref="775656620" /><nd ref="775655313" /><nd ref="775655315" /><nd ref="775655317" /><tag k="highway" v="residential" /><tag k="oneway" v="no" /></way><way timestamp="2025-04-21T00:18:25Z" version="1" visible="true" id="62175871" uid="1" changeset="1" user="OSMnx"><nd ref="775655338" /><nd ref="1749658507" /><nd ref="775655461" /><nd ref="775655379" /><nd ref="2394748707" /><nd ref="775655380" /><nd ref="1749655628" /><nd ref="1749652823" /><nd ref="775656615" /><nd ref="775655381" /><nd ref="1345787299" /><nd ref="775655382" /><tag k="highway" v="residential" /><tag k="oneway" v="no" /><tag k="name" v="Karanfil Sokağı" /></way><way timestamp="2025-04-21T00:18:25Z" version="1" visible="true" id="62175880" uid="1" changeset="1" user="OSMnx"><nd ref="775655394" /><nd ref="775655459" /><nd ref="775655461" /><tag k="highway" v="residential" /><tag k="oneway" v="no" /></way><way timestamp="2025-04-21T00:18:25Z" version="1" visible="true" id="62175893" uid="1" changeset="1" user="OSMnx"><nd ref="775655380" /><nd ref="775655546" /><nd ref="775655547" /><nd ref="775655548" /><nd ref="775655549" /><nd ref="775655551" /><nd ref="775655552" /><nd ref="775655553" /><nd ref="775655554" /><nd ref="775655555" /><nd ref="775655557" /><nd ref="775655558" /><nd ref="775655559" /><tag k="highway" v="residential" /><tag k="oneway" v="no" /><tag k="name" v="Fulyalı Sokağı" /></way><way timestamp="2025-04-21T00:18:25Z" version="1" visible="true" id="62175898" uid="1" changeset="1" user="OSMnx"><nd ref="1749698827" /><nd ref="775655631" /><nd ref="775655633" /><nd ref="775655634" /><nd ref="775655635" /><tag k="highway" v="residential" /><tag k="oneway" v="no" /><tag k="name" v="Sedir Sokağı" /></way><way timestamp="2025-04-21T00:18:25Z" version="1" visible="true" id="62175899" uid="1" changeset="1" user="OSMnx"><nd ref="1719551902" /><nd ref="775655630" /><nd ref="1749698832" /><tag k="highway" v="residential" /><tag k="oneway" v="no" /><tag k="name" v="Gazeteci Ümit Deniz Sokağı" /></way><way timestamp="2025-04-21T00:18:25Z" version="1" visible="true" id="62175947" uid="1" changeset="1" user="OSMnx"><nd ref="775656615" /><nd ref="775656616" /><nd ref="775656618" /><nd ref="775656619" /><nd ref="775656620" /><tag k="highway" v="residential" /><tag k="oneway" v="no" /><tag k="name" v="Tutya Sokağı" /></way><way timestamp="2025-04-21T00:18:25Z" version="1" visible="true" id="119904246" uid="1" changeset="1" user="OSMnx"><nd ref="1345662383" /><nd ref="9915936907" /><nd ref="1345663250" /><tag k="highway" v="primary_link" /><tag k="maxspeed" v="30" /><tag k="oneway" v="yes" /><tag k="lanes" v="1" /></way><way timestamp="2025-04-21T00:18:25Z" version="1" visible="true" id="119904382" uid="1" changeset="1" user="OSMnx"><nd ref="1926265319" /><nd ref="9915936882" /><nd ref="1345664329" /><tag k="highway" v="primary_link" /><tag k="maxspeed" v="30" /><tag k="oneway" v="yes" /><tag k="lanes" v="1" /></way><way timestamp="2025-04-21T00:18:25Z" version="1" visible="true" id="119914574" uid="1" changeset="1" user="OSMnx"><nd ref="1345771857" /><nd ref="1345779401" /><nd ref="2394806539" /><nd ref="10188166986" /><nd ref="9360337878" /><nd ref="582943230" /><nd ref="582943229" /><tag k="highway" v="residential" /><tag k="oneway" v="yes" /><tag k="name" v="Eylül Sokağı" /></way><way timestamp="2025-04-21T00:18:25Z" version="1" visible="true" id="119914690" uid="1" changeset="1" user="OSMnx"><nd ref="1345775528" /><nd ref="1345775530" /><nd ref="2395783729" /><nd ref="1345775538" /><nd ref="2395783720" /><nd ref="1345775540" /><nd ref="2395783719" /><nd ref="10817703775" /><nd ref="1345775532" /><tag k="highway" v="residential" /><tag k="oneway" v="yes" /><tag k="name" v="Yasemin Sokağı" /></way><way timestamp="2025-04-21T00:18:25Z" version="1" visible="true" id="119915409" uid="1" changeset="1" user="OSMnx"><nd ref="1345779401" /><nd ref="1345779400" /><nd ref="9915936871" /><tag k="highway" v="residential" /><tag k="oneway" v="yes" /><tag k="name" v="Lale Sokağı" /></way><way timestamp="2025-04-21T00:18:25Z" version="1" visible="true" id="119915410" uid="1" changeset="1" user="OSMnx"><nd ref="10603430935" /><nd ref="10603476871" /><nd ref="1345779405" /><nd ref="9360337874" /><tag k="highway" v="residential" /><tag k="oneway" v="yes" /><tag k="name" v="Krizantem Sokağı" /></way><way timestamp="2025-04-21T00:18:25Z" version="1" visible="true" id="119915411" uid="1" changeset="1" user="OSMnx"><nd ref="9360337874" /><nd ref="1345779406" /><nd ref="10603377312" /><nd ref="1749730543" /><nd ref="1345779410" /><nd ref="1749730549" /><nd ref="2380794588" /><tag k="highway" v="residential" /><tag k="oneway" v="yes" /><tag k="name" v="Çalıkuşu Sokağı" /></way><way timestamp="2025-04-21T00:18:25Z" version="1" visible="true" id="119916741" uid="1" changeset="1" user="OSMnx"><nd ref="1345786061" /><nd ref="1345786055" /><nd ref="775654578" /><tag k="highway" v="residential" /><tag k="oneway" v="no" /></way><way timestamp="2025-04-21T00:18:25Z" version="1" visible="true" id="119916742" uid="1" changeset="1" user="OSMnx"><nd ref="1345786058" /><nd ref="1345786057" /><nd ref="775654578" /><tag k="highway" v="residential" /><tag k="oneway" v="no" /><tag k="name" v="Mektep Sokağı" /></way><way timestamp="2025-04-21T00:18:25Z" version="1" visible="true" id="119916743" uid="1" changeset="1" user="OSMnx"><nd ref="775654578" /><nd ref="1345787292" /><nd ref="1345786053" /><nd ref="1345786056" /><nd ref="2394748650" /><nd ref="1345786059" /><nd ref="775654539" /><tag k="highway" v="residential" /><tag k="oneway" v="no" /><tag k="name" v="Mektep Sokağı" /></way><way timestamp="2025-04-21T00:18:25Z" version="1" visible="true" id="119916831" uid="1" changeset="1" user="OSMnx"><nd ref="516043973" /><nd ref="4618539965" /><nd ref="1345787303" /><nd ref="1345787305" /><nd ref="775654678" /><tag k="highway" v="residential" /><tag k="oneway" v="no" /><tag k="name" v="Zerrin Sokağı" /></way><way timestamp="2025-04-21T00:18:25Z" version="1" visible="true" id="119916832" uid="1" changeset="1" user="OSMnx"><nd ref="1345787298" /><nd ref="1345787301" /><nd ref="775654733" /><tag k="highway" v="residential" /><tag k="oneway" v="no" /><tag k="name" v="Murat Sokağı" /></way><way timestamp="2025-04-21T00:18:25Z" version="1" visible="true" id="119916833" uid="1" changeset="1" user="OSMnx"><nd ref="1345787306" /><nd ref="1345787304" /><nd ref="1345787294" /><tag k="highway" v="residential" /><tag k="oneway" v="no" /><tag k="name" v="Şefik Sokağı" /></way><way timestamp="2025-04-21T00:18:25Z" version="1" visible="true" id="119916834" uid="1" changeset="1" user="OSMnx"><nd ref="1345787303" /><nd ref="1345787302" /><nd ref="1345787299" /><tag k="highway" v="residential" /><tag k="oneway" v="yes" /><tag k="name" v="Hacı Adil Caddesi" /></way><way timestamp="2025-04-21T00:18:25Z" version="1" visible="true" id="119916835" uid="1" changeset="1" user="OSMnx"><nd ref="1345786057" /><nd ref="1749646978" /><nd ref="1749646977" /><nd ref="1345787296" /><nd ref="1345787293" /><nd ref="1345787297" /><nd ref="775654727" /><tag k="highway" v="residential" /><tag k="oneway" v="no" /><tag k="name" v="Sülünlü Sokağı" /></way><way timestamp="2025-04-21T00:18:25Z" version="1" visible="true" id="119916883" uid="1" changeset="1" user="OSMnx"><nd ref="1749621023" /><nd ref="1345788032" /><tag k="highway" v="residential" /><tag k="oneway" v="no" /></way><way timestamp="2025-04-21T00:18:25Z" version="1" visible="true" id="119916884" uid="1" changeset="1" user="OSMnx"><nd ref="1345787307" /><nd ref="1345788040" /><nd ref="1749621027" /><nd ref="1345788031" /><tag k="highway" v="residential" /><tag k="oneway" v="no" /><tag k="name" v="Fesleğen Sokağı" /></way><way timestamp="2025-04-21T00:18:25Z" version="1" visible="true" id="119916885" uid="1" changeset="1" user="OSMnx"><nd ref="1345787300" /><nd ref="1345788036" /><tag k="highway" v="residential" /><tag k="oneway" v="no" /><tag k="name" v="Asma Sokağı" /></way><way timestamp="2025-04-21T00:18:25Z" version="1" visible="true" id="119916886" uid="1" changeset="1" user="OSMnx"><nd ref="1345788042" /><nd ref="1345788035" /><nd ref="1749621025" /><nd ref="1345788041" /><nd ref="1345788038" /><tag k="highway" v="residential" /><tag k="oneway" v="no" /><tag k="name" v="Mor Karanfil Sokağı" /></way><way timestamp="2025-04-21T00:18:25Z" version="1" visible="true" id="119916961" uid="1" changeset="1" user="OSMnx"><nd ref="775654537" /><nd ref="1345788899" /><nd ref="1345788902" /><tag k="highway" v="residential" /><tag k="oneway" v="no" /><tag k="name" v="Sümbül Sokağı" /></way><way timestamp="2025-04-21T00:18:25Z" version="1" visible="true" id="119916962" uid="1" changeset="1" user="OSMnx"><nd ref="775654612" /><nd ref="1345788901" /><nd ref="1345788900" /><tag k="highway" v="residential" /><tag k="oneway" v="no" /><tag k="name" v="Alkaranfil Sokağı" /></way><way timestamp="2025-04-21T00:18:25Z" version="1" visible="true" id="119916963" uid="1" changeset="1" user="OSMnx"><nd ref="1345788903" /><nd ref="1345788900" /><nd ref="1749644324" /><nd ref="1345788902" /><nd ref="1345786061" /><tag k="highway" v="residential" /><tag k="oneway" v="no" /><tag k="name" v="Al Karanfil Sokağı" /></way><way timestamp="2025-04-21T00:18:25Z" version="1" visible="true" id="119917109" uid="1" changeset="1" user="OSMnx"><nd ref="1926265472" /><nd ref="11126518860" /><nd ref="9742918658" /><nd ref="1345790061" /><nd ref="1926265573" /><nd ref="1345790063" /><nd ref="9841321898" /><nd ref="11126518859" /><nd ref="516044083" /><tag k="highway" v="secondary_link" /><tag k="oneway" v="yes" /></way><way timestamp="2025-04-21T00:18:25Z" version="1" visible="true" id="152271741" uid="1" changeset="1" user="OSMnx"><nd ref="1650919872" /><nd ref="2397000802" /><nd ref="355499275" /><nd ref="355499277" /><nd ref="11645073586" /><nd ref="1749721622" /><nd ref="355499279" /><nd ref="355499280" /><nd ref="355499281" /><nd ref="355499282" /><nd ref="355499283" /><nd ref="355499284" /><nd ref="355499285" /><tag k="highway" v="residential" /><tag k="oneway" v="no" /><tag k="name" v="Meltem Sokağı" /></way><way timestamp="2025-04-21T00:18:25Z" version="1" visible="true" id="152271742" uid="1" changeset="1" user="OSMnx"><nd ref="1650920021" /><nd ref="11137815261" /><nd ref="11124013858" /><nd ref="1758199207" /><nd ref="1650920039" /><tag k="bridge" v="yes" /><tag k="highway" v="motorway_link" /><tag k="maxspeed" v="70" /><tag k="oneway" v="yes" /><tag k="lanes" v="1" /><tag k="name" v="Levent Kavşağı" /></way><way timestamp="2025-04-21T00:18:25Z" version="1" visible="true" id="152271744" uid="1" changeset="1" user="OSMnx"><nd ref="1650919804" /><nd ref="11124013864" /><nd ref="11124013882" /><nd ref="1650919910" /><nd ref="1650920038" /><nd ref="1650919955" /><nd ref="1650920021" /><tag k="highway" v="motorway_link" /><tag k="maxspeed" v="70" /><tag k="oneway" v="yes" /><tag k="lanes" v="1" /><tag k="name" v="Levent Kavşağı" /></way><way timestamp="2025-04-21T00:18:25Z" version="1" visible="true" id="152271746" uid="1" changeset="1" user="OSMnx"><nd ref="251270686" /><nd ref="11124472164" /><nd ref="11124013890" /><nd ref="11639129643" /><nd ref="251270687" /><nd ref="11124013891" /><nd ref="11639129644" /><nd ref="251270688" /><nd ref="10155688974" /><nd ref="10155688976" /><nd ref="10155688978" /><tag k="highway" v="motorway_link" /><tag k="maxspeed" v="70" /><tag k="oneway" v="yes" /><tag k="lanes" v="1" /><tag k="name" v="Levent 2 Kavşağı" /></way><way timestamp="2025-04-21T00:18:25Z" version="1" visible="true" id="152271747" uid="1" changeset="1" user="OSMnx"><nd ref="1650919872" /><nd ref="1650920066" /><nd ref="2397000803" /><nd ref="355499274" /><nd ref="1678894720" /><nd ref="355499322" /><nd ref="1749723511" /><nd ref="1678894685" /><nd ref="1678894579" /><nd ref="1678894599" /><nd ref="11124472143" /><nd ref="355499323" /><tag k="highway" v="secondary" /><tag k="oneway" v="yes" /><tag k="name" v="Çilekli Caddesi" /></way><way timestamp="2025-04-21T00:18:25Z" version="1" visible="true" id="152271750" uid="1" changeset="1" user="OSMnx"><nd ref="251270833" /><nd ref="10155688965" /><nd ref="10155688966" /><tag k="highway" v="motorway_link" /><tag k="maxspeed" v="70" /><tag k="oneway" v="yes" /><tag k="lanes" v="2" /><tag k="name" v="Levent 2 Kavşağı" /></way><way timestamp="2025-04-21T00:18:25Z" version="1" visible="true" id="152271764" uid="1" changeset="1" user="OSMnx"><nd ref="10155689002" /><nd ref="11124013886" /><nd ref="251270831" /><nd ref="11124013887" /><nd ref="251270832" /><nd ref="10155688968" /><nd ref="251270833" /><tag k="highway" v="motorway_link" /><tag k="maxspeed" v="70" /><tag k="oneway" v="yes" /><tag k="lanes" v="2" /><tag k="name" v="Levent 1 Kavşağı" /></way><way timestamp="2025-04-21T00:18:25Z" version="1" visible="true" id="152271766" uid="1" changeset="1" user="OSMnx"><nd ref="11639129642" /><nd ref="11124013889" /><nd ref="251270686" /><tag k="highway" v="motorway_link" /><tag k="maxspeed" v="70" /><tag k="oneway" v="yes" /><tag k="lanes" v="1" /><tag k="tunnel" v="yes" /><tag k="name" v="Levent 2 Kavşağı" /></way><way timestamp="2025-04-21T00:18:25Z" version="1" visible="true" id="154750120" uid="1" changeset="1" user="OSMnx"><nd ref="516043894" /><nd ref="1672428789" /><nd ref="1672428794" /><tag k="highway" v="residential" /><tag k="oneway" v="no" /><tag k="name" v="12. Aralık Sokağı" /></way><way timestamp="2025-04-21T00:18:25Z" version="1" visible="true" id="155494006" uid="1" changeset="1" user="OSMnx"><nd ref="1678894683" /><nd ref="516043889" /><tag k="highway" v="secondary" /><tag k="oneway" v="yes" /><tag k="name" v="Çilekli Caddesi" /></way><way timestamp="2025-04-21T00:18:25Z" version="1" visible="true" id="155495461" uid="1" changeset="1" user="OSMnx"><nd ref="1678904566" /><nd ref="1678904529" /><nd ref="1678904546" /><nd ref="1678904550" /><nd ref="1678904548" /><tag k="highway" v="residential" /><tag k="oneway" v="no" /><tag k="name" v="Safran Sokağı" /></way><way timestamp="2025-04-21T00:18:25Z" version="1" visible="true" id="159863857" uid="1" changeset="1" user="OSMnx"><nd ref="1719551904" /><nd ref="1719551906" /><nd ref="1719551899" /><nd ref="1719551900" /><nd ref="1719551897" /><nd ref="1719551902" /><tag k="highway" v="residential" /><tag k="oneway" v="no" /><tag k="name" v="Güllü Sokağı" /></way><way timestamp="2025-04-21T00:18:25Z" version="1" visible="true" id="163212141" uid="1" changeset="1" user="OSMnx"><nd ref="2380794607" /><nd ref="4053760873" /><nd ref="11151482968" /><nd ref="1345779403" /><nd ref="582943203" /><nd ref="1749611355" /><nd ref="2380794566" /><nd ref="582943207" /><tag k="highway" v="tertiary" /><tag k="oneway" v="yes" /><tag k="name" v="Gonca Sokağı" /></way><way timestamp="2025-04-21T00:18:25Z" version="1" visible="true" id="163213306" uid="1" changeset="1" user="OSMnx"><nd ref="355686970" /><nd ref="1749621031" /><nd ref="775655382" /><nd ref="1749621026" /><nd ref="775654678" /><nd ref="1749621030" /><nd ref="1749621025" /><nd ref="1749621027" /><nd ref="1749621023" /><nd ref="1345788036" /><nd ref="1749720319" /><nd ref="10603366568" /><nd ref="1345788903" /><nd ref="1749621021" /><tag k="highway" v="residential" /><tag k="oneway" v="no" /><tag k="name" v="Karanfil Sokağı" /></way><way timestamp="2025-04-21T00:18:25Z" version="1" visible="true" id="163213307" uid="1" changeset="1" user="OSMnx"><nd ref="1749621036" /><nd ref="9363359990" /><nd ref="1749621029" /><nd ref="10603244184" /><nd ref="9360337847" /><nd ref="9360337861" /><nd ref="9360337860" /><nd ref="1345781866" /><tag k="highway" v="residential" /><tag k="oneway" v="yes" /><tag k="name" v="Üstzeren Sokağı" /></way><way timestamp="2025-04-21T00:18:25Z" version="1" visible="true" id="163213308" uid="1" changeset="1" user="OSMnx"><nd ref="1749621022" /><nd ref="1345788903" /><tag k="highway" v="residential" /><tag k="oneway" v="no" /></way><way timestamp="2025-04-21T00:18:25Z" version="1" visible="true" id="163215978" uid="1" changeset="1" user="OSMnx"><nd ref="1749646978" /><nd ref="1749646976" /><nd ref="1345787306" /><tag k="highway" v="residential" /><tag k="oneway" v="no" /><tag k="name" v="Sülünlü Sokağı" /></way><way timestamp="2025-04-21T00:18:25Z" version="1" visible="true" id="163216373" uid="1" changeset="1" user="OSMnx"><nd ref="1345787298" /><nd ref="1749649544" /><nd ref="1749649543" /><nd ref="1749649539" /><tag k="highway" v="residential" /><tag k="oneway" v="no" /><tag k="name" v="Tekirler Sokağı" /></way><way timestamp="2025-04-21T00:18:25Z" version="1" visible="true" id="163216374" uid="1" changeset="1" user="OSMnx"><nd ref="1749649539" /><nd ref="1749649541" /><tag k="highway" v="residential" /><tag k="oneway" v="no" /><tag k="name" v="Şenol Sokağı" /></way><way timestamp="2025-04-21T00:18:25Z" version="1" visible="true" id="163216708" uid="1" changeset="1" user="OSMnx"><nd ref="1749652832" /><nd ref="1749652828" /><nd ref="1749652837" /><nd ref="1749652849" /><nd ref="2394748657" /><tag k="highway" v="residential" /><tag k="oneway" v="no" /><tag k="name" v="Begonya Sokağı" /></way><way timestamp="2025-04-21T00:18:25Z" version="1" visible="true" id="163216709" uid="1" changeset="1" user="OSMnx"><nd ref="1749652818" /><nd ref="1749652844" /><nd ref="12715361385" /><nd ref="1749652838" /><nd ref="1749652825" /><nd ref="1749652822" /><nd ref="12715362854" /><nd ref="1749652842" /><nd ref="1749652824" /><nd ref="1749652845" /><nd ref="1749652821" /><nd ref="1749652830" /><nd ref="1749652831" /><nd ref="1749652819" /><tag k="highway" v="residential" /><tag k="oneway" v="no" /><tag k="name" v="Menekşeli Sokağı" /></way><way timestamp="2025-04-21T00:18:25Z" version="1" visible="true" id="163216710" uid="1" changeset="1" user="OSMnx"><nd ref="1749652834" /><nd ref="1749652818" /><nd ref="1749652827" /><tag k="highway" v="residential" /><tag k="oneway" v="no" /><tag k="name" v="Figen Sokağı" /></way><way timestamp="2025-04-21T00:18:25Z" version="1" visible="true" id="163216711" uid="1" changeset="1" user="OSMnx"><nd ref="1749652823" /><nd ref="1749652835" /><nd ref="1749652840" /><nd ref="1749652847" /><nd ref="1749652848" /><nd ref="775656615" /><tag k="highway" v="residential" /><tag k="oneway" v="no" /><tag k="name" v="Yolal Sokağı" /></way><way timestamp="2025-04-21T00:18:25Z" version="1" visible="true" id="163216712" uid="1" changeset="1" user="OSMnx"><nd ref="1749652838" /><nd ref="2394748667" /><nd ref="2394748673" /><nd ref="1749652841" /><tag k="highway" v="residential" /><tag k="oneway" v="no" /><tag k="name" v="Akasya Sokağı" /></way><way timestamp="2025-04-21T00:18:25Z" version="1" visible="true" id="163216801" uid="1" changeset="1" user="OSMnx"><nd ref="1749655628" /><nd ref="1749655635" /><nd ref="1749655634" /><nd ref="1749655632" /><nd ref="1749652819" /><tag k="highway" v="residential" /><tag k="oneway" v="no" /><tag k="name" v="Lavanta Sokağı" /></way><way timestamp="2025-04-21T00:18:25Z" version="1" visible="true" id="163216802" uid="1" changeset="1" user="OSMnx"><nd ref="516043972" /><nd ref="1749655630" /><nd ref="1749655626" /><nd ref="775655380" /><tag k="highway" v="residential" /><tag k="oneway" v="no" /><tag k="name" v="Zambaklı Sokağı" /></way><way timestamp="2025-04-21T00:18:25Z" version="1" visible="true" id="163217077" uid="1" changeset="1" user="OSMnx"><nd ref="1749656270" /><nd ref="1749656269" /><tag k="highway" v="residential" /><tag k="oneway" v="no" /></way><way timestamp="2025-04-21T00:18:25Z" version="1" visible="true" id="163217251" uid="1" changeset="1" user="OSMnx"><nd ref="1749658507" /><nd ref="1749658499" /><nd ref="1749658503" /><tag k="highway" v="residential" /><tag k="oneway" v="no" /><tag k="name" v="Bambu Sokağı" /></way><way timestamp="2025-04-21T00:18:25Z" version="1" visible="true" id="163217252" uid="1" changeset="1" user="OSMnx"><nd ref="775655461" /><nd ref="1749658505" /><nd ref="1749658501" /><nd ref="1749658497" /><nd ref="516043961" /><tag k="highway" v="residential" /><tag k="oneway" v="no" /><tag k="name" v="Şakayık Sokağı" /></way><way timestamp="2025-04-21T00:18:25Z" version="1" visible="true" id="163218484" uid="1" changeset="1" user="OSMnx"><nd ref="1749687458" /><nd ref="1719551904" /><tag k="highway" v="residential" /><tag k="oneway" v="no" /><tag k="name" v="Bambu Sokağı" /></way><way timestamp="2025-04-21T00:18:25Z" version="1" visible="true" id="163218485" uid="1" changeset="1" user="OSMnx"><nd ref="1749687466" /><nd ref="1719551899" /><tag k="highway" v="residential" /><tag k="oneway" v="no" /><tag k="name" v="Güllü Sokağı" /></way><way timestamp="2025-04-21T00:18:25Z" version="1" visible="true" id="163218954" uid="1" changeset="1" user="OSMnx"><nd ref="1719551902" /><nd ref="1749698840" /><nd ref="1749698836" /><nd ref="2394748701" /><tag k="highway" v="residential" /><tag k="oneway" v="no" /><tag k="name" v="Güllü Sokağı" /></way><way timestamp="2025-04-21T00:18:25Z" version="1" visible="true" id="163218955" uid="1" changeset="1" user="OSMnx"><nd ref="1749698832" /><nd ref="1749698838" /><nd ref="1749698827" /><nd ref="775655268" /><tag k="highway" v="residential" /><tag k="oneway" v="no" /></way><way timestamp="2025-04-21T00:18:25Z" version="1" visible="true" id="163219785" uid="1" changeset="1" user="OSMnx"><nd ref="1749720318" /><nd ref="1749720321" /><nd ref="1749720319" /><nd ref="1749720314" /><nd ref="1749720316" /><tag k="highway" v="residential" /><tag k="oneway" v="no" /><tag k="name" v="Yeşil Çimen Sokağı" /></way><way timestamp="2025-04-21T00:18:25Z" version="1" visible="true" id="163219786" uid="1" changeset="1" user="OSMnx"><nd ref="2394748650" /><nd ref="2394748649" /><nd ref="1749720320" /><nd ref="10603347618" /><nd ref="1749720323" /><nd ref="1345788032" /><nd ref="1345788031" /><tag k="highway" v="residential" /><tag k="oneway" v="no" /><tag k="name" v="Karanfil Aralığı Sokağı" /></way><way timestamp="2025-04-21T00:18:25Z" version="1" visible="true" id="163219788" uid="1" changeset="1" user="OSMnx"><nd ref="1345788034" /><nd ref="1749621023" /><tag k="highway" v="residential" /><tag k="oneway" v="no" /><tag k="name" v="Palmiye Sokağı" /></way><way timestamp="2025-04-21T00:18:25Z" version="1" visible="true" id="163219789" uid="1" changeset="1" user="OSMnx"><nd ref="1749720322" /><nd ref="1749621030" /><tag k="highway" v="residential" /><tag k="oneway" v="no" /><tag k="name" v="Zakkum Sokağı" /></way><way timestamp="2025-04-21T00:18:25Z" version="1" visible="true" id="163220512" uid="1" changeset="1" user="OSMnx"><nd ref="1749721621" /><nd ref="1749721612" /><nd ref="1749721623" /><nd ref="516043992" /><tag k="highway" v="residential" /><tag k="oneway" v="no" /></way><way timestamp="2025-04-21T00:18:25Z" version="1" visible="true" id="163220517" uid="1" changeset="1" user="OSMnx"><nd ref="1749721622" /><nd ref="1749721619" /><nd ref="1749721611" /><nd ref="1749721624" /><nd ref="1749721614" /><nd ref="2394748674" /><nd ref="1749721616" /><nd ref="1749721621" /><nd ref="1749721617" /><nd ref="516044011" /><tag k="highway" v="residential" /><tag k="oneway" v="no" /><tag k="name" v="Manolyalı Sokağı" /></way><way timestamp="2025-04-21T00:18:25Z" version="1" visible="true" id="163221427" uid="1" changeset="1" user="OSMnx"><nd ref="1678894685" /><nd ref="1749723520" /><nd ref="1749723539" /><tag k="highway" v="secondary" /><tag k="oneway" v="-1" /></way><way timestamp="2025-04-21T00:18:25Z" version="1" visible="true" id="163221428" uid="1" changeset="1" user="OSMnx"><nd ref="516044657" /><nd ref="1749723513" /><nd ref="1749723541" /><nd ref="1749723533" /><nd ref="1749723516" /><nd ref="1749723512" /><nd ref="1749723510" /><nd ref="355499275" /><tag k="highway" v="residential" /><tag k="oneway" v="yes" /><tag k="name" v="Beyaz Karanfil Sokağı" /></way><way timestamp="2025-04-21T00:18:25Z" version="1" visible="true" id="163221430" uid="1" changeset="1" user="OSMnx"><nd ref="1749723511" /><nd ref="1749723536" /><nd ref="1749723539" /><tag k="highway" v="secondary" /><tag k="oneway" v="no" /><tag k="name" v="Çamlık Caddesi" /></way><way timestamp="2025-04-21T00:18:25Z" version="1" visible="true" id="163222473" uid="1" changeset="1" user="OSMnx"><nd ref="516043973" /><nd ref="1749726747" /><nd ref="516043987" /><nd ref="2397000801" /><nd ref="516043992" /><nd ref="1749726743" /><nd ref="516044011" /><nd ref="4618539966" /><nd ref="3654693259" /><nd ref="5523700466" /><nd ref="5523700463" /><nd ref="516044016" /><nd ref="516044021" /><nd ref="1749726750" /><nd ref="2261060357" /><nd ref="1345787295" /><nd ref="1749720316" /><nd ref="516044042" /><nd ref="775654613" /><nd ref="1749621022" /><nd ref="1749621021" /><tag k="highway" v="residential" /><tag k="oneway" v="no" /><tag k="name" v="Çamlık Caddesi" /></way><way timestamp="2025-04-21T00:18:25Z" version="1" visible="true" id="163222474" uid="1" changeset="1" user="OSMnx"><nd ref="516044042" /><nd ref="1749726749" /><nd ref="6782156692" /><nd ref="6782156691" /><nd ref="1749726744" /><nd ref="1749726748" /><nd ref="6782156690" /><tag k="highway" v="secondary" /><tag k="oneway" v="yes" /></way><way timestamp="2025-04-21T00:18:25Z" version="1" visible="true" id="163222475" uid="1" changeset="1" user="OSMnx"><nd ref="516044793" /><nd ref="1749726745" /><nd ref="516043961" /><nd ref="1749726746" /><nd ref="1749726741" /><nd ref="11124472145" /><nd ref="1749726742" /><nd ref="355499323" /><tag k="highway" v="secondary" /><tag k="oneway" v="yes" /><tag k="name" v="Çamlık Caddesi" /></way><way timestamp="2025-04-21T00:18:25Z" version="1" visible="true" id="163223421" uid="1" changeset="1" user="OSMnx"><nd ref="1345779410" /><nd ref="1749730547" /><tag k="highway" v="residential" /><tag k="oneway" v="yes" /><tag k="name" v="Kasımpatı Sokağı" /></way><way timestamp="2025-04-21T00:18:25Z" version="1" visible="true" id="163223422" uid="1" changeset="1" user="OSMnx"><nd ref="1749730545" /><nd ref="1749730543" /><tag k="highway" v="residential" /><tag k="oneway" v="yes" /><tag k="name" v="İris Sokağı" /></way><way timestamp="2025-04-21T00:18:25Z" version="1" visible="true" id="182285766" uid="1" changeset="1" user="OSMnx"><nd ref="516044095" /><nd ref="11126518893" /><nd ref="1926265358" /><nd ref="1926265529" /><nd ref="11126518869" /><nd ref="1926265388" /><nd ref="6782156690" /><nd ref="11126518898" /><nd ref="516044062" /><tag k="highway" v="secondary_link" /><tag k="oneway" v="yes" /></way><way timestamp="2025-04-21T00:18:25Z" version="1" visible="true" id="205660004" uid="1" changeset="1" user="OSMnx"><nd ref="251270438" /><nd ref="11124067007" /><nd ref="251270440" /><nd ref="11639129648" /><nd ref="11124067010" /><nd ref="11639129649" /><nd ref="11124067011" /><nd ref="11639129652" /><nd ref="251270441" /><nd ref="251270442" /><nd ref="11639129654" /><nd ref="11124013877" /><nd ref="251270443" /><nd ref="11639129655" /><nd ref="11124013880" /><nd ref="251270444" /><nd ref="11124013881" /><nd ref="251270445" /><nd ref="11124067012" /><tag k="highway" v="motorway_link" /><tag k="maxspeed" v="70" /><tag k="oneway" v="yes" /><tag k="lanes" v="2" /><tag k="name" v="Levent 1 Kavşağı" /></way><way timestamp="2025-04-21T00:18:25Z" version="1" visible="true" id="216704270" uid="1" changeset="1" user="OSMnx"><nd ref="2261060354" /><nd ref="2261060357" /><tag k="highway" v="residential" /><tag k="oneway" v="no" /></way><way timestamp="2025-04-21T00:18:25Z" version="1" visible="true" id="216704278" uid="1" changeset="1" user="OSMnx"><nd ref="1749649543" /><nd ref="1345787296" /><tag k="highway" v="residential" /><tag k="oneway" v="no" /></way><way timestamp="2025-04-21T00:18:25Z" version="1" visible="true" id="216704283" uid="1" changeset="1" user="OSMnx"><nd ref="2261060372" /><nd ref="2261060358" /><tag k="highway" v="residential" /><tag k="oneway" v="no" /></way><way timestamp="2025-04-21T00:18:25Z" version="1" visible="true" id="216704300" uid="1" changeset="1" user="OSMnx"><nd ref="2261060374" /><nd ref="2261060359" /><tag k="highway" v="residential" /><tag k="oneway" v="no" /></way><way timestamp="2025-04-21T00:18:25Z" version="1" visible="true" id="216704329" uid="1" changeset="1" user="OSMnx"><nd ref="2262297052" /><nd ref="2262297055" /><nd ref="2262297057" /><nd ref="2262297059" /><nd ref="2262297063" /><nd ref="2262297065" /><nd ref="2262297061" /><nd ref="2261060377" /><nd ref="2261060351" /><nd ref="2261060347" /><nd ref="2262297052" /><tag k="highway" v="residential" /><tag k="oneway" v="no" /></way><way timestamp="2025-04-21T00:18:25Z" version="1" visible="true" id="216913459" uid="1" changeset="1" user="OSMnx"><nd ref="2262297083" /><nd ref="2262297085" /><tag k="highway" v="residential" /><tag k="oneway" v="no" /></way><way timestamp="2025-04-21T00:18:25Z" version="1" visible="true" id="218081915" uid="1" changeset="1" user="OSMnx"><nd ref="2261060347" /><nd ref="775654111" /><tag k="highway" v="residential" /><tag k="oneway" v="no" /></way><way timestamp="2025-04-21T00:18:25Z" version="1" visible="true" id="227612566" uid="1" changeset="1" user="OSMnx"><nd ref="516044234" /><nd ref="2397000784" /><nd ref="516044486" /><nd ref="516044507" /><nd ref="516044516" /><nd ref="11124472140" /><nd ref="11124472139" /><nd ref="11124472138" /><nd ref="251270741" /><tag k="highway" v="residential" /><tag k="oneway" v="yes" /></way><way timestamp="2025-04-21T00:18:25Z" version="1" visible="true" id="227612567" uid="1" changeset="1" user="OSMnx"><nd ref="516044234" /><nd ref="11124472156" /><nd ref="2397000775" /><nd ref="11126518905" /><nd ref="516044225" /><nd ref="11124472157" /><nd ref="516044218" /><nd ref="516044210" /><nd ref="516044200" /><nd ref="516044196" /><nd ref="516044189" /><nd ref="11126518889" /><nd ref="516044180" /><nd ref="516044164" /><nd ref="11126518888" /><nd ref="11126518887" /><nd ref="11126518886" /><nd ref="11126518885" /><nd ref="11126518884" /><nd ref="11126518883" /><nd ref="11126518874" /><tag k="highway" v="residential" /><tag k="oneway" v="yes" /></way><way timestamp="2025-04-21T00:18:25Z" version="1" visible="true" id="227612571" uid="1" changeset="1" user="OSMnx"><nd ref="251150663" /><nd ref="11126518861" /><nd ref="11126518862" /><nd ref="11126518863" /><nd ref="11635345257" /><nd ref="10155688930" /><nd ref="11635345256" /><nd ref="7795361020" /><nd ref="11126518864" /><nd ref="516044082" /><nd ref="2261060325" /><nd ref="10155688939" /><nd ref="10155688938" /><nd ref="516044083" /><tag k="highway" v="secondary_link" /><tag k="oneway" v="yes" /></way><way timestamp="2025-04-21T00:18:25Z" version="1" visible="true" id="229486650" uid="1" changeset="1" user="OSMnx"><nd ref="2380794607" /><nd ref="11151482969" /><nd ref="10817703777" /><nd ref="1345771857" /><tag k="highway" v="tertiary" /><tag k="oneway" v="no" /></way><way timestamp="2025-04-21T00:18:25Z" version="1" visible="true" id="229486687" uid="1" changeset="1" user="OSMnx"><nd ref="2380794565" /><nd ref="11137847436" /><nd ref="2380794567" /><nd ref="2380794572" /><nd ref="4053760869" /><nd ref="2380794588" /><nd ref="11151482967" /><nd ref="11151482966" /><nd ref="2380794607" /><tag k="highway" v="tertiary" /><tag k="oneway" v="yes" /><tag k="name" v="Gonca Sokağı" /></way><way timestamp="2025-04-21T00:18:25Z" version="1" visible="true" id="231054890" uid="1" changeset="1" user="OSMnx"><nd ref="1678894695" /><nd ref="11124013868" /><nd ref="11124013869" /><nd ref="1678894728" /><tag k="highway" v="secondary" /><tag k="oneway" v="yes" /><tag k="lanes" v="2" /><tag k="name" v="Uğur Mumcu Caddesi" /></way><way timestamp="2025-04-21T00:18:25Z" version="1" visible="true" id="231054923" uid="1" changeset="1" user="OSMnx"><nd ref="1678894728" /><nd ref="11124013865" /><nd ref="11124013866" /><nd ref="11124013867" /><nd ref="11124013870" /><nd ref="2394717209" /><tag k="highway" v="secondary" /><tag k="oneway" v="yes" /><tag k="lanes" v="1" /></way><way timestamp="2025-04-21T00:18:25Z" version="1" visible="true" id="231059873" uid="1" changeset="1" user="OSMnx"><nd ref="775655559" /><nd ref="775655560" /><nd ref="775655561" /><nd ref="1678904528" /><nd ref="1678904541" /><nd ref="1678904574" /><nd ref="1678904543" /><nd ref="1678904512" /><nd ref="1678904573" /><nd ref="775655625" /><tag k="highway" v="residential" /><tag k="oneway" v="yes" /><tag k="name" v="Fulyalı Sokak" /></way><way timestamp="2025-04-21T00:18:25Z" version="1" visible="true" id="231059874" uid="1" changeset="1" user="OSMnx"><nd ref="775655650" /><nd ref="775655649" /><nd ref="775655647" /><nd ref="775655646" /><nd ref="1749698832" /><tag k="highway" v="residential" /><tag k="oneway" v="yes" /><tag k="name" v="Gazeteci Ümit Deniz Sokak" /></way><way timestamp="2025-04-21T00:18:25Z" version="1" visible="true" id="231059876" uid="1" changeset="1" user="OSMnx"><nd ref="775655625" /><nd ref="2394748699" /><nd ref="2394748701" /><tag k="highway" v="residential" /><tag k="oneway" v="yes" /><tag k="name" v="Güllü Sokak" /></way><way timestamp="2025-04-21T00:18:25Z" version="1" visible="true" id="231059877" uid="1" changeset="1" user="OSMnx"><nd ref="1345787295" /><nd ref="1345787300" /><nd ref="1345788034" /><nd ref="1345787307" /><nd ref="1345788042" /><nd ref="4618539964" /><nd ref="1749720322" /><nd ref="1345787303" /><tag k="highway" v="residential" /><tag k="oneway" v="yes" /><tag k="name" v="Hacı Adil Caddesi" /></way><way timestamp="2025-04-21T00:18:25Z" version="1" visible="true" id="231059878" uid="1" changeset="1" user="OSMnx"><nd ref="775654678" /><nd ref="1345788038" /><tag k="highway" v="residential" /><tag k="oneway" v="yes" /><tag k="name" v="Mor Karanfil Sokak" /></way><way timestamp="2025-04-21T00:18:25Z" version="1" visible="true" id="231059879" uid="1" changeset="1" user="OSMnx"><nd ref="775654539" /><nd ref="2394748662" /><nd ref="775654540" /><nd ref="2394748664" /><nd ref="355686970" /><tag k="highway" v="residential" /><tag k="oneway" v="no" /><tag k="name" v="Sümbül Sokağı" /></way><way timestamp="2025-04-21T00:18:25Z" version="1" visible="true" id="231059880" uid="1" changeset="1" user="OSMnx"><nd ref="355687140" /><nd ref="1678894582" /><nd ref="1678894739" /><nd ref="775655279" /><nd ref="1678894766" /><nd ref="1678894712" /><nd ref="1650919804" /><nd ref="1678894728" /><tag k="highway" v="secondary" /><tag k="oneway" v="no" /><tag k="name" v="Uğur Mumcu Caddesi" /></way><way timestamp="2025-04-21T00:18:25Z" version="1" visible="true" id="231059881" uid="1" changeset="1" user="OSMnx"><nd ref="1345787298" /><nd ref="1749649539" /><nd ref="775654683" /><nd ref="1345787293" /><nd ref="775654685" /><nd ref="1345787306" /><nd ref="775654686" /><nd ref="3392178766" /><nd ref="582943241" /><tag k="highway" v="residential" /><tag k="oneway" v="no" /><tag k="name" v="Yeni Sülün Sokak" /></way><way timestamp="2025-04-21T00:18:25Z" version="1" visible="true" id="231059884" uid="1" changeset="1" user="OSMnx"><nd ref="2394748667" /><nd ref="2394748671" /><nd ref="2394748676" /><nd ref="2394748682" /><nd ref="2394748686" /><nd ref="2394748687" /><tag k="highway" v="unclassified" /><tag k="oneway" v="no" /></way><way timestamp="2025-04-21T00:18:25Z" version="1" visible="true" id="231059885" uid="1" changeset="1" user="OSMnx"><nd ref="355687140" /><nd ref="516043885" /><tag k="highway" v="secondary" /><tag k="oneway" v="yes" /></way><way timestamp="2025-04-21T00:18:25Z" version="1" visible="true" id="231059886" uid="1" changeset="1" user="OSMnx"><nd ref="2394748664" /><nd ref="2394748672" /><tag k="highway" v="residential" /><tag k="oneway" v="no" /><tag k="name" v="Emel Sokağı" /></way><way timestamp="2025-04-21T00:18:25Z" version="1" visible="true" id="231059887" uid="1" changeset="1" user="OSMnx"><nd ref="1678904518" /><nd ref="355686974" /><tag k="highway" v="residential" /><tag k="oneway" v="yes" /></way><way timestamp="2025-04-21T00:18:25Z" version="1" visible="true" id="231059888" uid="1" changeset="1" user="OSMnx"><nd ref="2394748689" /><nd ref="2394748683" /><tag k="highway" v="unclassified" /><tag k="oneway" v="no" /></way><way timestamp="2025-04-21T00:18:25Z" version="1" visible="true" id="231059889" uid="1" changeset="1" user="OSMnx"><nd ref="1345788038" /><nd ref="2394748662" /><tag k="highway" v="residential" /><tag k="oneway" v="no" /><tag k="name" v="Sümbül Sokağı" /></way><way timestamp="2025-04-21T00:18:25Z" version="1" visible="true" id="231059891" uid="1" changeset="1" user="OSMnx"><nd ref="2394748673" /><nd ref="2394748666" /><tag k="highway" v="residential" /><tag k="oneway" v="no" /><tag k="name" v="Krizantem Sokağı" /></way><way timestamp="2025-04-21T00:18:25Z" version="1" visible="true" id="231059892" uid="1" changeset="1" user="OSMnx"><nd ref="2394748707" /><nd ref="775655548" /><tag k="highway" v="residential" /><tag k="oneway" v="no" /></way><way timestamp="2025-04-21T00:18:25Z" version="1" visible="true" id="231059893" uid="1" changeset="1" user="OSMnx"><nd ref="516043885" /><nd ref="1678894683" /><tag k="highway" v="secondary" /><tag k="oneway" v="yes" /></way><way timestamp="2025-04-21T00:18:25Z" version="1" visible="true" id="231059894" uid="1" changeset="1" user="OSMnx"><nd ref="2394748674" /><nd ref="516043987" /><tag k="highway" v="residential" /><tag k="oneway" v="no" /></way><way timestamp="2025-04-21T00:18:25Z" version="1" visible="true" id="231059895" uid="1" changeset="1" user="OSMnx"><nd ref="2394748701" /><nd ref="2394748700" /><tag k="highway" v="residential" /><tag k="oneway" v="no" /></way><way timestamp="2025-04-21T00:18:25Z" version="1" visible="true" id="231059899" uid="1" changeset="1" user="OSMnx"><nd ref="2394748706" /><nd ref="2394748703" /><nd ref="2394748702" /><nd ref="775655559" /><tag k="highway" v="residential" /><tag k="oneway" v="no" /><tag k="name" v="Fulyalı Sokağı" /></way><way timestamp="2025-04-21T00:18:25Z" version="1" visible="true" id="231059904" uid="1" changeset="1" user="OSMnx"><nd ref="2394748675" /><nd ref="2394748678" /><nd ref="2394748668" /><nd ref="2394748660" /><nd ref="2394748661" /><tag k="highway" v="unclassified" /><tag k="oneway" v="no" /></way><way timestamp="2025-04-21T00:18:25Z" version="1" visible="true" id="231059905" uid="1" changeset="1" user="OSMnx"><nd ref="1345787298" /><nd ref="2394748653" /><nd ref="1749652834" /><nd ref="2394748663" /><nd ref="2394748670" /><nd ref="2394748672" /><tag k="highway" v="residential" /><tag k="oneway" v="yes" /></way><way timestamp="2025-04-21T00:18:25Z" version="1" visible="true" id="231059906" uid="1" changeset="1" user="OSMnx"><nd ref="2394748672" /><nd ref="2394748669" /><nd ref="1749652832" /><nd ref="2394748657" /><nd ref="2394748652" /><nd ref="1345787298" /><tag k="highway" v="residential" /><tag k="oneway" v="yes" /></way><way timestamp="2025-04-21T00:18:25Z" version="1" visible="true" id="231059908" uid="1" changeset="1" user="OSMnx"><nd ref="2394748697" /><nd ref="2394748696" /><nd ref="2394748693" /><nd ref="2394748694" /><nd ref="2394748695" /><nd ref="2394748690" /><nd ref="775654779" /><tag k="highway" v="unclassified" /><tag k="oneway" v="no" /><tag k="name" v="Ülgen Sokağı" /></way><way timestamp="2025-04-21T00:18:25Z" version="1" visible="true" id="231059909" uid="1" changeset="1" user="OSMnx"><nd ref="1762465371" /><nd ref="516043635" /><nd ref="516043636" /><tag k="highway" v="tertiary" /><tag k="oneway" v="yes" /></way><way timestamp="2025-04-21T00:18:25Z" version="1" visible="true" id="231059910" uid="1" changeset="1" user="OSMnx"><nd ref="2394748679" /><nd ref="2394748678" /><nd ref="2394748685" /><nd ref="2394748692" /><nd ref="2394748694" /><nd ref="2394748697" /><nd ref="2394748698" /><nd ref="2394748699" /><tag k="highway" v="unclassified" /><tag k="oneway" v="no" /></way><way timestamp="2025-04-21T00:18:25Z" version="1" visible="true" id="231059911" uid="1" changeset="1" user="OSMnx"><nd ref="2394748681" /><nd ref="2394748677" /><nd ref="2394748675" /><nd ref="2394748665" /><nd ref="2394748659" /><nd ref="2394748658" /><nd ref="2394748654" /><nd ref="2394748655" /><tag k="highway" v="unclassified" /><tag k="oneway" v="no" /></way><way timestamp="2025-04-21T00:18:25Z" version="1" visible="true" id="231059912" uid="1" changeset="1" user="OSMnx"><nd ref="1749723539" /><nd ref="1749723509" /><nd ref="1749723518" /><nd ref="1749723531" /><nd ref="1749723535" /><nd ref="1749723540" /><nd ref="5362782873" /><nd ref="1749723537" /><nd ref="1749723538" /><nd ref="1749723514" /><nd ref="516044753" /><tag k="highway" v="secondary" /><tag k="oneway" v="yes" /><tag k="name" v="Çamlık Caddesi" /></way><way timestamp="2025-04-21T00:18:25Z" version="1" visible="true" id="231059913" uid="1" changeset="1" user="OSMnx"><nd ref="1678894683" /><nd ref="775655338" /><nd ref="1678894665" /><nd ref="1678894659" /><nd ref="1678894661" /><nd ref="1678894716" /><nd ref="355499323" /><tag k="highway" v="secondary" /><tag k="oneway" v="no" /><tag k="name" v="Çilekli Caddesi" /></way><way timestamp="2025-04-21T00:18:25Z" version="1" visible="true" id="231059914" uid="1" changeset="1" user="OSMnx"><nd ref="775655268" /><nd ref="775655270" /><nd ref="775655271" /><nd ref="775655272" /><nd ref="775655273" /><nd ref="2394748700" /><nd ref="775655275" /><nd ref="775654779" /><nd ref="775654780" /><nd ref="775654782" /><nd ref="775654784" /><nd ref="775654788" /><nd ref="2394748661" /><nd ref="775654789" /><nd ref="775654791" /><nd ref="775654795" /><nd ref="775654797" /><tag k="highway" v="residential" /><tag k="oneway" v="no" /><tag k="name" v="Ülgen Sokak" /></way><way timestamp="2025-04-21T00:18:25Z" version="1" visible="true" id="231067727" uid="1" changeset="1" user="OSMnx"><nd ref="775654791" /><nd ref="9360337849" /><nd ref="9360337850" /><nd ref="9360337851" /><nd ref="9360337852" /><nd ref="9360337853" /><nd ref="1345781866" /><nd ref="962091105" /><nd ref="9360337854" /><nd ref="9360337855" /><nd ref="9360337859" /><nd ref="9360337858" /><nd ref="9360337857" /><nd ref="9360337856" /><nd ref="1345781359" /><nd ref="10603430934" /><nd ref="1345781353" /><nd ref="9363359991" /><nd ref="1749621036" /><tag k="highway" v="residential" /><tag k="oneway" v="yes" /><tag k="name" v="Altzeren Sokağı" /></way><way timestamp="2025-04-21T00:18:25Z" version="1" visible="true" id="231167970" uid="1" changeset="1" user="OSMnx"><nd ref="1749720318" /><nd ref="1345788900" /><tag k="highway" v="residential" /><tag k="oneway" v="no" /><tag k="name" v="Yeşil Çimen Sokak" /></way><way timestamp="2025-04-21T00:18:25Z" version="1" visible="true" id="231293724" uid="1" changeset="1" user="OSMnx"><nd ref="355499323" /><nd ref="2397000813" /><nd ref="2397000812" /><nd ref="2397000811" /><nd ref="2397000809" /><nd ref="2397000806" /><nd ref="2397000805" /><nd ref="2397000804" /><tag k="highway" v="secondary" /><tag k="oneway" v="yes" /></way><way timestamp="2025-04-21T00:18:25Z" version="1" visible="true" id="231304739" uid="1" changeset="1" user="OSMnx"><nd ref="516044269" /><nd ref="2397000781" /><nd ref="516044277" /><nd ref="516044287" /><nd ref="516044296" /><nd ref="516044306" /><nd ref="2261060374" /><nd ref="516044311" /><nd ref="2261060372" /><nd ref="516044321" /><nd ref="516044021" /><tag k="highway" v="residential" /><tag k="oneway" v="yes" /></way><way timestamp="2025-04-21T00:18:25Z" version="1" visible="true" id="231304744" uid="1" changeset="1" user="OSMnx"><nd ref="516044269" /><nd ref="516044234" /><tag k="highway" v="residential" /><tag k="oneway" v="no" /></way><way timestamp="2025-04-21T00:18:25Z" version="1" visible="true" id="231304745" uid="1" changeset="1" user="OSMnx"><nd ref="1678894685" /><nd ref="2397000811" /><tag k="highway" v="secondary" /><tag k="oneway" v="no" /></way><way timestamp="2025-04-21T00:18:25Z" version="1" visible="true" id="231304746" uid="1" changeset="1" user="OSMnx"><nd ref="2397000802" /><nd ref="11645073572" /><nd ref="355499274" /><tag k="highway" v="residential" /><tag k="oneway" v="no" /></way><way timestamp="2025-04-21T00:18:25Z" version="1" visible="true" id="231304748" uid="1" changeset="1" user="OSMnx"><nd ref="2397000774" /><nd ref="2261060372" /><tag k="highway" v="residential" /><tag k="oneway" v="no" /></way><way timestamp="2025-04-21T00:18:25Z" version="1" visible="true" id="231304753" uid="1" changeset="1" user="OSMnx"><nd ref="1749720318" /><nd ref="2397000771" /><tag k="highway" v="residential" /><tag k="oneway" v="no" /><tag k="name" v="Yosun Sokağı" /></way><way timestamp="2025-04-21T00:18:25Z" version="1" visible="true" id="231304760" uid="1" changeset="1" user="OSMnx"><nd ref="516044486" /><nd ref="11124472155" /><nd ref="2397000778" /><nd ref="2397000777" /><nd ref="2397000776" /><nd ref="2397000775" /><tag k="highway" v="residential" /><tag k="oneway" v="yes" /></way><way timestamp="2025-04-21T00:18:25Z" version="1" visible="true" id="231304763" uid="1" changeset="1" user="OSMnx"><nd ref="2397000784" /><nd ref="2397000790" /><nd ref="2397000794" /><nd ref="2397000799" /><nd ref="2397000798" /><nd ref="2397000797" /><nd ref="516044269" /><tag k="highway" v="unclassified" /><tag k="oneway" v="yes" /></way><way timestamp="2025-04-21T00:18:25Z" version="1" visible="true" id="242803945" uid="1" changeset="1" user="OSMnx"><nd ref="2502581418" /><nd ref="11126518892" /><nd ref="11126518865" /><nd ref="1926265472" /><tag k="highway" v="secondary" /><tag k="oneway" v="yes" /></way><way timestamp="2025-04-21T00:18:25Z" version="1" visible="true" id="442460547" uid="1" changeset="1" user="OSMnx"><nd ref="2394748687" /><nd ref="2394748689" /><nd ref="2394748691" /><nd ref="2394748688" /><nd ref="2394748679" /><tag k="highway" v="unclassified" /><tag k="oneway" v="no" /></way><way timestamp="2025-04-21T00:18:25Z" version="1" visible="true" id="442460548" uid="1" changeset="1" user="OSMnx"><nd ref="2394748679" /><nd ref="2394748681" /><nd ref="2394748684" /><nd ref="2394748683" /><nd ref="2394748680" /><nd ref="2394748687" /><tag k="highway" v="unclassified" /><tag k="oneway" v="no" /></way><way timestamp="2025-04-21T00:18:25Z" version="1" visible="true" id="491757985" uid="1" changeset="1" user="OSMnx"><nd ref="251270742" /><nd ref="11124013897" /><nd ref="10155688953" /><nd ref="10155688954" /><nd ref="10155688955" /><nd ref="4838436252" /><nd ref="11175226087" /><nd ref="4838436253" /><nd ref="4838436254" /><nd ref="4838436255" /><nd ref="4838436256" /><nd ref="10155688956" /><nd ref="4838436259" /><nd ref="4838436257" /><nd ref="4838436258" /><nd ref="10155688964" /><nd ref="10155688967" /><nd ref="251270833" /><tag k="highway" v="motorway_link" /><tag k="maxspeed" v="50" /><tag k="oneway" v="yes" /><tag k="lanes" v="1" /><tag k="name" v="Levent 2 Kavşağı" /></way><way timestamp="2025-04-21T00:18:25Z" version="1" visible="true" id="828782141" uid="1" changeset="1" user="OSMnx"><nd ref="251270786" /><nd ref="11139037531" /><nd ref="251150822" /><nd ref="9755288668" /><nd ref="11137847440" /><nd ref="251150823" /><nd ref="251150824" /><nd ref="10155689000" /><nd ref="251150825" /><nd ref="11635345259" /><nd ref="251150826" /><tag k="highway" v="primary" /><tag k="maxspeed" v="70" /><tag k="oneway" v="yes" /><tag k="lanes" v="3" /><tag k="name" v="Büyükdere Caddesi" /></way><way timestamp="2025-04-21T00:18:25Z" version="1" visible="true" id="836155938" uid="1" changeset="1" user="OSMnx"><nd ref="6782157915" /><nd ref="11126518856" /><nd ref="2397012357" /><tag k="highway" v="primary_link" /><tag k="oneway" v="yes" /></way><way timestamp="2025-04-21T00:18:25Z" version="1" visible="true" id="836155939" uid="1" changeset="1" user="OSMnx"><nd ref="2397012357" /><nd ref="251150665" /><nd ref="11126518858" /><nd ref="11126518857" /><tag k="highway" v="primary" /><tag k="maxspeed" v="70" /><tag k="oneway" v="yes" /><tag k="lanes" v="3" /><tag k="name" v="Büyükdere Caddesi" /></way><way timestamp="2025-04-21T00:18:25Z" version="1" visible="true" id="963007851" uid="1" changeset="1" user="OSMnx"><nd ref="251150663" /><nd ref="11635345253" /><nd ref="11126518866" /><nd ref="11126518867" /><nd ref="251150664" /><nd ref="11635345255" /><nd ref="4637943278" /><nd ref="10155688941" /><nd ref="2397012357" /><tag k="highway" v="primary" /><tag k="maxspeed" v="70" /><tag k="oneway" v="yes" /><tag k="lanes" v="3" /><tag k="name" v="Büyükdere Caddesi" /></way><way timestamp="2025-04-21T00:18:25Z" version="1" visible="true" id="963007852" uid="1" changeset="1" user="OSMnx"><nd ref="516044095" /><nd ref="11126518897" /><nd ref="11126518868" /><nd ref="516044105" /><nd ref="516044110" /><nd ref="516044116" /><nd ref="775654613" /><tag k="highway" v="secondary" /><tag k="oneway" v="yes" /><tag k="name" v="Çayır Çimen Sokağı" /></way><way timestamp="2025-04-21T00:18:25Z" version="1" visible="true" id="1015007337" uid="1" changeset="1" user="OSMnx"><nd ref="9363360000" /><nd ref="516043718" /><tag k="highway" v="secondary_link" /><tag k="oneway" v="yes" /></way><way timestamp="2025-04-21T00:18:25Z" version="1" visible="true" id="1015007339" uid="1" changeset="1" user="OSMnx"><nd ref="516043718" /><nd ref="1345781363" /><nd ref="9360337869" /><nd ref="775654105" /><nd ref="1749611356" /><nd ref="1345664329" /><nd ref="582943238" /><nd ref="4053740072" /><nd ref="9915936906" /><nd ref="1345663250" /><nd ref="4053740070" /><nd ref="252127401" /><nd ref="1749730545" /><nd ref="1749730547" /><nd ref="1749730551" /><nd ref="2380794565" /><nd ref="582943207" /><nd ref="252127402" /><nd ref="11146357438" /><tag k="highway" v="primary" /><tag k="maxspeed" v="30" /><tag k="oneway" v="yes" /><tag k="lanes" v="2" /><tag k="name" v="Nisbetiye Caddesi" /></way><way timestamp="2025-04-21T00:18:25Z" version="1" visible="true" id="1029040000" uid="1" changeset="1" user="OSMnx"><nd ref="516043889" /><nd ref="1678904510" /><nd ref="1672428796" /><nd ref="1678904564" /><nd ref="516043892" /><nd ref="1678904518" /><nd ref="1672428792" /><nd ref="1678904537" /><nd ref="516043893" /><nd ref="1678904514" /><nd ref="516043894" /><tag k="highway" v="secondary" /><tag k="junction" v="roundabout" /><tag k="oneway" v="yes" /></way><way timestamp="2025-04-21T00:18:25Z" version="1" visible="true" id="1029040001" uid="1" changeset="1" user="OSMnx"><nd ref="516043894" /><nd ref="1678904517" /><nd ref="516043899" /><nd ref="1678904538" /><nd ref="1672428802" /><tag k="highway" v="secondary" /><tag k="junction" v="roundabout" /><tag k="oneway" v="yes" /></way><way timestamp="2025-04-21T00:18:25Z" version="1" visible="true" id="1029040002" uid="1" changeset="1" user="OSMnx"><nd ref="775655279" /><nd ref="775655309" /><nd ref="775655311" /><nd ref="355699685" /><nd ref="1672428794" /><tag k="highway" v="residential" /><tag k="oneway" v="no" /></way><way timestamp="2025-04-21T00:18:25Z" version="1" visible="true" id="1029040003" uid="1" changeset="1" user="OSMnx"><nd ref="1672428794" /><nd ref="775655650" /><tag k="highway" v="residential" /><tag k="oneway" v="no" /></way><way timestamp="2025-04-21T00:18:25Z" version="1" visible="true" id="1029040004" uid="1" changeset="1" user="OSMnx"><nd ref="355699780" /><nd ref="2262297100" /><nd ref="355699690" /><tag k="highway" v="tertiary" /><tag k="oneway" v="no" /><tag k="name" v="Ebulula Mardin Caddesi" /></way><way timestamp="2025-04-21T00:18:25Z" version="1" visible="true" id="1110128172" uid="1" changeset="1" user="OSMnx"><nd ref="10155688978" /><nd ref="10155688977" /><nd ref="11516600858" /><nd ref="251270438" /><tag k="bridge" v="yes" /><tag k="highway" v="motorway_link" /><tag k="maxspeed" v="70" /><tag k="oneway" v="yes" /><tag k="lanes" v="1" /><tag k="name" v="Levent 2 Kavşağı" /></way><way timestamp="2025-04-21T00:18:25Z" version="1" visible="true" id="1110128173" uid="1" changeset="1" user="OSMnx"><nd ref="10155688979" /><nd ref="11639129645" /><nd ref="10155688980" /><nd ref="251270438" /><tag k="bridge" v="yes" /><tag k="highway" v="motorway_link" /><tag k="maxspeed" v="70" /><tag k="oneway" v="yes" /><tag k="lanes" v="1" /><tag k="name" v="Levent 2 Kavşağı" /></way><way timestamp="2025-04-21T00:18:25Z" version="1" visible="true" id="1137468374" uid="1" changeset="1" user="OSMnx"><nd ref="2397000771" /><nd ref="1345788036" /><tag k="highway" v="residential" /><tag k="oneway" v="no" /><tag k="name" v="Yosun Sokağı" /></way><way timestamp="2025-04-21T00:18:25Z" version="1" visible="true" id="1137490648" uid="1" changeset="1" user="OSMnx"><nd ref="10603244184" /><nd ref="10603244183" /><tag k="highway" v="unclassified" /><tag k="oneway" v="no" /></way><way timestamp="2025-04-21T00:18:25Z" version="1" visible="true" id="1137501424" uid="1" changeset="1" user="OSMnx"><nd ref="2397000771" /><nd ref="10603347618" /><tag k="highway" v="unclassified" /><tag k="oneway" v="no" /></way><way timestamp="2025-04-21T00:18:25Z" version="1" visible="true" id="1137515121" uid="1" changeset="1" user="OSMnx"><nd ref="2397000804" /><nd ref="2397000807" /><tag k="highway" v="secondary" /><tag k="oneway" v="yes" /></way><way timestamp="2025-04-21T00:18:25Z" version="1" visible="true" id="1137517137" uid="1" changeset="1" user="OSMnx"><nd ref="775654687" /><nd ref="1345779409" /><nd ref="10603430935" /><tag k="highway" v="residential" /><tag k="oneway" v="yes" /><tag k="name" v="Krizantem Sokağı" /></way><way timestamp="2025-04-21T00:18:25Z" version="1" visible="true" id="1137517138" uid="1" changeset="1" user="OSMnx"><nd ref="775654111" /><nd ref="775654110" /><nd ref="9360337864" /><nd ref="10603430936" /><tag k="highway" v="residential" /><tag k="oneway" v="yes" /><tag k="name" v="Güvercin Sokağı" /></way><way timestamp="2025-04-21T00:18:25Z" version="1" visible="true" id="1137519000" uid="1" changeset="1" user="OSMnx"><nd ref="10603473610" /><nd ref="10603473611" /><tag k="highway" v="unclassified" /><tag k="oneway" v="no" /></way><way timestamp="2025-04-21T00:18:25Z" version="1" visible="true" id="1199371115" uid="1" changeset="1" user="OSMnx"><nd ref="251270786" /><nd ref="11124472134" /><nd ref="11124472135" /><nd ref="11124472136" /><nd ref="11124472133" /><nd ref="11639129632" /><nd ref="11124472132" /><nd ref="251270787" /><nd ref="10155688999" /><nd ref="10155688998" /><nd ref="251270741" /><nd ref="251270742" /><tag k="highway" v="motorway_link" /><tag k="maxspeed" v="70" /><tag k="oneway" v="yes" /><tag k="lanes" v="1" /><tag k="name" v="Levent 2 Kavşağı" /></way><way timestamp="2025-04-21T00:18:25Z" version="1" visible="true" id="1199650922" uid="1" changeset="1" user="OSMnx"><nd ref="516044083" /><nd ref="1926265347" /><nd ref="516044088" /><nd ref="11126518870" /><nd ref="2502581418" /><tag k="highway" v="secondary" /><tag k="oneway" v="yes" /><tag k="name" v="Çayır Çimen Sokağı" /></way><way timestamp="2025-04-21T00:18:25Z" version="1" visible="true" id="1199650923" uid="1" changeset="1" user="OSMnx"><nd ref="2502581418" /><nd ref="11126518891" /><nd ref="11126518894" /><tag k="highway" v="secondary" /><tag k="oneway" v="no" /><tag k="name" v="Çayır Çimen Sokağı" /></way><way timestamp="2025-04-21T00:18:25Z" version="1" visible="true" id="1199650924" uid="1" changeset="1" user="OSMnx"><nd ref="11126518894" /><nd ref="11126518896" /><nd ref="11126518895" /><nd ref="516044095" /><tag k="highway" v="secondary" /><tag k="oneway" v="yes" /><tag k="name" v="Çayır Çimen Sokağı" /></way><way timestamp="2025-04-21T00:18:25Z" version="1" visible="true" id="1199650925" uid="1" changeset="1" user="OSMnx"><nd ref="516044062" /><nd ref="11126518904" /><nd ref="11126518903" /><nd ref="11126518902" /><nd ref="11126518874" /><nd ref="11126518901" /><nd ref="11126518900" /><nd ref="11126518899" /><nd ref="11126518894" /><tag k="highway" v="secondary" /><tag k="oneway" v="yes" /></way><way timestamp="2025-04-21T00:18:25Z" version="1" visible="true" id="1202927207" uid="1" changeset="1" user="OSMnx"><nd ref="2380794588" /><nd ref="1345779403" /><tag k="highway" v="tertiary_link" /><tag k="oneway" v="yes" /></way><way timestamp="2025-04-21T00:18:25Z" version="1" visible="true" id="1222286467" uid="1" changeset="1" user="OSMnx"><nd ref="11126518857" /><nd ref="2261060345" /><nd ref="11336228777" /><nd ref="251270786" /><tag k="highway" v="primary" /><tag k="maxspeed" v="70" /><tag k="oneway" v="yes" /><tag k="lanes" v="4" /><tag k="name" v="Büyükdere Caddesi" /></way></osm>