<?xml version='1.0' encoding='utf-8'?>
<osm attribution="https://www.openstreetmap.org/copyright" copyright="OpenStreetMap and contributors" generator="OSMnx 2.0.2" license="https://opendatacommons.org/licenses/odbl/1-0/" version="0.6"><bounds minlon="29.0095679" minlat="41.0728279" maxlon="29.0225744" maxlat="41.0906764" /><node lat="41.0728279" visible="true" user="OSMnx" changeset="1" lon="29.0160829" id="251147520" uid="1" version="1" timestamp="2025-04-30T20:13:59Z" /><node lat="41.0731404" visible="true" user="OSMnx" changeset="1" lon="29.0159915" id="251147521" uid="1" version="1" timestamp="2025-04-30T20:13:59Z" /><node lat="41.0742185" visible="true" user="OSMnx" changeset="1" lon="29.0154904" id="251147522" uid="1" version="1" timestamp="2025-04-30T20:13:59Z" /><node lat="41.0745398" visible="true" user="OSMnx" changeset="1" lon="29.015336" id="251147523" uid="1" version="1" timestamp="2025-04-30T20:13:59Z" /><node lat="41.0742152" visible="true" user="OSMnx" changeset="1" lon="29.0157009" id="251147571" uid="1" version="1" timestamp="2025-04-30T20:13:59Z" /><node lat="41.0767018" visible="true" user="OSMnx" changeset="1" lon="29.0142981" id="251147733" uid="1" version="1" timestamp="2025-04-30T20:13:59Z" /><node lat="41.0771872" visible="true" user="OSMnx" changeset="1" lon="29.0139969" id="251150662" uid="1" version="1" timestamp="2025-04-30T20:13:59Z" /><node lat="41.0775348" visible="true" user="OSMnx" changeset="1" lon="29.0137513" id="251150663" uid="1" version="1" timestamp="2025-04-30T20:13:59Z" /><node lat="41.0784603" visible="true" user="OSMnx" changeset="1" lon="29.0130543" id="251150664" uid="1" version="1" timestamp="2025-04-30T20:13:59Z" /><node lat="41.0792239" visible="true" user="OSMnx" changeset="1" lon="29.0124814" id="251150665" uid="1" version="1" timestamp="2025-04-30T20:13:59Z" /><node lat="41.0811369" visible="true" user="OSMnx" changeset="1" lon="29.0108634" id="251150795" uid="1" version="1" timestamp="2025-04-30T20:13:59Z" /><node lat="41.0809903" visible="true" user="OSMnx" changeset="1" lon="29.0112736" id="251150822" uid="1" version="1" timestamp="2025-04-30T20:13:59Z" /><node lat="41.0815804" visible="true" user="OSMnx" changeset="1" lon="29.0109131" id="251150823" uid="1" version="1" timestamp="2025-04-30T20:13:59Z" /><node lat="41.0820191" visible="true" user="OSMnx" changeset="1" lon="29.0106811" id="251150824" uid="1" version="1" timestamp="2025-04-30T20:13:59Z" /><node lat="41.0825273" visible="true" user="OSMnx" changeset="1" lon="29.0103801" id="251150825" uid="1" version="1" timestamp="2025-04-30T20:13:59Z" /><node lat="41.0829196" visible="true" user="OSMnx" changeset="1" lon="29.0101116" id="251150826" uid="1" version="1" timestamp="2025-04-30T20:13:59Z" /><node lat="41.0832176" visible="true" user="OSMnx" changeset="1" lon="29.0098707" id="251150827" uid="1" version="1" timestamp="2025-04-30T20:13:59Z" /><node lat="41.0850475" visible="true" user="OSMnx" changeset="1" lon="29.0124876" id="251270438" uid="1" version="1" timestamp="2025-04-30T20:13:59Z" /><node lat="41.0857768" visible="true" user="OSMnx" changeset="1" lon="29.0138074" id="251270440" uid="1" version="1" timestamp="2025-04-30T20:13:59Z" /><node lat="41.0881223" visible="true" user="OSMnx" changeset="1" lon="29.017513" id="251270441" uid="1" version="1" timestamp="2025-04-30T20:13:59Z" /><node lat="41.0885446" visible="true" user="OSMnx" changeset="1" lon="29.01812" id="251270442" uid="1" version="1" timestamp="2025-04-30T20:13:59Z" /><node lat="41.0890602" visible="true" user="OSMnx" changeset="1" lon="29.018737" id="251270443" uid="1" version="1" timestamp="2025-04-30T20:13:59Z" /><node lat="41.0895948" visible="true" user="OSMnx" changeset="1" lon="29.0192635" id="251270444" uid="1" version="1" timestamp="2025-04-30T20:13:59Z" /><node lat="41.0901753" visible="true" user="OSMnx" changeset="1" lon="29.0197142" id="251270445" uid="1" version="1" timestamp="2025-04-30T20:13:59Z" /><node lat="41.083878" visible="true" user="OSMnx" changeset="1" lon="29.0105192" id="251270686" uid="1" version="1" timestamp="2025-04-30T20:13:59Z" /><node lat="41.0840634" visible="true" user="OSMnx" changeset="1" lon="29.0109141" id="251270687" uid="1" version="1" timestamp="2025-04-30T20:13:59Z" /><node lat="41.0843321" visible="true" user="OSMnx" changeset="1" lon="29.0113179" id="251270688" uid="1" version="1" timestamp="2025-04-30T20:13:59Z" /><node lat="41.0823393" visible="true" user="OSMnx" changeset="1" lon="29.0106937" id="251270741" uid="1" version="1" timestamp="2025-04-30T20:13:59Z" /><node lat="41.0824789" visible="true" user="OSMnx" changeset="1" lon="29.0106433" id="251270742" uid="1" version="1" timestamp="2025-04-30T20:13:59Z" /><node lat="41.0831546" visible="true" user="OSMnx" changeset="1" lon="29.0106336" id="251270744" uid="1" version="1" timestamp="2025-04-30T20:13:59Z" /><node lat="41.083409" visible="true" user="OSMnx" changeset="1" lon="29.0107301" id="251270745" uid="1" version="1" timestamp="2025-04-30T20:13:59Z" /><node lat="41.0838936" visible="true" user="OSMnx" changeset="1" lon="29.0110598" id="251270746" uid="1" version="1" timestamp="2025-04-30T20:13:59Z" /><node lat="41.0843248" visible="true" user="OSMnx" changeset="1" lon="29.011492" id="251270747" uid="1" version="1" timestamp="2025-04-30T20:13:59Z" /><node lat="41.0803939" visible="true" user="OSMnx" changeset="1" lon="29.0116788" id="251270786" uid="1" version="1" timestamp="2025-04-30T20:13:59Z"><tag k="highway" v="motorway_junction" /><tag k="ref" v="K-61" /></node><node lat="41.0817944" visible="true" user="OSMnx" changeset="1" lon="29.0109686" id="251270787" uid="1" version="1" timestamp="2025-04-30T20:13:59Z" /><node lat="41.0835348" visible="true" user="OSMnx" changeset="1" lon="29.0100405" id="251270831" uid="1" version="1" timestamp="2025-04-30T20:13:59Z" /><node lat="41.0832507" visible="true" user="OSMnx" changeset="1" lon="29.0099187" id="251270832" uid="1" version="1" timestamp="2025-04-30T20:13:59Z" /><node lat="41.0830105" visible="true" user="OSMnx" changeset="1" lon="29.0098698" id="251270833" uid="1" version="1" timestamp="2025-04-30T20:13:59Z" /><node lat="41.0838938" visible="true" user="OSMnx" changeset="1" lon="29.0103146" id="251270901" uid="1" version="1" timestamp="2025-04-30T20:13:59Z" /><node lat="41.0756502" visible="true" user="OSMnx" changeset="1" lon="29.0188961" id="252127401" uid="1" version="1" timestamp="2025-04-30T20:13:59Z" /><node lat="41.0750048" visible="true" user="OSMnx" changeset="1" lon="29.017549" id="252127402" uid="1" version="1" timestamp="2025-04-30T20:13:59Z" /><node lat="41.0848454" visible="true" user="OSMnx" changeset="1" lon="29.012473" id="355499274" uid="1" version="1" timestamp="2025-04-30T20:13:59Z" /><node lat="41.0846067" visible="true" user="OSMnx" changeset="1" lon="29.0123268" id="355499275" uid="1" version="1" timestamp="2025-04-30T20:13:59Z" /><node lat="41.0842864" visible="true" user="OSMnx" changeset="1" lon="29.0122843" id="355499277" uid="1" version="1" timestamp="2025-04-30T20:13:59Z" /><node lat="41.0838885" visible="true" user="OSMnx" changeset="1" lon="29.012249" id="355499279" uid="1" version="1" timestamp="2025-04-30T20:13:59Z" /><node lat="41.0835909" visible="true" user="OSMnx" changeset="1" lon="29.0122147" id="355499280" uid="1" version="1" timestamp="2025-04-30T20:13:59Z" /><node lat="41.0834227" visible="true" user="OSMnx" changeset="1" lon="29.0122319" id="355499281" uid="1" version="1" timestamp="2025-04-30T20:13:59Z" /><node lat="41.0825299" visible="true" user="OSMnx" changeset="1" lon="29.0129013" id="355499282" uid="1" version="1" timestamp="2025-04-30T20:13:59Z" /><node lat="41.0819864" visible="true" user="OSMnx" changeset="1" lon="29.0130987" id="355499283" uid="1" version="1" timestamp="2025-04-30T20:13:59Z" /><node lat="41.0816306" visible="true" user="OSMnx" changeset="1" lon="29.0130987" id="355499284" uid="1" version="1" timestamp="2025-04-30T20:13:59Z" /><node lat="41.0813912" visible="true" user="OSMnx" changeset="1" lon="29.0130987" id="355499285" uid="1" version="1" timestamp="2025-04-30T20:13:59Z" /><node lat="41.0849865" visible="true" user="OSMnx" changeset="1" lon="29.0130307" id="355499322" uid="1" version="1" timestamp="2025-04-30T20:13:59Z" /><node lat="41.0854375" visible="true" user="OSMnx" changeset="1" lon="29.0145035" id="355499323" uid="1" version="1" timestamp="2025-04-30T20:13:59Z" /><node lat="41.0830992" visible="true" user="OSMnx" changeset="1" lon="29.0168753" id="355686970" uid="1" version="1" timestamp="2025-04-30T20:13:59Z" /><node lat="41.084801" visible="true" user="OSMnx" changeset="1" lon="29.0169937" id="355686972" uid="1" version="1" timestamp="2025-04-30T20:13:59Z" /><node lat="41.0868579" visible="true" user="OSMnx" changeset="1" lon="29.0171843" id="355686974" uid="1" version="1" timestamp="2025-04-30T20:13:59Z" /><node lat="41.0875695" visible="true" user="OSMnx" changeset="1" lon="29.0172186" id="355687140" uid="1" version="1" timestamp="2025-04-30T20:13:59Z" /><node lat="41.0873198" visible="true" user="OSMnx" changeset="1" lon="29.0171745" id="355699683" uid="1" version="1" timestamp="2025-04-30T20:13:59Z" /><node lat="41.0876872" visible="true" user="OSMnx" changeset="1" lon="29.0180769" id="355699684" uid="1" version="1" timestamp="2025-04-30T20:13:59Z" /><node lat="41.0877204" visible="true" user="OSMnx" changeset="1" lon="29.0181764" id="355699685" uid="1" version="1" timestamp="2025-04-30T20:13:59Z" /><node lat="41.087598" visible="true" user="OSMnx" changeset="1" lon="29.0185872" id="355699686" uid="1" version="1" timestamp="2025-04-30T20:13:59Z" /><node lat="41.0875436" visible="true" user="OSMnx" changeset="1" lon="29.0189524" id="355699687" uid="1" version="1" timestamp="2025-04-30T20:13:59Z" /><node lat="41.0878671" visible="true" user="OSMnx" changeset="1" lon="29.0201712" id="355699690" uid="1" version="1" timestamp="2025-04-30T20:13:59Z" /><node lat="41.0866573" visible="true" user="OSMnx" changeset="1" lon="29.0203429" id="355699780" uid="1" version="1" timestamp="2025-04-30T20:13:59Z" /><node lat="41.0863727" visible="true" user="OSMnx" changeset="1" lon="29.0205832" id="355699781" uid="1" version="1" timestamp="2025-04-30T20:13:59Z" /><node lat="41.0862045" visible="true" user="OSMnx" changeset="1" lon="29.020669" id="355699782" uid="1" version="1" timestamp="2025-04-30T20:13:59Z" /><node lat="41.0857128" visible="true" user="OSMnx" changeset="1" lon="29.0206518" id="355699783" uid="1" version="1" timestamp="2025-04-30T20:13:59Z" /><node lat="41.0849689" visible="true" user="OSMnx" changeset="1" lon="29.020669" id="355699784" uid="1" version="1" timestamp="2025-04-30T20:13:59Z" /><node lat="41.0843737" visible="true" user="OSMnx" changeset="1" lon="29.0208063" id="355699785" uid="1" version="1" timestamp="2025-04-30T20:13:59Z" /><node lat="41.0838949" visible="true" user="OSMnx" changeset="1" lon="29.0209523" id="355699786" uid="1" version="1" timestamp="2025-04-30T20:13:59Z" /><node lat="41.0832868" visible="true" user="OSMnx" changeset="1" lon="29.0211668" id="355699787" uid="1" version="1" timestamp="2025-04-30T20:13:59Z" /><node lat="41.0806223" visible="true" user="OSMnx" changeset="1" lon="29.022548" id="516043615" uid="1" version="1" timestamp="2025-04-30T20:13:59Z" /><node lat="41.0808667" visible="true" user="OSMnx" changeset="1" lon="29.0225744" id="516043626" uid="1" version="1" timestamp="2025-04-30T20:13:59Z" /><node lat="41.0810474" visible="true" user="OSMnx" changeset="1" lon="29.0223652" id="516043634" uid="1" version="1" timestamp="2025-04-30T20:13:59Z" /><node lat="41.0812375" visible="true" user="OSMnx" changeset="1" lon="29.0221345" id="516043635" uid="1" version="1" timestamp="2025-04-30T20:13:59Z" /><node lat="41.0815124" visible="true" user="OSMnx" changeset="1" lon="29.021877" id="516043636" uid="1" version="1" timestamp="2025-04-30T20:13:59Z" /><node lat="41.0812152" visible="true" user="OSMnx" changeset="1" lon="29.022054" id="516043644" uid="1" version="1" timestamp="2025-04-30T20:13:59Z" /><node lat="41.0810859" visible="true" user="OSMnx" changeset="1" lon="29.0221989" id="516043645" uid="1" version="1" timestamp="2025-04-30T20:13:59Z" /><node lat="41.0809039" visible="true" user="OSMnx" changeset="1" lon="29.0224027" id="516043648" uid="1" version="1" timestamp="2025-04-30T20:13:59Z" /><node lat="41.0807299" visible="true" user="OSMnx" changeset="1" lon="29.0225083" id="516043653" uid="1" version="1" timestamp="2025-04-30T20:13:59Z" /><node lat="41.0787419" visible="true" user="OSMnx" changeset="1" lon="29.0225216" id="516043685" uid="1" version="1" timestamp="2025-04-30T20:13:59Z" /><node lat="41.0770138" visible="true" user="OSMnx" changeset="1" lon="29.0221959" id="516043718" uid="1" version="1" timestamp="2025-04-30T20:13:59Z" /><node lat="41.081842" visible="true" user="OSMnx" changeset="1" lon="29.0216678" id="516043743" uid="1" version="1" timestamp="2025-04-30T20:13:59Z" /><node lat="41.0829701" visible="true" user="OSMnx" changeset="1" lon="29.0213084" id="516043779" uid="1" version="1" timestamp="2025-04-30T20:13:59Z" /><node lat="41.0794885" visible="true" user="OSMnx" changeset="1" lon="29.0214712" id="516043800" uid="1" version="1" timestamp="2025-04-30T20:13:59Z" /><node lat="41.0794245" visible="true" user="OSMnx" changeset="1" lon="29.0206248" id="516043805" uid="1" version="1" timestamp="2025-04-30T20:13:59Z" /><node lat="41.079343" visible="true" user="OSMnx" changeset="1" lon="29.0198653" id="516043806" uid="1" version="1" timestamp="2025-04-30T20:13:59Z" /><node lat="41.0792096" visible="true" user="OSMnx" changeset="1" lon="29.019007" id="516043807" uid="1" version="1" timestamp="2025-04-30T20:13:59Z" /><node lat="41.0789639" visible="true" user="OSMnx" changeset="1" lon="29.0178509" id="516043809" uid="1" version="1" timestamp="2025-04-30T20:13:59Z" /><node lat="41.0788138" visible="true" user="OSMnx" changeset="1" lon="29.017271" id="516043813" uid="1" version="1" timestamp="2025-04-30T20:13:59Z" /><node lat="41.0782691" visible="true" user="OSMnx" changeset="1" lon="29.0155495" id="516043820" uid="1" version="1" timestamp="2025-04-30T20:13:59Z" /><node lat="41.0872768" visible="true" user="OSMnx" changeset="1" lon="29.0170874" id="516043875" uid="1" version="1" timestamp="2025-04-30T20:13:59Z" /><node lat="41.0873127" visible="true" user="OSMnx" changeset="1" lon="29.0169578" id="516043880" uid="1" version="1" timestamp="2025-04-30T20:13:59Z" /><node lat="41.0872671" visible="true" user="OSMnx" changeset="1" lon="29.0168264" id="516043885" uid="1" version="1" timestamp="2025-04-30T20:13:59Z" /><node lat="41.0871137" visible="true" user="OSMnx" changeset="1" lon="29.0168164" id="516043889" uid="1" version="1" timestamp="2025-04-30T20:13:59Z" /><node lat="41.0870528" visible="true" user="OSMnx" changeset="1" lon="29.0169252" id="516043892" uid="1" version="1" timestamp="2025-04-30T20:13:59Z" /><node lat="41.0870756" visible="true" user="OSMnx" changeset="1" lon="29.0170725" id="516043893" uid="1" version="1" timestamp="2025-04-30T20:13:59Z" /><node lat="41.087115" visible="true" user="OSMnx" changeset="1" lon="29.0171188" id="516043894" uid="1" version="1" timestamp="2025-04-30T20:13:59Z" /><node lat="41.0871731" visible="true" user="OSMnx" changeset="1" lon="29.0171418" id="516043899" uid="1" version="1" timestamp="2025-04-30T20:13:59Z" /><node lat="41.0842224" visible="true" user="OSMnx" changeset="1" lon="29.0144463" id="516043961" uid="1" version="1" timestamp="2025-04-30T20:13:59Z" /><node lat="41.0834122" visible="true" user="OSMnx" changeset="1" lon="29.0144623" id="516043972" uid="1" version="1" timestamp="2025-04-30T20:13:59Z" /><node lat="41.0833387" visible="true" user="OSMnx" changeset="1" lon="29.0144661" id="516043973" uid="1" version="1" timestamp="2025-04-30T20:13:59Z" /><node lat="41.0830416" visible="true" user="OSMnx" changeset="1" lon="29.0142693" id="516043987" uid="1" version="1" timestamp="2025-04-30T20:13:59Z" /><node lat="41.0825907" visible="true" user="OSMnx" changeset="1" lon="29.0142049" id="516043992" uid="1" version="1" timestamp="2025-04-30T20:13:59Z" /><node lat="41.0819751" visible="true" user="OSMnx" changeset="1" lon="29.0140543" id="516044011" uid="1" version="1" timestamp="2025-04-30T20:13:59Z" /><node lat="41.0811622" visible="true" user="OSMnx" changeset="1" lon="29.0142557" id="516044016" uid="1" version="1" timestamp="2025-04-30T20:13:59Z" /><node lat="41.0809143" visible="true" user="OSMnx" changeset="1" lon="29.0143459" id="516044021" uid="1" version="1" timestamp="2025-04-30T20:13:59Z" /><node lat="41.0797332" visible="true" user="OSMnx" changeset="1" lon="29.0146672" id="516044042" uid="1" version="1" timestamp="2025-04-30T20:13:59Z" /><node lat="41.0796511" visible="true" user="OSMnx" changeset="1" lon="29.0138194" id="516044062" uid="1" version="1" timestamp="2025-04-30T20:13:59Z" /><node lat="41.0798768" visible="true" user="OSMnx" changeset="1" lon="29.0136104" id="516044068" uid="1" version="1" timestamp="2025-04-30T20:13:59Z" /><node lat="41.0800492" visible="true" user="OSMnx" changeset="1" lon="29.0134415" id="516044076" uid="1" version="1" timestamp="2025-04-30T20:13:59Z" /><node lat="41.0802051" visible="true" user="OSMnx" changeset="1" lon="29.0131851" id="516044078" uid="1" version="1" timestamp="2025-04-30T20:13:59Z" /><node lat="41.0802476" visible="true" user="OSMnx" changeset="1" lon="29.013047" id="516044079" uid="1" version="1" timestamp="2025-04-30T20:13:59Z" /><node lat="41.0785405" visible="true" user="OSMnx" changeset="1" lon="29.0131677" id="516044082" uid="1" version="1" timestamp="2025-04-30T20:13:59Z" /><node lat="41.0788537" visible="true" user="OSMnx" changeset="1" lon="29.013061" id="516044083" uid="1" version="1" timestamp="2025-04-30T20:13:59Z"><tag k="highway" v="crossing" /></node><node lat="41.0789427" visible="true" user="OSMnx" changeset="1" lon="29.0131364" id="516044088" uid="1" version="1" timestamp="2025-04-30T20:13:59Z" /><node lat="41.0792767" visible="true" user="OSMnx" changeset="1" lon="29.0138226" id="516044095" uid="1" version="1" timestamp="2025-04-30T20:13:59Z" /><node lat="41.0794554" visible="true" user="OSMnx" changeset="1" lon="29.0142467" id="516044105" uid="1" version="1" timestamp="2025-04-30T20:13:59Z" /><node lat="41.079574" visible="true" user="OSMnx" changeset="1" lon="29.014516" id="516044110" uid="1" version="1" timestamp="2025-04-30T20:13:59Z" /><node lat="41.0796261" visible="true" user="OSMnx" changeset="1" lon="29.0146136" id="516044116" uid="1" version="1" timestamp="2025-04-30T20:13:59Z" /><node lat="41.0789259" visible="true" user="OSMnx" changeset="1" lon="29.0127262" id="516044129" uid="1" version="1" timestamp="2025-04-30T20:13:59Z" /><node lat="41.0789029" visible="true" user="OSMnx" changeset="1" lon="29.0127931" id="516044133" uid="1" version="1" timestamp="2025-04-30T20:13:59Z" /><node lat="41.0801841" visible="true" user="OSMnx" changeset="1" lon="29.0128864" id="516044164" uid="1" version="1" timestamp="2025-04-30T20:13:59Z" /><node lat="41.0801793" visible="true" user="OSMnx" changeset="1" lon="29.0124914" id="516044180" uid="1" version="1" timestamp="2025-04-30T20:13:59Z" /><node lat="41.0801962" visible="true" user="OSMnx" changeset="1" lon="29.0122586" id="516044189" uid="1" version="1" timestamp="2025-04-30T20:13:59Z" /><node lat="41.0802609" visible="true" user="OSMnx" changeset="1" lon="29.0121352" id="516044196" uid="1" version="1" timestamp="2025-04-30T20:13:59Z" /><node lat="41.0803499" visible="true" user="OSMnx" changeset="1" lon="29.0120225" id="516044200" uid="1" version="1" timestamp="2025-04-30T20:13:59Z" /><node lat="41.0806814" visible="true" user="OSMnx" changeset="1" lon="29.0117865" id="516044210" uid="1" version="1" timestamp="2025-04-30T20:13:59Z" /><node lat="41.0811158" visible="true" user="OSMnx" changeset="1" lon="29.0115021" id="516044218" uid="1" version="1" timestamp="2025-04-30T20:13:59Z" /><node lat="41.0812427" visible="true" user="OSMnx" changeset="1" lon="29.0114684" id="516044225" uid="1" version="1" timestamp="2025-04-30T20:13:59Z" /><node lat="41.0815228" visible="true" user="OSMnx" changeset="1" lon="29.0116275" id="516044234" uid="1" version="1" timestamp="2025-04-30T20:13:59Z" /><node lat="41.0815748" visible="true" user="OSMnx" changeset="1" lon="29.0123024" id="516044269" uid="1" version="1" timestamp="2025-04-30T20:13:59Z" /><node lat="41.0814821" visible="true" user="OSMnx" changeset="1" lon="29.0126556" id="516044277" uid="1" version="1" timestamp="2025-04-30T20:13:59Z" /><node lat="41.0814134" visible="true" user="OSMnx" changeset="1" lon="29.0128755" id="516044287" uid="1" version="1" timestamp="2025-04-30T20:13:59Z" /><node lat="41.0812457" visible="true" user="OSMnx" changeset="1" lon="29.0131784" id="516044296" uid="1" version="1" timestamp="2025-04-30T20:13:59Z" /><node lat="41.0810656" visible="true" user="OSMnx" changeset="1" lon="29.0134173" id="516044306" uid="1" version="1" timestamp="2025-04-30T20:13:59Z" /><node lat="41.0809587" visible="true" user="OSMnx" changeset="1" lon="29.0136445" id="516044311" uid="1" version="1" timestamp="2025-04-30T20:13:59Z" /><node lat="41.0809041" visible="true" user="OSMnx" changeset="1" lon="29.013917" id="516044321" uid="1" version="1" timestamp="2025-04-30T20:13:59Z" /><node lat="41.0810546" visible="true" user="OSMnx" changeset="1" lon="29.0141578" id="516044376" uid="1" version="1" timestamp="2025-04-30T20:13:59Z" /><node lat="41.0810098" visible="true" user="OSMnx" changeset="1" lon="29.0140597" id="516044391" uid="1" version="1" timestamp="2025-04-30T20:13:59Z" /><node lat="41.0809953" visible="true" user="OSMnx" changeset="1" lon="29.0138964" id="516044402" uid="1" version="1" timestamp="2025-04-30T20:13:59Z" /><node lat="41.081038" visible="true" user="OSMnx" changeset="1" lon="29.0137157" id="516044420" uid="1" version="1" timestamp="2025-04-30T20:13:59Z" /><node lat="41.0811449" visible="true" user="OSMnx" changeset="1" lon="29.0134967" id="516044425" uid="1" version="1" timestamp="2025-04-30T20:13:59Z" /><node lat="41.0813123" visible="true" user="OSMnx" changeset="1" lon="29.0132564" id="516044433" uid="1" version="1" timestamp="2025-04-30T20:13:59Z" /><node lat="41.0814902" visible="true" user="OSMnx" changeset="1" lon="29.0128701" id="516044445" uid="1" version="1" timestamp="2025-04-30T20:13:59Z" /><node lat="41.0815589" visible="true" user="OSMnx" changeset="1" lon="29.0126609" id="516044453" uid="1" version="1" timestamp="2025-04-30T20:13:59Z" /><node lat="41.0815873" visible="true" user="OSMnx" changeset="1" lon="29.0124356" id="516044469" uid="1" version="1" timestamp="2025-04-30T20:13:59Z" /><node lat="41.0815179" visible="true" user="OSMnx" changeset="1" lon="29.0114349" id="516044486" uid="1" version="1" timestamp="2025-04-30T20:13:59Z" /><node lat="41.0815993" visible="true" user="OSMnx" changeset="1" lon="29.0112179" id="516044507" uid="1" version="1" timestamp="2025-04-30T20:13:59Z" /><node lat="41.0817288" visible="true" user="OSMnx" changeset="1" lon="29.0110891" id="516044516" uid="1" version="1" timestamp="2025-04-30T20:13:59Z" /><node lat="41.0833741" visible="true" user="OSMnx" changeset="1" lon="29.0142019" id="516044657" uid="1" version="1" timestamp="2025-04-30T20:13:59Z" /><node lat="41.0831683" visible="true" user="OSMnx" changeset="1" lon="29.0142381" id="516044664" uid="1" version="1" timestamp="2025-04-30T20:13:59Z" /><node lat="41.0834444" visible="true" user="OSMnx" changeset="1" lon="29.0142419" id="516044753" uid="1" version="1" timestamp="2025-04-30T20:13:59Z" /><node lat="41.0834705" visible="true" user="OSMnx" changeset="1" lon="29.0143732" id="516044793" uid="1" version="1" timestamp="2025-04-30T20:13:59Z" /><node lat="41.083316" visible="true" user="OSMnx" changeset="1" lon="29.0142238" id="516044817" uid="1" version="1" timestamp="2025-04-30T20:13:59Z" /><node lat="41.0832732" visible="true" user="OSMnx" changeset="1" lon="29.0143009" id="516044836" uid="1" version="1" timestamp="2025-04-30T20:13:59Z" /><node lat="41.0832769" visible="true" user="OSMnx" changeset="1" lon="29.0143887" id="516044854" uid="1" version="1" timestamp="2025-04-30T20:13:59Z" /><node lat="41.0742539" visible="true" user="OSMnx" changeset="1" lon="29.0159317" id="539133104" uid="1" version="1" timestamp="2025-04-30T20:13:59Z" /><node lat="41.0740799" visible="true" user="OSMnx" changeset="1" lon="29.0155553" id="539133137" uid="1" version="1" timestamp="2025-04-30T20:13:59Z" /><node lat="41.0756528" visible="true" user="OSMnx" changeset="1" lon="29.0171968" id="582943203" uid="1" version="1" timestamp="2025-04-30T20:13:59Z" /><node lat="41.0750336" visible="true" user="OSMnx" changeset="1" lon="29.0175993" id="582943207" uid="1" version="1" timestamp="2025-04-30T20:13:59Z" /><node lat="41.0757138" visible="true" user="OSMnx" changeset="1" lon="29.0147897" id="582943215" uid="1" version="1" timestamp="2025-04-30T20:13:59Z"><tag k="highway" v="traffic_signals" /></node><node lat="41.0762492" visible="true" user="OSMnx" changeset="1" lon="29.0164987" id="582943228" uid="1" version="1" timestamp="2025-04-30T20:13:59Z" /><node lat="41.0773127" visible="true" user="OSMnx" changeset="1" lon="29.0192935" id="582943229" uid="1" version="1" timestamp="2025-04-30T20:13:59Z" /><node lat="41.0769553" visible="true" user="OSMnx" changeset="1" lon="29.0181314" id="582943230" uid="1" version="1" timestamp="2025-04-30T20:13:59Z" /><node lat="41.075555" visible="true" user="OSMnx" changeset="1" lon="29.0169377" id="582943232" uid="1" version="1" timestamp="2025-04-30T20:13:59Z" /><node lat="41.0754943" visible="true" user="OSMnx" changeset="1" lon="29.016762" id="582943233" uid="1" version="1" timestamp="2025-04-30T20:13:59Z" /><node lat="41.0750458" visible="true" user="OSMnx" changeset="1" lon="29.015098" id="582943234" uid="1" version="1" timestamp="2025-04-30T20:13:59Z" /><node lat="41.075186" visible="true" user="OSMnx" changeset="1" lon="29.0169886" id="582943235" uid="1" version="1" timestamp="2025-04-30T20:13:59Z" /><node lat="41.0749979" visible="true" user="OSMnx" changeset="1" lon="29.0167621" id="582943236" uid="1" version="1" timestamp="2025-04-30T20:13:59Z" /><node lat="41.0748099" visible="true" user="OSMnx" changeset="1" lon="29.0163677" id="582943237" uid="1" version="1" timestamp="2025-04-30T20:13:59Z" /><node lat="41.0760475" visible="true" user="OSMnx" changeset="1" lon="29.0198523" id="582943238" uid="1" version="1" timestamp="2025-04-30T20:13:59Z" /><node lat="41.0766498" visible="true" user="OSMnx" changeset="1" lon="29.019581" id="582943239" uid="1" version="1" timestamp="2025-04-30T20:13:59Z" /><node lat="41.0775998" visible="true" user="OSMnx" changeset="1" lon="29.0191976" id="582943240" uid="1" version="1" timestamp="2025-04-30T20:13:59Z" /><node lat="41.0791602" visible="true" user="OSMnx" changeset="1" lon="29.0187827" id="582943241" uid="1" version="1" timestamp="2025-04-30T20:13:59Z" /><node lat="41.0766328" visible="true" user="OSMnx" changeset="1" lon="29.0212876" id="775654105" uid="1" version="1" timestamp="2025-04-30T20:13:59Z" /><node lat="41.0788495" visible="true" user="OSMnx" changeset="1" lon="29.0204988" id="775654110" uid="1" version="1" timestamp="2025-04-30T20:13:59Z" /><node lat="41.0794083" visible="true" user="OSMnx" changeset="1" lon="29.0203623" id="775654111" uid="1" version="1" timestamp="2025-04-30T20:13:59Z" /><node lat="41.0801049" visible="true" user="OSMnx" changeset="1" lon="29.0166493" id="775654537" uid="1" version="1" timestamp="2025-04-30T20:13:59Z" /><node lat="41.0818113" visible="true" user="OSMnx" changeset="1" lon="29.0167458" id="775654538" uid="1" version="1" timestamp="2025-04-30T20:13:59Z" /><node lat="41.0820222" visible="true" user="OSMnx" changeset="1" lon="29.0167628" id="775654539" uid="1" version="1" timestamp="2025-04-30T20:13:59Z" /><node lat="41.082345" visible="true" user="OSMnx" changeset="1" lon="29.0167887" id="775654540" uid="1" version="1" timestamp="2025-04-30T20:13:59Z" /><node lat="41.0794336" visible="true" user="OSMnx" changeset="1" lon="29.0176256" id="775654578" uid="1" version="1" timestamp="2025-04-30T20:13:59Z" /><node lat="41.0788088" visible="true" user="OSMnx" changeset="1" lon="29.0152447" id="775654612" uid="1" version="1" timestamp="2025-04-30T20:13:59Z" /><node lat="41.0796707" visible="true" user="OSMnx" changeset="1" lon="29.0147021" id="775654613" uid="1" version="1" timestamp="2025-04-30T20:13:59Z" /><node lat="41.0826156" visible="true" user="OSMnx" changeset="1" lon="29.0158183" id="775654678" uid="1" version="1" timestamp="2025-04-30T20:13:59Z" /><node lat="41.0827575" visible="true" user="OSMnx" changeset="1" lon="29.0175183" id="775654682" uid="1" version="1" timestamp="2025-04-30T20:13:59Z" /><node lat="41.0807599" visible="true" user="OSMnx" changeset="1" lon="29.0186985" id="775654683" uid="1" version="1" timestamp="2025-04-30T20:13:59Z" /><node lat="41.0800725" visible="true" user="OSMnx" changeset="1" lon="29.018677" id="775654685" uid="1" version="1" timestamp="2025-04-30T20:13:59Z" /><node lat="41.0796358" visible="true" user="OSMnx" changeset="1" lon="29.0187199" id="775654686" uid="1" version="1" timestamp="2025-04-30T20:13:59Z" /><node lat="41.0793057" visible="true" user="OSMnx" changeset="1" lon="29.0195828" id="775654687" uid="1" version="1" timestamp="2025-04-30T20:13:59Z" /><node lat="41.0796924" visible="true" user="OSMnx" changeset="1" lon="29.0195568" id="775654723" uid="1" version="1" timestamp="2025-04-30T20:13:59Z" /><node lat="41.080024" visible="true" user="OSMnx" changeset="1" lon="29.019428" id="775654726" uid="1" version="1" timestamp="2025-04-30T20:13:59Z" /><node lat="41.0802181" visible="true" user="OSMnx" changeset="1" lon="29.0194602" id="775654727" uid="1" version="1" timestamp="2025-04-30T20:13:59Z" /><node lat="41.0807114" visible="true" user="OSMnx" changeset="1" lon="29.0195782" id="775654729" uid="1" version="1" timestamp="2025-04-30T20:13:59Z" /><node lat="41.0810753" visible="true" user="OSMnx" changeset="1" lon="29.0195997" id="775654731" uid="1" version="1" timestamp="2025-04-30T20:13:59Z" /><node lat="41.0815606" visible="true" user="OSMnx" changeset="1" lon="29.0194495" id="775654733" uid="1" version="1" timestamp="2025-04-30T20:13:59Z" /><node lat="41.0820458" visible="true" user="OSMnx" changeset="1" lon="29.0192886" id="775654735" uid="1" version="1" timestamp="2025-04-30T20:13:59Z" /><node lat="41.0825472" visible="true" user="OSMnx" changeset="1" lon="29.0193851" id="775654737" uid="1" version="1" timestamp="2025-04-30T20:13:59Z" /><node lat="41.0829677" visible="true" user="OSMnx" changeset="1" lon="29.0194495" id="775654738" uid="1" version="1" timestamp="2025-04-30T20:13:59Z" /><node lat="41.083461" visible="true" user="OSMnx" changeset="1" lon="29.0201039" id="775654779" uid="1" version="1" timestamp="2025-04-30T20:13:59Z" /><node lat="41.0831052" visible="true" user="OSMnx" changeset="1" lon="29.0202327" id="775654780" uid="1" version="1" timestamp="2025-04-30T20:13:59Z" /><node lat="41.0828302" visible="true" user="OSMnx" changeset="1" lon="29.0202756" id="775654782" uid="1" version="1" timestamp="2025-04-30T20:13:59Z" /><node lat="41.0825957" visible="true" user="OSMnx" changeset="1" lon="29.0203722" id="775654784" uid="1" version="1" timestamp="2025-04-30T20:13:59Z" /><node lat="41.0821995" visible="true" user="OSMnx" changeset="1" lon="29.0206511" id="775654788" uid="1" version="1" timestamp="2025-04-30T20:13:59Z" /><node lat="41.0818194" visible="true" user="OSMnx" changeset="1" lon="29.0208442" id="775654789" uid="1" version="1" timestamp="2025-04-30T20:13:59Z" /><node lat="41.0817348" visible="true" user="OSMnx" changeset="1" lon="29.0212196" id="775654791" uid="1" version="1" timestamp="2025-04-30T20:13:59Z" /><node lat="41.0816661" visible="true" user="OSMnx" changeset="1" lon="29.0215309" id="775654795" uid="1" version="1" timestamp="2025-04-30T20:13:59Z" /><node lat="41.0815803" visible="true" user="OSMnx" changeset="1" lon="29.0218306" id="775654797" uid="1" version="1" timestamp="2025-04-30T20:13:59Z" /><node lat="41.0855556" visible="true" user="OSMnx" changeset="1" lon="29.0206554" id="775655064" uid="1" version="1" timestamp="2025-04-30T20:13:59Z" /><node lat="41.0863318" visible="true" user="OSMnx" changeset="1" lon="29.0197821" id="775655268" uid="1" version="1" timestamp="2025-04-30T20:13:59Z" /><node lat="41.0856849" visible="true" user="OSMnx" changeset="1" lon="29.019943" id="775655270" uid="1" version="1" timestamp="2025-04-30T20:13:59Z" /><node lat="41.085321" visible="true" user="OSMnx" changeset="1" lon="29.0199323" id="775655271" uid="1" version="1" timestamp="2025-04-30T20:13:59Z" /><node lat="41.0847549" visible="true" user="OSMnx" changeset="1" lon="29.0196963" id="775655272" uid="1" version="1" timestamp="2025-04-30T20:13:59Z" /><node lat="41.0844476" visible="true" user="OSMnx" changeset="1" lon="29.0196319" id="775655273" uid="1" version="1" timestamp="2025-04-30T20:13:59Z" /><node lat="41.0840756" visible="true" user="OSMnx" changeset="1" lon="29.0197606" id="775655275" uid="1" version="1" timestamp="2025-04-30T20:13:59Z" /><node lat="41.088151" visible="true" user="OSMnx" changeset="1" lon="29.017945" id="775655279" uid="1" version="1" timestamp="2025-04-30T20:13:59Z" /><node lat="41.0880461" visible="true" user="OSMnx" changeset="1" lon="29.0179796" id="775655309" uid="1" version="1" timestamp="2025-04-30T20:13:59Z" /><node lat="41.0878035" visible="true" user="OSMnx" changeset="1" lon="29.0180762" id="775655311" uid="1" version="1" timestamp="2025-04-30T20:13:59Z" /><node lat="41.0850946" visible="true" user="OSMnx" changeset="1" lon="29.0178938" id="775655312" uid="1" version="1" timestamp="2025-04-30T20:13:59Z" /><node lat="41.0830809" visible="true" user="OSMnx" changeset="1" lon="29.0174968" id="775655313" uid="1" version="1" timestamp="2025-04-30T20:13:59Z" /><node lat="41.0829515" visible="true" user="OSMnx" changeset="1" lon="29.0174539" id="775655315" uid="1" version="1" timestamp="2025-04-30T20:13:59Z" /><node lat="41.0828936" visible="true" user="OSMnx" changeset="1" lon="29.0173739" id="775655317" uid="1" version="1" timestamp="2025-04-30T20:13:59Z" /><node lat="41.0868691" visible="true" user="OSMnx" changeset="1" lon="29.0162674" id="775655338" uid="1" version="1" timestamp="2025-04-30T20:13:59Z" /><node lat="41.0857577" visible="true" user="OSMnx" changeset="1" lon="29.016263" id="775655379" uid="1" version="1" timestamp="2025-04-30T20:13:59Z" /><node lat="41.0851107" visible="true" user="OSMnx" changeset="1" lon="29.0161021" id="775655380" uid="1" version="1" timestamp="2025-04-30T20:13:59Z" /><node lat="41.0837279" visible="true" user="OSMnx" changeset="1" lon="29.0161987" id="775655381" uid="1" version="1" timestamp="2025-04-30T20:13:59Z" /><node lat="41.0829479" visible="true" user="OSMnx" changeset="1" lon="29.0162534" id="775655382" uid="1" version="1" timestamp="2025-04-30T20:13:59Z" /><node lat="41.0856493" visible="true" user="OSMnx" changeset="1" lon="29.0170437" id="775655394" uid="1" version="1" timestamp="2025-04-30T20:13:59Z" /><node lat="41.0859113" visible="true" user="OSMnx" changeset="1" lon="29.0164347" id="775655459" uid="1" version="1" timestamp="2025-04-30T20:13:59Z" /><node lat="41.085968" visible="true" user="OSMnx" changeset="1" lon="29.0162668" id="775655461" uid="1" version="1" timestamp="2025-04-30T20:13:59Z" /><node lat="41.0852172" visible="true" user="OSMnx" changeset="1" lon="29.0161971" id="775655546" uid="1" version="1" timestamp="2025-04-30T20:13:59Z" /><node lat="41.0852347" visible="true" user="OSMnx" changeset="1" lon="29.0163332" id="775655547" uid="1" version="1" timestamp="2025-04-30T20:13:59Z" /><node lat="41.0852416" visible="true" user="OSMnx" changeset="1" lon="29.0164705" id="775655548" uid="1" version="1" timestamp="2025-04-30T20:13:59Z" /><node lat="41.0851107" visible="true" user="OSMnx" changeset="1" lon="29.0167673" id="775655549" uid="1" version="1" timestamp="2025-04-30T20:13:59Z" /><node lat="41.0849998" visible="true" user="OSMnx" changeset="1" lon="29.0170052" id="775655551" uid="1" version="1" timestamp="2025-04-30T20:13:59Z" /><node lat="41.0849247" visible="true" user="OSMnx" changeset="1" lon="29.0172286" id="775655552" uid="1" version="1" timestamp="2025-04-30T20:13:59Z" /><node lat="41.0849005" visible="true" user="OSMnx" changeset="1" lon="29.0173466" id="775655553" uid="1" version="1" timestamp="2025-04-30T20:13:59Z" /><node lat="41.0849328" visible="true" user="OSMnx" changeset="1" lon="29.0176149" id="775655554" uid="1" version="1" timestamp="2025-04-30T20:13:59Z" /><node lat="41.0849652" visible="true" user="OSMnx" changeset="1" lon="29.0177007" id="775655555" uid="1" version="1" timestamp="2025-04-30T20:13:59Z" /><node lat="41.0850392" visible="true" user="OSMnx" changeset="1" lon="29.0178829" id="775655557" uid="1" version="1" timestamp="2025-04-30T20:13:59Z" /><node lat="41.0850056" visible="true" user="OSMnx" changeset="1" lon="29.0180762" id="775655558" uid="1" version="1" timestamp="2025-04-30T20:13:59Z" /><node lat="41.0848843" visible="true" user="OSMnx" changeset="1" lon="29.0185483" id="775655559" uid="1" version="1" timestamp="2025-04-30T20:13:59Z" /><node lat="41.0845285" visible="true" user="OSMnx" changeset="1" lon="29.018913" id="775655560" uid="1" version="1" timestamp="2025-04-30T20:13:59Z" /><node lat="41.0842454" visible="true" user="OSMnx" changeset="1" lon="29.019074" id="775655561" uid="1" version="1" timestamp="2025-04-30T20:13:59Z" /><node lat="41.0839142" visible="true" user="OSMnx" changeset="1" lon="29.0193827" id="775655625" uid="1" version="1" timestamp="2025-04-30T20:13:59Z" /><node lat="41.086259" visible="true" user="OSMnx" changeset="1" lon="29.0194158" id="775655630" uid="1" version="1" timestamp="2025-04-30T20:13:59Z" /><node lat="41.0866472" visible="true" user="OSMnx" changeset="1" lon="29.019546" id="775655631" uid="1" version="1" timestamp="2025-04-30T20:13:59Z" /><node lat="41.0869221" visible="true" user="OSMnx" changeset="1" lon="29.0195246" id="775655633" uid="1" version="1" timestamp="2025-04-30T20:13:59Z" /><node lat="41.0874073" visible="true" user="OSMnx" changeset="1" lon="29.0193958" id="775655634" uid="1" version="1" timestamp="2025-04-30T20:13:59Z" /><node lat="41.0876187" visible="true" user="OSMnx" changeset="1" lon="29.019374" id="775655635" uid="1" version="1" timestamp="2025-04-30T20:13:59Z" /><node lat="41.086906" visible="true" user="OSMnx" changeset="1" lon="29.0189774" id="775655646" uid="1" version="1" timestamp="2025-04-30T20:13:59Z" /><node lat="41.0870515" visible="true" user="OSMnx" changeset="1" lon="29.0188272" id="775655647" uid="1" version="1" timestamp="2025-04-30T20:13:59Z" /><node lat="41.0871971" visible="true" user="OSMnx" changeset="1" lon="29.0184732" id="775655649" uid="1" version="1" timestamp="2025-04-30T20:13:59Z" /><node lat="41.0873244" visible="true" user="OSMnx" changeset="1" lon="29.0181825" id="775655650" uid="1" version="1" timestamp="2025-04-30T20:13:59Z" /><node lat="41.0840029" visible="true" user="OSMnx" changeset="1" lon="29.0161794" id="775656615" uid="1" version="1" timestamp="2025-04-30T20:13:59Z" /><node lat="41.0839867" visible="true" user="OSMnx" changeset="1" lon="29.0163059" id="775656616" uid="1" version="1" timestamp="2025-04-30T20:13:59Z" /><node lat="41.0837845" visible="true" user="OSMnx" changeset="1" lon="29.0166385" id="775656618" uid="1" version="1" timestamp="2025-04-30T20:13:59Z" /><node lat="41.0836065" visible="true" user="OSMnx" changeset="1" lon="29.0169292" id="775656619" uid="1" version="1" timestamp="2025-04-30T20:13:59Z" /><node lat="41.0837858" visible="true" user="OSMnx" changeset="1" lon="29.0176358" id="775656620" uid="1" version="1" timestamp="2025-04-30T20:13:59Z" /><node lat="41.0808323" visible="true" user="OSMnx" changeset="1" lon="29.0213679" id="962091105" uid="1" version="1" timestamp="2025-04-30T20:13:59Z" /><node lat="41.0807512" visible="true" user="OSMnx" changeset="1" lon="29.0225041" id="962091115" uid="1" version="1" timestamp="2025-04-30T20:13:59Z" /><node lat="41.0807823" visible="true" user="OSMnx" changeset="1" lon="29.0221945" id="962091117" uid="1" version="1" timestamp="2025-04-30T20:13:59Z" /><node lat="41.0758548" visible="true" user="OSMnx" changeset="1" lon="29.0196224" id="1345662383" uid="1" version="1" timestamp="2025-04-30T20:13:59Z" /><node lat="41.0759166" visible="true" user="OSMnx" changeset="1" lon="29.0195451" id="1345663250" uid="1" version="1" timestamp="2025-04-30T20:13:59Z" /><node lat="41.0762304" visible="true" user="OSMnx" changeset="1" lon="29.0203142" id="1345664329" uid="1" version="1" timestamp="2025-04-30T20:13:59Z" /><node lat="41.0764775" visible="true" user="OSMnx" changeset="1" lon="29.0167038" id="1345771857" uid="1" version="1" timestamp="2025-04-30T20:13:59Z" /><node lat="41.0778605" visible="true" user="OSMnx" changeset="1" lon="29.0145569" id="1345775528" uid="1" version="1" timestamp="2025-04-30T20:13:59Z" /><node lat="41.077689" visible="true" user="OSMnx" changeset="1" lon="29.0146674" id="1345775530" uid="1" version="1" timestamp="2025-04-30T20:13:59Z" /><node lat="41.0759794" visible="true" user="OSMnx" changeset="1" lon="29.015713" id="1345775532" uid="1" version="1" timestamp="2025-04-30T20:13:59Z" /><node lat="41.077038" visible="true" user="OSMnx" changeset="1" lon="29.0150965" id="1345775538" uid="1" version="1" timestamp="2025-04-30T20:13:59Z" /><node lat="41.0763316" visible="true" user="OSMnx" changeset="1" lon="29.01549" id="1345775540" uid="1" version="1" timestamp="2025-04-30T20:13:59Z" /><node lat="41.0778059" visible="true" user="OSMnx" changeset="1" lon="29.0168386" id="1345779400" uid="1" version="1" timestamp="2025-04-30T20:13:59Z" /><node lat="41.0767548" visible="true" user="OSMnx" changeset="1" lon="29.0174394" id="1345779401" uid="1" version="1" timestamp="2025-04-30T20:13:59Z" /><node lat="41.0758133" visible="true" user="OSMnx" changeset="1" lon="29.0170949" id="1345779403" uid="1" version="1" timestamp="2025-04-30T20:13:59Z" /><node lat="41.0777133" visible="true" user="OSMnx" changeset="1" lon="29.0200101" id="1345779405" uid="1" version="1" timestamp="2025-04-30T20:13:59Z" /><node lat="41.0766863" visible="true" user="OSMnx" changeset="1" lon="29.0195659" id="1345779406" uid="1" version="1" timestamp="2025-04-30T20:13:59Z" /><node lat="41.0789224" visible="true" user="OSMnx" changeset="1" lon="29.0196453" id="1345779409" uid="1" version="1" timestamp="2025-04-30T20:13:59Z" /><node lat="41.0761354" visible="true" user="OSMnx" changeset="1" lon="29.0179949" id="1345779410" uid="1" version="1" timestamp="2025-04-30T20:13:59Z" /><node lat="41.0783037" visible="true" user="OSMnx" changeset="1" lon="29.0214531" id="1345781353" uid="1" version="1" timestamp="2025-04-30T20:13:59Z" /><node lat="41.0792297" visible="true" user="OSMnx" changeset="1" lon="29.0212546" id="1345781359" uid="1" version="1" timestamp="2025-04-30T20:13:59Z" /><node lat="41.0774383" visible="true" user="OSMnx" changeset="1" lon="29.0217749" id="1345781361" uid="1" version="1" timestamp="2025-04-30T20:13:59Z" /><node lat="41.076942" visible="true" user="OSMnx" changeset="1" lon="29.0220148" id="1345781363" uid="1" version="1" timestamp="2025-04-30T20:13:59Z" /><node lat="41.0808659" visible="true" user="OSMnx" changeset="1" lon="29.0213757" id="1345781866" uid="1" version="1" timestamp="2025-04-30T20:13:59Z" /><node lat="41.0805115" visible="true" user="OSMnx" changeset="1" lon="29.0177144" id="1345786053" uid="1" version="1" timestamp="2025-04-30T20:13:59Z" /><node lat="41.079423" visible="true" user="OSMnx" changeset="1" lon="29.0173295" id="1345786055" uid="1" version="1" timestamp="2025-04-30T20:13:59Z" /><node lat="41.0808512" visible="true" user="OSMnx" changeset="1" lon="29.0175641" id="1345786056" uid="1" version="1" timestamp="2025-04-30T20:13:59Z" /><node lat="41.0794198" visible="true" user="OSMnx" changeset="1" lon="29.0179182" id="1345786057" uid="1" version="1" timestamp="2025-04-30T20:13:59Z" /><node lat="41.0790177" visible="true" user="OSMnx" changeset="1" lon="29.0180665" id="1345786058" uid="1" version="1" timestamp="2025-04-30T20:13:59Z" /><node lat="41.0818298" visible="true" user="OSMnx" changeset="1" lon="29.0168936" id="1345786059" uid="1" version="1" timestamp="2025-04-30T20:13:59Z" /><node lat="41.0794107" visible="true" user="OSMnx" changeset="1" lon="29.0169921" id="1345786061" uid="1" version="1" timestamp="2025-04-30T20:13:59Z" /><node lat="41.0803736" visible="true" user="OSMnx" changeset="1" lon="29.017703" id="1345787292" uid="1" version="1" timestamp="2025-04-30T20:13:59Z" /><node lat="41.0802726" visible="true" user="OSMnx" changeset="1" lon="29.0186833" id="1345787293" uid="1" version="1" timestamp="2025-04-30T20:13:59Z" /><node lat="41.079792" visible="true" user="OSMnx" changeset="1" lon="29.0195181" id="1345787294" uid="1" version="1" timestamp="2025-04-30T20:13:59Z" /><node lat="41.080048" visible="true" user="OSMnx" changeset="1" lon="29.0145742" id="1345787295" uid="1" version="1" timestamp="2025-04-30T20:13:59Z" /><node lat="41.0802785" visible="true" user="OSMnx" changeset="1" lon="29.0180326" id="1345787296" uid="1" version="1" timestamp="2025-04-30T20:13:59Z" /><node lat="41.0802689" visible="true" user="OSMnx" changeset="1" lon="29.0190927" id="1345787297" uid="1" version="1" timestamp="2025-04-30T20:13:59Z" /><node lat="41.0813728" visible="true" user="OSMnx" changeset="1" lon="29.0183364" id="1345787298" uid="1" version="1" timestamp="2025-04-30T20:13:59Z" /><node lat="41.083657" visible="true" user="OSMnx" changeset="1" lon="29.016201" id="1345787299" uid="1" version="1" timestamp="2025-04-30T20:13:59Z" /><node lat="41.0804292" visible="true" user="OSMnx" changeset="1" lon="29.0146171" id="1345787300" uid="1" version="1" timestamp="2025-04-30T20:13:59Z" /><node lat="41.081482" visible="true" user="OSMnx" changeset="1" lon="29.0189374" id="1345787301" uid="1" version="1" timestamp="2025-04-30T20:13:59Z" /><node lat="41.083342" visible="true" user="OSMnx" changeset="1" lon="29.015531" id="1345787302" uid="1" version="1" timestamp="2025-04-30T20:13:59Z" /><node lat="41.0829131" visible="true" user="OSMnx" changeset="1" lon="29.0151704" id="1345787303" uid="1" version="1" timestamp="2025-04-30T20:13:59Z" /><node lat="41.0797999" visible="true" user="OSMnx" changeset="1" lon="29.0191142" id="1345787304" uid="1" version="1" timestamp="2025-04-30T20:13:59Z" /><node lat="41.0827355" visible="true" user="OSMnx" changeset="1" lon="29.015531" id="1345787305" uid="1" version="1" timestamp="2025-04-30T20:13:59Z" /><node lat="41.079804" visible="true" user="OSMnx" changeset="1" lon="29.0187034" id="1345787306" uid="1" version="1" timestamp="2025-04-30T20:13:59Z" /><node lat="41.0814092" visible="true" user="OSMnx" changeset="1" lon="29.0147049" id="1345787307" uid="1" version="1" timestamp="2025-04-30T20:13:59Z" /><node lat="41.0813657" visible="true" user="OSMnx" changeset="1" lon="29.0160751" id="1345788031" uid="1" version="1" timestamp="2025-04-30T20:13:59Z" /><node lat="41.0808714" visible="true" user="OSMnx" changeset="1" lon="29.0160299" id="1345788032" uid="1" version="1" timestamp="2025-04-30T20:13:59Z" /><node lat="41.0809113" visible="true" user="OSMnx" changeset="1" lon="29.0146749" id="1345788034" uid="1" version="1" timestamp="2025-04-30T20:13:59Z" /><node lat="41.0818419" visible="true" user="OSMnx" changeset="1" lon="29.0151448" id="1345788035" uid="1" version="1" timestamp="2025-04-30T20:13:59Z" /><node lat="41.0804182" visible="true" user="OSMnx" changeset="1" lon="29.0153227" id="1345788036" uid="1" version="1" timestamp="2025-04-30T20:13:59Z" /><node lat="41.0822741" visible="true" user="OSMnx" changeset="1" lon="29.0163719" id="1345788038" uid="1" version="1" timestamp="2025-04-30T20:13:59Z" /><node lat="41.0813971" visible="true" user="OSMnx" changeset="1" lon="29.0150214" id="1345788040" uid="1" version="1" timestamp="2025-04-30T20:13:59Z" /><node lat="41.0818338" visible="true" user="OSMnx" changeset="1" lon="29.0161533" id="1345788041" uid="1" version="1" timestamp="2025-04-30T20:13:59Z" /><node lat="41.0818571" visible="true" user="OSMnx" changeset="1" lon="29.014846" id="1345788042" uid="1" version="1" timestamp="2025-04-30T20:13:59Z" /><node lat="41.079723" visible="true" user="OSMnx" changeset="1" lon="29.0166415" id="1345788899" uid="1" version="1" timestamp="2025-04-30T20:13:59Z" /><node lat="41.0794481" visible="true" user="OSMnx" changeset="1" lon="29.0159387" id="1345788900" uid="1" version="1" timestamp="2025-04-30T20:13:59Z" /><node lat="41.0790437" visible="true" user="OSMnx" changeset="1" lon="29.0159119" id="1345788901" uid="1" version="1" timestamp="2025-04-30T20:13:59Z" /><node lat="41.079444" visible="true" user="OSMnx" changeset="1" lon="29.0166468" id="1345788902" uid="1" version="1" timestamp="2025-04-30T20:13:59Z" /><node lat="41.0794721" visible="true" user="OSMnx" changeset="1" lon="29.0152622" id="1345788903" uid="1" version="1" timestamp="2025-04-30T20:13:59Z" /><node lat="41.0788131" visible="true" user="OSMnx" changeset="1" lon="29.0128984" id="1345790061" uid="1" version="1" timestamp="2025-04-30T20:13:59Z" /><node lat="41.0787804" visible="true" user="OSMnx" changeset="1" lon="29.0129455" id="1345790063" uid="1" version="1" timestamp="2025-04-30T20:13:59Z" /><node lat="41.0802801" visible="true" user="OSMnx" changeset="1" lon="29.0126727" id="1345799096" uid="1" version="1" timestamp="2025-04-30T20:13:59Z" /><node lat="41.0889826" visible="true" user="OSMnx" changeset="1" lon="29.0189912" id="1650919804" uid="1" version="1" timestamp="2025-04-30T20:13:59Z" /><node lat="41.0848428" visible="true" user="OSMnx" changeset="1" lon="29.0122353" id="1650919872" uid="1" version="1" timestamp="2025-04-30T20:13:59Z" /><node lat="41.0894476" visible="true" user="OSMnx" changeset="1" lon="29.0196938" id="1650919910" uid="1" version="1" timestamp="2025-04-30T20:13:59Z" /><node lat="41.0896336" visible="true" user="OSMnx" changeset="1" lon="29.0199464" id="1650919955" uid="1" version="1" timestamp="2025-04-30T20:13:59Z" /><node lat="41.0902464" visible="true" user="OSMnx" changeset="1" lon="29.0201142" id="1650919990" uid="1" version="1" timestamp="2025-04-30T20:13:59Z" /><node lat="41.0850498" visible="true" user="OSMnx" changeset="1" lon="29.0119213" id="1650920001" uid="1" version="1" timestamp="2025-04-30T20:13:59Z" /><node lat="41.0896993" visible="true" user="OSMnx" changeset="1" lon="29.0200134" id="1650920021" uid="1" version="1" timestamp="2025-04-30T20:13:59Z" /><node lat="41.0895542" visible="true" user="OSMnx" changeset="1" lon="29.0198428" id="1650920038" uid="1" version="1" timestamp="2025-04-30T20:13:59Z" /><node lat="41.0899606" visible="true" user="OSMnx" changeset="1" lon="29.0200974" id="1650920039" uid="1" version="1" timestamp="2025-04-30T20:13:59Z" /><node lat="41.0848368" visible="true" user="OSMnx" changeset="1" lon="29.0123145" id="1650920066" uid="1" version="1" timestamp="2025-04-30T20:13:59Z" /><node lat="41.0870983" visible="true" user="OSMnx" changeset="1" lon="29.0172242" id="1672428789" uid="1" version="1" timestamp="2025-04-30T20:13:59Z" /><node lat="41.0871944" visible="true" user="OSMnx" changeset="1" lon="29.0167929" id="1672428791" uid="1" version="1" timestamp="2025-04-30T20:13:59Z" /><node lat="41.0870521" visible="true" user="OSMnx" changeset="1" lon="29.0170049" id="1672428792" uid="1" version="1" timestamp="2025-04-30T20:13:59Z" /><node lat="41.087376" visible="true" user="OSMnx" changeset="1" lon="29.0181856" id="1672428794" uid="1" version="1" timestamp="2025-04-30T20:13:59Z" /><node lat="41.0870759" visible="true" user="OSMnx" changeset="1" lon="29.016861" id="1672428796" uid="1" version="1" timestamp="2025-04-30T20:13:59Z" /><node lat="41.0872978" visible="true" user="OSMnx" changeset="1" lon="29.016886" id="1672428801" uid="1" version="1" timestamp="2025-04-30T20:13:59Z" /><node lat="41.0872377" visible="true" user="OSMnx" changeset="1" lon="29.0171251" id="1672428802" uid="1" version="1" timestamp="2025-04-30T20:13:59Z" /><node lat="41.0873054" visible="true" user="OSMnx" changeset="1" lon="29.0170249" id="1672428803" uid="1" version="1" timestamp="2025-04-30T20:13:59Z" /><node lat="41.0852032" visible="true" user="OSMnx" changeset="1" lon="29.0137996" id="1678894579" uid="1" version="1" timestamp="2025-04-30T20:13:59Z" /><node lat="41.0876463" visible="true" user="OSMnx" changeset="1" lon="29.0172904" id="1678894582" uid="1" version="1" timestamp="2025-04-30T20:13:59Z" /><node lat="41.0852962" visible="true" user="OSMnx" changeset="1" lon="29.0141734" id="1678894599" uid="1" version="1" timestamp="2025-04-30T20:13:59Z" /><node lat="41.086151" visible="true" user="OSMnx" changeset="1" lon="29.0153701" id="1678894659" uid="1" version="1" timestamp="2025-04-30T20:13:59Z" /><node lat="41.0858693" visible="true" user="OSMnx" changeset="1" lon="29.0150427" id="1678894661" uid="1" version="1" timestamp="2025-04-30T20:13:59Z" /><node lat="41.0864765" visible="true" user="OSMnx" changeset="1" lon="29.0157644" id="1678894665" uid="1" version="1" timestamp="2025-04-30T20:13:59Z" /><node lat="41.0869512" visible="true" user="OSMnx" changeset="1" lon="29.0163625" id="1678894683" uid="1" version="1" timestamp="2025-04-30T20:13:59Z" /><node lat="41.0850956" visible="true" user="OSMnx" changeset="1" lon="29.0134134" id="1678894685" uid="1" version="1" timestamp="2025-04-30T20:13:59Z" /><node lat="41.0897432" visible="true" user="OSMnx" changeset="1" lon="29.0197318" id="1678894695" uid="1" version="1" timestamp="2025-04-30T20:13:59Z" /><node lat="41.0887225" visible="true" user="OSMnx" changeset="1" lon="29.0186746" id="1678894712" uid="1" version="1" timestamp="2025-04-30T20:13:59Z" /><node lat="41.0855809" visible="true" user="OSMnx" changeset="1" lon="29.0147156" id="1678894716" uid="1" version="1" timestamp="2025-04-30T20:13:59Z" /><node lat="41.0848879" visible="true" user="OSMnx" changeset="1" lon="29.0126459" id="1678894720" uid="1" version="1" timestamp="2025-04-30T20:13:59Z" /><node lat="41.0891981" visible="true" user="OSMnx" changeset="1" lon="29.0192486" id="1678894728" uid="1" version="1" timestamp="2025-04-30T20:13:59Z" /><node lat="41.087802" visible="true" user="OSMnx" changeset="1" lon="29.0174862" id="1678894739" uid="1" version="1" timestamp="2025-04-30T20:13:59Z" /><node lat="41.0884597" visible="true" user="OSMnx" changeset="1" lon="29.0183205" id="1678894766" uid="1" version="1" timestamp="2025-04-30T20:13:59Z" /><node lat="41.0870967" visible="true" user="OSMnx" changeset="1" lon="29.0168323" id="1678904510" uid="1" version="1" timestamp="2025-04-30T20:13:59Z" /><node lat="41.0837526" visible="true" user="OSMnx" changeset="1" lon="29.0192431" id="1678904512" uid="1" version="1" timestamp="2025-04-30T20:13:59Z" /><node lat="41.0870944" visible="true" user="OSMnx" changeset="1" lon="29.0170993" id="1678904514" uid="1" version="1" timestamp="2025-04-30T20:13:59Z" /><node lat="41.0871402" visible="true" user="OSMnx" changeset="1" lon="29.0171336" id="1678904517" uid="1" version="1" timestamp="2025-04-30T20:13:59Z" /><node lat="41.0870492" visible="true" user="OSMnx" changeset="1" lon="29.0169559" id="1678904518" uid="1" version="1" timestamp="2025-04-30T20:13:59Z" /><node lat="41.0872846" visible="true" user="OSMnx" changeset="1" lon="29.0168588" id="1678904521" uid="1" version="1" timestamp="2025-04-30T20:13:59Z" /><node lat="41.0873123" visible="true" user="OSMnx" changeset="1" lon="29.0169834" id="1678904523" uid="1" version="1" timestamp="2025-04-30T20:13:59Z" /><node lat="41.0871443" visible="true" user="OSMnx" changeset="1" lon="29.0167989" id="1678904525" uid="1" version="1" timestamp="2025-04-30T20:13:59Z" /><node lat="41.0840768" visible="true" user="OSMnx" changeset="1" lon="29.0191252" id="1678904528" uid="1" version="1" timestamp="2025-04-30T20:13:59Z" /><node lat="41.0867366" visible="true" user="OSMnx" changeset="1" lon="29.0178349" id="1678904529" uid="1" version="1" timestamp="2025-04-30T20:13:59Z" /><node lat="41.0870602" visible="true" user="OSMnx" changeset="1" lon="29.0170379" id="1678904537" uid="1" version="1" timestamp="2025-04-30T20:13:59Z" /><node lat="41.0872071" visible="true" user="OSMnx" changeset="1" lon="29.0171387" id="1678904538" uid="1" version="1" timestamp="2025-04-30T20:13:59Z" /><node lat="41.0872259" visible="true" user="OSMnx" changeset="1" lon="29.0168025" id="1678904539" uid="1" version="1" timestamp="2025-04-30T20:13:59Z" /><node lat="41.0839103" visible="true" user="OSMnx" changeset="1" lon="29.0191599" id="1678904541" uid="1" version="1" timestamp="2025-04-30T20:13:59Z" /><node lat="41.0837574" visible="true" user="OSMnx" changeset="1" lon="29.0192056" id="1678904543" uid="1" version="1" timestamp="2025-04-30T20:13:59Z" /><node lat="41.0872945" visible="true" user="OSMnx" changeset="1" lon="29.017056" id="1678904544" uid="1" version="1" timestamp="2025-04-30T20:13:59Z" /><node lat="41.0866504" visible="true" user="OSMnx" changeset="1" lon="29.0175132" id="1678904546" uid="1" version="1" timestamp="2025-04-30T20:13:59Z" /><node lat="41.0865371" visible="true" user="OSMnx" changeset="1" lon="29.017147" id="1678904548" uid="1" version="1" timestamp="2025-04-30T20:13:59Z" /><node lat="41.086585" visible="true" user="OSMnx" changeset="1" lon="29.0172877" id="1678904550" uid="1" version="1" timestamp="2025-04-30T20:13:59Z" /><node lat="41.0870619" visible="true" user="OSMnx" changeset="1" lon="29.0168916" id="1678904564" uid="1" version="1" timestamp="2025-04-30T20:13:59Z" /><node lat="41.086802" visible="true" user="OSMnx" changeset="1" lon="29.0181149" id="1678904566" uid="1" version="1" timestamp="2025-04-30T20:13:59Z" /><node lat="41.0873063" visible="true" user="OSMnx" changeset="1" lon="29.0169128" id="1678904570" uid="1" version="1" timestamp="2025-04-30T20:13:59Z" /><node lat="41.0871642" visible="true" user="OSMnx" changeset="1" lon="29.0167934" id="1678904571" uid="1" version="1" timestamp="2025-04-30T20:13:59Z" /><node lat="41.0837769" visible="true" user="OSMnx" changeset="1" lon="29.0193074" id="1678904573" uid="1" version="1" timestamp="2025-04-30T20:13:59Z" /><node lat="41.083814" visible="true" user="OSMnx" changeset="1" lon="29.0191815" id="1678904574" uid="1" version="1" timestamp="2025-04-30T20:13:59Z" /><node lat="41.0855094" visible="true" user="OSMnx" changeset="1" lon="29.0192056" id="1719551897" uid="1" version="1" timestamp="2025-04-30T20:13:59Z" /><node lat="41.0859542" visible="true" user="OSMnx" changeset="1" lon="29.0187228" id="1719551899" uid="1" version="1" timestamp="2025-04-30T20:13:59Z" /><node lat="41.0857601" visible="true" user="OSMnx" changeset="1" lon="29.0189589" id="1719551900" uid="1" version="1" timestamp="2025-04-30T20:13:59Z" /><node lat="41.0852692" visible="true" user="OSMnx" changeset="1" lon="29.0194444" id="1719551902" uid="1" version="1" timestamp="2025-04-30T20:13:59Z" /><node lat="41.0861834" visible="true" user="OSMnx" changeset="1" lon="29.0180348" id="1719551904" uid="1" version="1" timestamp="2025-04-30T20:13:59Z" /><node lat="41.0860997" visible="true" user="OSMnx" changeset="1" lon="29.0184492" id="1719551906" uid="1" version="1" timestamp="2025-04-30T20:13:59Z" /><node lat="41.0753505" visible="true" user="OSMnx" changeset="1" lon="29.0173937" id="1749611355" uid="1" version="1" timestamp="2025-04-30T20:13:59Z" /><node lat="41.0763392" visible="true" user="OSMnx" changeset="1" lon="29.020591" id="1749611356" uid="1" version="1" timestamp="2025-04-30T20:13:59Z" /><node lat="41.0789369" visible="true" user="OSMnx" changeset="1" lon="29.0151751" id="1749621021" uid="1" version="1" timestamp="2025-04-30T20:13:59Z" /><node lat="41.0795573" visible="true" user="OSMnx" changeset="1" lon="29.0147732" id="1749621022" uid="1" version="1" timestamp="2025-04-30T20:13:59Z" /><node lat="41.0808875" visible="true" user="OSMnx" changeset="1" lon="29.0153624" id="1749621023" uid="1" version="1" timestamp="2025-04-30T20:13:59Z" /><node lat="41.0830671" visible="true" user="OSMnx" changeset="1" lon="29.0171347" id="1749621024" uid="1" version="1" timestamp="2025-04-30T20:13:59Z" /><node lat="41.0818391" visible="true" user="OSMnx" changeset="1" lon="29.0154963" id="1749621025" uid="1" version="1" timestamp="2025-04-30T20:13:59Z" /><node lat="41.0828043" visible="true" user="OSMnx" changeset="1" lon="29.0159867" id="1749621026" uid="1" version="1" timestamp="2025-04-30T20:13:59Z" /><node lat="41.0813762" visible="true" user="OSMnx" changeset="1" lon="29.0154159" id="1749621027" uid="1" version="1" timestamp="2025-04-30T20:13:59Z" /><node lat="41.0783167" visible="true" user="OSMnx" changeset="1" lon="29.0216923" id="1749621029" uid="1" version="1" timestamp="2025-04-30T20:13:59Z" /><node lat="41.0822342" visible="true" user="OSMnx" changeset="1" lon="29.0156166" id="1749621030" uid="1" version="1" timestamp="2025-04-30T20:13:59Z" /><node lat="41.083059" visible="true" user="OSMnx" changeset="1" lon="29.0165607" id="1749621031" uid="1" version="1" timestamp="2025-04-30T20:13:59Z" /><node lat="41.0777754" visible="true" user="OSMnx" changeset="1" lon="29.0216434" id="1749621036" uid="1" version="1" timestamp="2025-04-30T20:13:59Z" /><node lat="41.0794435" visible="true" user="OSMnx" changeset="1" lon="29.0163148" id="1749644324" uid="1" version="1" timestamp="2025-04-30T20:13:59Z" /><node lat="41.0798082" visible="true" user="OSMnx" changeset="1" lon="29.0183526" id="1749646976" uid="1" version="1" timestamp="2025-04-30T20:13:59Z" /><node lat="41.0799083" visible="true" user="OSMnx" changeset="1" lon="29.0179797" id="1749646977" uid="1" version="1" timestamp="2025-04-30T20:13:59Z" /><node lat="41.0798168" visible="true" user="OSMnx" changeset="1" lon="29.0179682" id="1749646978" uid="1" version="1" timestamp="2025-04-30T20:13:59Z" /><node lat="41.0808253" visible="true" user="OSMnx" changeset="1" lon="29.0186598" id="1749649539" uid="1" version="1" timestamp="2025-04-30T20:13:59Z" /><node lat="41.080965" visible="true" user="OSMnx" changeset="1" lon="29.0195932" id="1749649541" uid="1" version="1" timestamp="2025-04-30T20:13:59Z" /><node lat="41.0807138" visible="true" user="OSMnx" changeset="1" lon="29.0180253" id="1749649543" uid="1" version="1" timestamp="2025-04-30T20:13:59Z" /><node lat="41.0811834" visible="true" user="OSMnx" changeset="1" lon="29.0177654" id="1749649544" uid="1" version="1" timestamp="2025-04-30T20:13:59Z" /><node lat="41.0819841" visible="true" user="OSMnx" changeset="1" lon="29.0185813" id="1749652818" uid="1" version="1" timestamp="2025-04-30T20:13:59Z" /><node lat="41.084452" visible="true" user="OSMnx" changeset="1" lon="29.0178088" id="1749652819" uid="1" version="1" timestamp="2025-04-30T20:13:59Z" /><node lat="41.0841467" visible="true" user="OSMnx" changeset="1" lon="29.0183418" id="1749652821" uid="1" version="1" timestamp="2025-04-30T20:13:59Z" /><node lat="41.0830348" visible="true" user="OSMnx" changeset="1" lon="29.0181863" id="1749652822" uid="1" version="1" timestamp="2025-04-30T20:13:59Z" /><node lat="41.0844187" visible="true" user="OSMnx" changeset="1" lon="29.0161504" id="1749652823" uid="1" version="1" timestamp="2025-04-30T20:13:59Z" /><node lat="41.0836615" visible="true" user="OSMnx" changeset="1" lon="29.0184169" id="1749652824" uid="1" version="1" timestamp="2025-04-30T20:13:59Z" /><node lat="41.0827527" visible="true" user="OSMnx" changeset="1" lon="29.0183311" id="1749652825" uid="1" version="1" timestamp="2025-04-30T20:13:59Z" /><node lat="41.0822231" visible="true" user="OSMnx" changeset="1" lon="29.0193227" id="1749652827" uid="1" version="1" timestamp="2025-04-30T20:13:59Z" /><node lat="41.0820199" visible="true" user="OSMnx" changeset="1" lon="29.0172153" id="1749652828" uid="1" version="1" timestamp="2025-04-30T20:13:59Z" /><node lat="41.0843196" visible="true" user="OSMnx" changeset="1" lon="29.0182587" id="1749652830" uid="1" version="1" timestamp="2025-04-30T20:13:59Z" /><node lat="41.0844135" visible="true" user="OSMnx" changeset="1" lon="29.0180777" id="1749652831" uid="1" version="1" timestamp="2025-04-30T20:13:59Z" /><node lat="41.0822258" visible="true" user="OSMnx" changeset="1" lon="29.0177653" id="1749652832" uid="1" version="1" timestamp="2025-04-30T20:13:59Z" /><node lat="41.0818233" visible="true" user="OSMnx" changeset="1" lon="29.0181252" id="1749652834" uid="1" version="1" timestamp="2025-04-30T20:13:59Z" /><node lat="41.0842761" visible="true" user="OSMnx" changeset="1" lon="29.0158315" id="1749652835" uid="1" version="1" timestamp="2025-04-30T20:13:59Z" /><node lat="41.0815953" visible="true" user="OSMnx" changeset="1" lon="29.0174782" id="1749652837" uid="1" version="1" timestamp="2025-04-30T20:13:59Z" /><node lat="41.0825075" visible="true" user="OSMnx" changeset="1" lon="29.0184849" id="1749652838" uid="1" version="1" timestamp="2025-04-30T20:13:59Z" /><node lat="41.0840456" visible="true" user="OSMnx" changeset="1" lon="29.0156116" id="1749652840" uid="1" version="1" timestamp="2025-04-30T20:13:59Z" /><node lat="41.0827848" visible="true" user="OSMnx" changeset="1" lon="29.0194215" id="1749652841" uid="1" version="1" timestamp="2025-04-30T20:13:59Z" /><node lat="41.0833754" visible="true" user="OSMnx" changeset="1" lon="29.0183244" id="1749652842" uid="1" version="1" timestamp="2025-04-30T20:13:59Z" /><node lat="41.0822008" visible="true" user="OSMnx" changeset="1" lon="29.0185966" id="1749652844" uid="1" version="1" timestamp="2025-04-30T20:13:59Z" /><node lat="41.083896" visible="true" user="OSMnx" changeset="1" lon="29.0184008" id="1749652845" uid="1" version="1" timestamp="2025-04-30T20:13:59Z" /><node lat="41.0839648" visible="true" user="OSMnx" changeset="1" lon="29.015617" id="1749652847" uid="1" version="1" timestamp="2025-04-30T20:13:59Z" /><node lat="41.0838879" visible="true" user="OSMnx" changeset="1" lon="29.0157028" id="1749652848" uid="1" version="1" timestamp="2025-04-30T20:13:59Z" /><node lat="41.0817004" visible="true" user="OSMnx" changeset="1" lon="29.0177678" id="1749652849" uid="1" version="1" timestamp="2025-04-30T20:13:59Z" /><node lat="41.0841346" visible="true" user="OSMnx" changeset="1" lon="29.0152141" id="1749655626" uid="1" version="1" timestamp="2025-04-30T20:13:59Z" /><node lat="41.0847862" visible="true" user="OSMnx" changeset="1" lon="29.0161247" id="1749655628" uid="1" version="1" timestamp="2025-04-30T20:13:59Z" /><node lat="41.0835847" visible="true" user="OSMnx" changeset="1" lon="29.0147426" id="1749655630" uid="1" version="1" timestamp="2025-04-30T20:13:59Z" /><node lat="41.0842761" visible="true" user="OSMnx" changeset="1" lon="29.0172421" id="1749655632" uid="1" version="1" timestamp="2025-04-30T20:13:59Z" /><node lat="41.0842927" visible="true" user="OSMnx" changeset="1" lon="29.0169663" id="1749655634" uid="1" version="1" timestamp="2025-04-30T20:13:59Z" /><node lat="41.0846077" visible="true" user="OSMnx" changeset="1" lon="29.0164214" id="1749655635" uid="1" version="1" timestamp="2025-04-30T20:13:59Z" /><node lat="41.0856313" visible="true" user="OSMnx" changeset="1" lon="29.0179633" id="1749656269" uid="1" version="1" timestamp="2025-04-30T20:13:59Z" /><node lat="41.0853929" visible="true" user="OSMnx" changeset="1" lon="29.0170285" id="1749656270" uid="1" version="1" timestamp="2025-04-30T20:13:59Z" /><node lat="41.0847411" visible="true" user="OSMnx" changeset="1" lon="29.0148767" id="1749658497" uid="1" version="1" timestamp="2025-04-30T20:13:59Z" /><node lat="41.0864595" visible="true" user="OSMnx" changeset="1" lon="29.0165823" id="1749658499" uid="1" version="1" timestamp="2025-04-30T20:13:59Z" /><node lat="41.0853921" visible="true" user="OSMnx" changeset="1" lon="29.0154668" id="1749658501" uid="1" version="1" timestamp="2025-04-30T20:13:59Z" /><node lat="41.0862209" visible="true" user="OSMnx" changeset="1" lon="29.0171102" id="1749658503" uid="1" version="1" timestamp="2025-04-30T20:13:59Z" /><node lat="41.0858085" visible="true" user="OSMnx" changeset="1" lon="29.0159174" id="1749658505" uid="1" version="1" timestamp="2025-04-30T20:13:59Z" /><node lat="41.0865936" visible="true" user="OSMnx" changeset="1" lon="29.0162779" id="1749658507" uid="1" version="1" timestamp="2025-04-30T20:13:59Z" /><node lat="41.0859747" visible="true" user="OSMnx" changeset="1" lon="29.0170816" id="1749687458" uid="1" version="1" timestamp="2025-04-30T20:13:59Z" /><node lat="41.0864886" visible="true" user="OSMnx" changeset="1" lon="29.0180743" id="1749687466" uid="1" version="1" timestamp="2025-04-30T20:13:59Z" /><node lat="41.0881474" visible="true" user="OSMnx" changeset="1" lon="29.0204842" id="1749687469" uid="1" version="1" timestamp="2025-04-30T20:13:59Z" /><node lat="41.0864309" visible="true" user="OSMnx" changeset="1" lon="29.0194762" id="1749698827" uid="1" version="1" timestamp="2025-04-30T20:13:59Z" /><node lat="41.0865048" visible="true" user="OSMnx" changeset="1" lon="29.0192626" id="1749698832" uid="1" version="1" timestamp="2025-04-30T20:13:59Z" /><node lat="41.0845025" visible="true" user="OSMnx" changeset="1" lon="29.019463" id="1749698836" uid="1" version="1" timestamp="2025-04-30T20:13:59Z" /><node lat="41.0864595" visible="true" user="OSMnx" changeset="1" lon="29.0193879" id="1749698838" uid="1" version="1" timestamp="2025-04-30T20:13:59Z" /><node lat="41.0850161" visible="true" user="OSMnx" changeset="1" lon="29.0195005" id="1749698840" uid="1" version="1" timestamp="2025-04-30T20:13:59Z" /><node lat="41.0799579" visible="true" user="OSMnx" changeset="1" lon="29.0148712" id="1749720314" uid="1" version="1" timestamp="2025-04-30T20:13:59Z" /><node lat="41.0799742" visible="true" user="OSMnx" changeset="1" lon="29.0145951" id="1749720316" uid="1" version="1" timestamp="2025-04-30T20:13:59Z" /><node lat="41.0798699" visible="true" user="OSMnx" changeset="1" lon="29.015979" id="1749720318" uid="1" version="1" timestamp="2025-04-30T20:13:59Z" /><node lat="41.0799385" visible="true" user="OSMnx" changeset="1" lon="29.015292" id="1749720319" uid="1" version="1" timestamp="2025-04-30T20:13:59Z" /><node lat="41.0807999" visible="true" user="OSMnx" changeset="1" lon="29.0166886" id="1749720320" uid="1" version="1" timestamp="2025-04-30T20:13:59Z" /><node lat="41.0799011" visible="true" user="OSMnx" changeset="1" lon="29.0156697" id="1749720321" uid="1" version="1" timestamp="2025-04-30T20:13:59Z" /><node lat="41.0823685" visible="true" user="OSMnx" changeset="1" lon="29.0150021" id="1749720322" uid="1" version="1" timestamp="2025-04-30T20:13:59Z" /><node lat="41.0808311" visible="true" user="OSMnx" changeset="1" lon="29.0160297" id="1749720323" uid="1" version="1" timestamp="2025-04-30T20:13:59Z" /><node lat="41.0836454" visible="true" user="OSMnx" changeset="1" lon="29.0129883" id="1749721611" uid="1" version="1" timestamp="2025-04-30T20:13:59Z" /><node lat="41.0824041" visible="true" user="OSMnx" changeset="1" lon="29.0140236" id="1749721612" uid="1" version="1" timestamp="2025-04-30T20:13:59Z" /><node lat="41.0830914" visible="true" user="OSMnx" changeset="1" lon="29.0135516" id="1749721614" uid="1" version="1" timestamp="2025-04-30T20:13:59Z" /><node lat="41.0827882" visible="true" user="OSMnx" changeset="1" lon="29.0137286" id="1749721616" uid="1" version="1" timestamp="2025-04-30T20:13:59Z" /><node lat="41.0821291" visible="true" user="OSMnx" changeset="1" lon="29.0139915" id="1749721617" uid="1" version="1" timestamp="2025-04-30T20:13:59Z" /><node lat="41.0838476" visible="true" user="OSMnx" changeset="1" lon="29.0126021" id="1749721619" uid="1" version="1" timestamp="2025-04-30T20:13:59Z" /><node lat="41.0824445" visible="true" user="OSMnx" changeset="1" lon="29.0138895" id="1749721621" uid="1" version="1" timestamp="2025-04-30T20:13:59Z" /><node lat="41.0840144" visible="true" user="OSMnx" changeset="1" lon="29.0122685" id="1749721622" uid="1" version="1" timestamp="2025-04-30T20:13:59Z" /><node lat="41.0824485" visible="true" user="OSMnx" changeset="1" lon="29.0141256" id="1749721623" uid="1" version="1" timestamp="2025-04-30T20:13:59Z" /><node lat="41.0833919" visible="true" user="OSMnx" changeset="1" lon="29.0132699" id="1749721624" uid="1" version="1" timestamp="2025-04-30T20:13:59Z" /><node lat="41.0849474" visible="true" user="OSMnx" changeset="1" lon="29.0135087" id="1749723509" uid="1" version="1" timestamp="2025-04-30T20:13:59Z" /><node lat="41.0845349" visible="true" user="OSMnx" changeset="1" lon="29.0126396" id="1749723510" uid="1" version="1" timestamp="2025-04-30T20:13:59Z" /><node lat="41.0850343" visible="true" user="OSMnx" changeset="1" lon="29.013202" id="1749723511" uid="1" version="1" timestamp="2025-04-30T20:13:59Z" /><node lat="41.0844108" visible="true" user="OSMnx" changeset="1" lon="29.0130017" id="1749723512" uid="1" version="1" timestamp="2025-04-30T20:13:59Z" /><node lat="41.0834756" visible="true" user="OSMnx" changeset="1" lon="29.0140987" id="1749723513" uid="1" version="1" timestamp="2025-04-30T20:13:59Z" /><node lat="41.0837424" visible="true" user="OSMnx" changeset="1" lon="29.0143026" id="1749723514" uid="1" version="1" timestamp="2025-04-30T20:13:59Z" /><node lat="41.0842074" visible="true" user="OSMnx" changeset="1" lon="29.0133638" id="1749723516" uid="1" version="1" timestamp="2025-04-30T20:13:59Z" /><node lat="41.0848382" visible="true" user="OSMnx" changeset="1" lon="29.013691" id="1749723518" uid="1" version="1" timestamp="2025-04-30T20:13:59Z" /><node lat="41.0850099" visible="true" user="OSMnx" changeset="1" lon="29.0134346" id="1749723520" uid="1" version="1" timestamp="2025-04-30T20:13:59Z" /><node lat="41.0846846" visible="true" user="OSMnx" changeset="1" lon="29.013852" id="1749723531" uid="1" version="1" timestamp="2025-04-30T20:13:59Z" /><node lat="41.083977" visible="true" user="OSMnx" changeset="1" lon="29.0136374" id="1749723533" uid="1" version="1" timestamp="2025-04-30T20:13:59Z" /><node lat="41.0845066" visible="true" user="OSMnx" changeset="1" lon="29.0140451" id="1749723535" uid="1" version="1" timestamp="2025-04-30T20:13:59Z" /><node lat="41.0849999" visible="true" user="OSMnx" changeset="1" lon="29.0133585" id="1749723536" uid="1" version="1" timestamp="2025-04-30T20:13:59Z" /><node lat="41.0841266" visible="true" user="OSMnx" changeset="1" lon="29.0142758" id="1749723537" uid="1" version="1" timestamp="2025-04-30T20:13:59Z" /><node lat="41.0839284" visible="true" user="OSMnx" changeset="1" lon="29.014308" id="1749723538" uid="1" version="1" timestamp="2025-04-30T20:13:59Z" /><node lat="41.0849701" visible="true" user="OSMnx" changeset="1" lon="29.0134732" id="1749723539" uid="1" version="1" timestamp="2025-04-30T20:13:59Z" /><node lat="41.0843207" visible="true" user="OSMnx" changeset="1" lon="29.0141685" id="1749723540" uid="1" version="1" timestamp="2025-04-30T20:13:59Z" /><node lat="41.0836697" visible="true" user="OSMnx" changeset="1" lon="29.013911" id="1749723541" uid="1" version="1" timestamp="2025-04-30T20:13:59Z" /><node lat="41.0847387" visible="true" user="OSMnx" changeset="1" lon="29.0144512" id="1749726741" uid="1" version="1" timestamp="2025-04-30T20:13:59Z" /><node lat="41.0853441" visible="true" user="OSMnx" changeset="1" lon="29.0145071" id="1749726742" uid="1" version="1" timestamp="2025-04-30T20:13:59Z"><tag k="highway" v="crossing" /></node><node lat="41.0822464" visible="true" user="OSMnx" changeset="1" lon="29.0141309" id="1749726743" uid="1" version="1" timestamp="2025-04-30T20:13:59Z" /><node lat="41.0795282" visible="true" user="OSMnx" changeset="1" lon="29.0140677" id="1749726744" uid="1" version="1" timestamp="2025-04-30T20:13:59Z" /><node lat="41.0837263" visible="true" user="OSMnx" changeset="1" lon="29.0144099" id="1749726745" uid="1" version="1" timestamp="2025-04-30T20:13:59Z" /><node lat="41.084536" visible="true" user="OSMnx" changeset="1" lon="29.0144382" id="1749726746" uid="1" version="1" timestamp="2025-04-30T20:13:59Z" /><node lat="41.0831319" visible="true" user="OSMnx" changeset="1" lon="29.0143348" id="1749726747" uid="1" version="1" timestamp="2025-04-30T20:13:59Z" /><node lat="41.0795341" visible="true" user="OSMnx" changeset="1" lon="29.0140105" id="1749726748" uid="1" version="1" timestamp="2025-04-30T20:13:59Z" /><node lat="41.0796152" visible="true" user="OSMnx" changeset="1" lon="29.0143978" id="1749726749" uid="1" version="1" timestamp="2025-04-30T20:13:59Z" /><node lat="41.0803904" visible="true" user="OSMnx" changeset="1" lon="29.0144474" id="1749726750" uid="1" version="1" timestamp="2025-04-30T20:13:59Z" /><node lat="41.0762764" visible="true" user="OSMnx" changeset="1" lon="29.0183615" id="1749730543" uid="1" version="1" timestamp="2025-04-30T20:13:59Z" /><node lat="41.075586" visible="true" user="OSMnx" changeset="1" lon="29.0187332" id="1749730545" uid="1" version="1" timestamp="2025-04-30T20:13:59Z" /><node lat="41.0754402" visible="true" user="OSMnx" changeset="1" lon="29.0184073" id="1749730547" uid="1" version="1" timestamp="2025-04-30T20:13:59Z" /><node lat="41.0760147" visible="true" user="OSMnx" changeset="1" lon="29.0176458" id="1749730549" uid="1" version="1" timestamp="2025-04-30T20:13:59Z" /><node lat="41.0752937" visible="true" user="OSMnx" changeset="1" lon="29.0180865" id="1749730551" uid="1" version="1" timestamp="2025-04-30T20:13:59Z" /><node lat="41.0898714" visible="true" user="OSMnx" changeset="1" lon="29.0200867" id="1758199207" uid="1" version="1" timestamp="2025-04-30T20:13:59Z" /><node lat="41.0832958" visible="true" user="OSMnx" changeset="1" lon="29.0144286" id="1759577443" uid="1" version="1" timestamp="2025-04-30T20:13:59Z" /><node lat="41.0834647" visible="true" user="OSMnx" changeset="1" lon="29.0142807" id="1759577444" uid="1" version="1" timestamp="2025-04-30T20:13:59Z" /><node lat="41.0833738" visible="true" user="OSMnx" changeset="1" lon="29.0144733" id="1759577445" uid="1" version="1" timestamp="2025-04-30T20:13:59Z" /><node lat="41.0832697" visible="true" user="OSMnx" changeset="1" lon="29.0143478" id="1759577446" uid="1" version="1" timestamp="2025-04-30T20:13:59Z" /><node lat="41.083339" visible="true" user="OSMnx" changeset="1" lon="29.014209" id="1759577447" uid="1" version="1" timestamp="2025-04-30T20:13:59Z" /><node lat="41.0834632" visible="true" user="OSMnx" changeset="1" lon="29.0143986" id="1759577448" uid="1" version="1" timestamp="2025-04-30T20:13:59Z" /><node lat="41.0834153" visible="true" user="OSMnx" changeset="1" lon="29.0142147" id="1759577449" uid="1" version="1" timestamp="2025-04-30T20:13:59Z" /><node lat="41.0834419" visible="true" user="OSMnx" changeset="1" lon="29.0144364" id="1759577450" uid="1" version="1" timestamp="2025-04-30T20:13:59Z" /><node lat="41.0834738" visible="true" user="OSMnx" changeset="1" lon="29.0143263" id="1759577451" uid="1" version="1" timestamp="2025-04-30T20:13:59Z" /><node lat="41.08329" visible="true" user="OSMnx" changeset="1" lon="29.014256" id="1759577452" uid="1" version="1" timestamp="2025-04-30T20:13:59Z" /><node lat="41.0811927" visible="true" user="OSMnx" changeset="1" lon="29.0221889" id="1762465371" uid="1" version="1" timestamp="2025-04-30T20:13:59Z" /><node lat="41.081187" visible="true" user="OSMnx" changeset="1" lon="29.0222601" id="1762465372" uid="1" version="1" timestamp="2025-04-30T20:13:59Z" /><node lat="41.0809486" visible="true" user="OSMnx" changeset="1" lon="29.0223527" id="1762467234" uid="1" version="1" timestamp="2025-04-30T20:13:59Z" /><node lat="41.0761461" visible="true" user="OSMnx" changeset="1" lon="29.0202675" id="1926265319" uid="1" version="1" timestamp="2025-04-30T20:13:59Z" /><node lat="41.0788804" visible="true" user="OSMnx" changeset="1" lon="29.0130787" id="1926265347" uid="1" version="1" timestamp="2025-04-30T20:13:59Z" /><node lat="41.0793472" visible="true" user="OSMnx" changeset="1" lon="29.0139187" id="1926265358" uid="1" version="1" timestamp="2025-04-30T20:13:59Z" /><node lat="41.0795167" visible="true" user="OSMnx" changeset="1" lon="29.0139438" id="1926265388" uid="1" version="1" timestamp="2025-04-30T20:13:59Z" /><node lat="41.078909" visible="true" user="OSMnx" changeset="1" lon="29.0129472" id="1926265472" uid="1" version="1" timestamp="2025-04-30T20:13:59Z"><tag k="highway" v="crossing" /></node><node lat="41.0794064" visible="true" user="OSMnx" changeset="1" lon="29.0139506" id="1926265529" uid="1" version="1" timestamp="2025-04-30T20:13:59Z" /><node lat="41.0787935" visible="true" user="OSMnx" changeset="1" lon="29.0129089" id="1926265573" uid="1" version="1" timestamp="2025-04-30T20:13:59Z" /><node lat="41.0777778" visible="true" user="OSMnx" changeset="1" lon="29.0224307" id="2261060306" uid="1" version="1" timestamp="2025-04-30T20:13:59Z" /><node lat="41.0786514" visible="true" user="OSMnx" changeset="1" lon="29.0131123" id="2261060325" uid="1" version="1" timestamp="2025-04-30T20:13:59Z" /><node lat="41.0798473" visible="true" user="OSMnx" changeset="1" lon="29.0120522" id="2261060345" uid="1" version="1" timestamp="2025-04-30T20:13:59Z" /><node lat="41.0797536" visible="true" user="OSMnx" changeset="1" lon="29.020338" id="2261060347" uid="1" version="1" timestamp="2025-04-30T20:13:59Z" /><node lat="41.0799944" visible="true" user="OSMnx" changeset="1" lon="29.0207227" id="2261060351" uid="1" version="1" timestamp="2025-04-30T20:13:59Z" /><node lat="41.0801431" visible="true" user="OSMnx" changeset="1" lon="29.0133184" id="2261060354" uid="1" version="1" timestamp="2025-04-30T20:13:59Z" /><node lat="41.0802685" visible="true" user="OSMnx" changeset="1" lon="29.0144925" id="2261060357" uid="1" version="1" timestamp="2025-04-30T20:13:59Z" /><node lat="41.0803267" visible="true" user="OSMnx" changeset="1" lon="29.0137735" id="2261060358" uid="1" version="1" timestamp="2025-04-30T20:13:59Z" /><node lat="41.0803337" visible="true" user="OSMnx" changeset="1" lon="29.0135569" id="2261060359" uid="1" version="1" timestamp="2025-04-30T20:13:59Z" /><node lat="41.0809421" visible="true" user="OSMnx" changeset="1" lon="29.0137276" id="2261060372" uid="1" version="1" timestamp="2025-04-30T20:13:59Z" /><node lat="41.0810108" visible="true" user="OSMnx" changeset="1" lon="29.0135337" id="2261060374" uid="1" version="1" timestamp="2025-04-30T20:13:59Z" /><node lat="41.0812373" visible="true" user="OSMnx" changeset="1" lon="29.0208856" id="2261060377" uid="1" version="1" timestamp="2025-04-30T20:13:59Z" /><node lat="41.0798426" visible="true" user="OSMnx" changeset="1" lon="29.02011" id="2262297052" uid="1" version="1" timestamp="2025-04-30T20:13:59Z" /><node lat="41.0799734" visible="true" user="OSMnx" changeset="1" lon="29.0199659" id="2262297055" uid="1" version="1" timestamp="2025-04-30T20:13:59Z" /><node lat="41.0803682" visible="true" user="OSMnx" changeset="1" lon="29.0199397" id="2262297057" uid="1" version="1" timestamp="2025-04-30T20:13:59Z" /><node lat="41.0808914" visible="true" user="OSMnx" changeset="1" lon="29.0200183" id="2262297059" uid="1" version="1" timestamp="2025-04-30T20:13:59Z" /><node lat="41.0813069" visible="true" user="OSMnx" changeset="1" lon="29.0208347" id="2262297061" uid="1" version="1" timestamp="2025-04-30T20:13:59Z" /><node lat="41.0813604" visible="true" user="OSMnx" changeset="1" lon="29.0200445" id="2262297063" uid="1" version="1" timestamp="2025-04-30T20:13:59Z" /><node lat="41.0814056" visible="true" user="OSMnx" changeset="1" lon="29.0201504" id="2262297065" uid="1" version="1" timestamp="2025-04-30T20:13:59Z" /><node lat="41.0864754" visible="true" user="OSMnx" changeset="1" lon="29.0200295" id="2262297083" uid="1" version="1" timestamp="2025-04-30T20:13:59Z" /><node lat="41.0872465" visible="true" user="OSMnx" changeset="1" lon="29.0198937" id="2262297085" uid="1" version="1" timestamp="2025-04-30T20:13:59Z" /><node lat="41.0875614" visible="true" user="OSMnx" changeset="1" lon="29.0205334" id="2262297098" uid="1" version="1" timestamp="2025-04-30T20:13:59Z" /><node lat="41.087575" visible="true" user="OSMnx" changeset="1" lon="29.0202127" id="2262297100" uid="1" version="1" timestamp="2025-04-30T20:13:59Z" /><node lat="41.0735468" visible="true" user="OSMnx" changeset="1" lon="29.0158065" id="2380794549" uid="1" version="1" timestamp="2025-04-30T20:13:59Z" /><node lat="41.0750785" visible="true" user="OSMnx" changeset="1" lon="29.017685" id="2380794565" uid="1" version="1" timestamp="2025-04-30T20:13:59Z" /><node lat="41.0751043" visible="true" user="OSMnx" changeset="1" lon="29.0175525" id="2380794566" uid="1" version="1" timestamp="2025-04-30T20:13:59Z"><tag k="highway" v="crossing" /></node><node lat="41.0751752" visible="true" user="OSMnx" changeset="1" lon="29.0175879" id="2380794567" uid="1" version="1" timestamp="2025-04-30T20:13:59Z" /><node lat="41.075504" visible="true" user="OSMnx" changeset="1" lon="29.0173619" id="2380794572" uid="1" version="1" timestamp="2025-04-30T20:13:59Z" /><node lat="41.0758332" visible="true" user="OSMnx" changeset="1" lon="29.0171464" id="2380794588" uid="1" version="1" timestamp="2025-04-30T20:13:59Z" /><node lat="41.0763134" visible="true" user="OSMnx" changeset="1" lon="29.0168177" id="2380794607" uid="1" version="1" timestamp="2025-04-30T20:13:59Z" /><node lat="41.0899277" visible="true" user="OSMnx" changeset="1" lon="29.0199935" id="2394717209" uid="1" version="1" timestamp="2025-04-30T20:13:59Z" /><node lat="41.0809723" visible="true" user="OSMnx" changeset="1" lon="29.0170321" id="2394748649" uid="1" version="1" timestamp="2025-04-30T20:13:59Z" /><node lat="41.08104" visible="true" user="OSMnx" changeset="1" lon="29.0174348" id="2394748650" uid="1" version="1" timestamp="2025-04-30T20:13:59Z" /><node lat="41.0814104" visible="true" user="OSMnx" changeset="1" lon="29.0182514" id="2394748652" uid="1" version="1" timestamp="2025-04-30T20:13:59Z" /><node lat="41.0814531" visible="true" user="OSMnx" changeset="1" lon="29.0183509" id="2394748653" uid="1" version="1" timestamp="2025-04-30T20:13:59Z" /><node lat="41.0815268" visible="true" user="OSMnx" changeset="1" lon="29.0201247" id="2394748654" uid="1" version="1" timestamp="2025-04-30T20:13:59Z" /><node lat="41.0815412" visible="true" user="OSMnx" changeset="1" lon="29.0203352" id="2394748655" uid="1" version="1" timestamp="2025-04-30T20:13:59Z" /><node lat="41.0817865" visible="true" user="OSMnx" changeset="1" lon="29.0179967" id="2394748657" uid="1" version="1" timestamp="2025-04-30T20:13:59Z" /><node lat="41.0818607" visible="true" user="OSMnx" changeset="1" lon="29.0199653" id="2394748658" uid="1" version="1" timestamp="2025-04-30T20:13:59Z" /><node lat="41.0820239" visible="true" user="OSMnx" changeset="1" lon="29.0199112" id="2394748659" uid="1" version="1" timestamp="2025-04-30T20:13:59Z" /><node lat="41.0820878" visible="true" user="OSMnx" changeset="1" lon="29.0201488" id="2394748660" uid="1" version="1" timestamp="2025-04-30T20:13:59Z" /><node lat="41.0821328" visible="true" user="OSMnx" changeset="1" lon="29.020685" id="2394748661" uid="1" version="1" timestamp="2025-04-30T20:13:59Z" /><node lat="41.0822151" visible="true" user="OSMnx" changeset="1" lon="29.0167783" id="2394748662" uid="1" version="1" timestamp="2025-04-30T20:13:59Z" /><node lat="41.0822626" visible="true" user="OSMnx" changeset="1" lon="29.0178802" id="2394748663" uid="1" version="1" timestamp="2025-04-30T20:13:59Z" /><node lat="41.0824231" visible="true" user="OSMnx" changeset="1" lon="29.0167977" id="2394748664" uid="1" version="1" timestamp="2025-04-30T20:13:59Z" /><node lat="41.0824442" visible="true" user="OSMnx" changeset="1" lon="29.0199608" id="2394748665" uid="1" version="1" timestamp="2025-04-30T20:13:59Z" /><node lat="41.0824624" visible="true" user="OSMnx" changeset="1" lon="29.0193688" id="2394748666" uid="1" version="1" timestamp="2025-04-30T20:13:59Z" /><node lat="41.0825942" visible="true" user="OSMnx" changeset="1" lon="29.0187617" id="2394748667" uid="1" version="1" timestamp="2025-04-30T20:13:59Z" /><node lat="41.0825982" visible="true" user="OSMnx" changeset="1" lon="29.0201337" id="2394748668" uid="1" version="1" timestamp="2025-04-30T20:13:59Z" /><node lat="41.0826371" visible="true" user="OSMnx" changeset="1" lon="29.0175226" id="2394748669" uid="1" version="1" timestamp="2025-04-30T20:13:59Z" /><node lat="41.0826706" visible="true" user="OSMnx" changeset="1" lon="29.0176463" id="2394748670" uid="1" version="1" timestamp="2025-04-30T20:13:59Z" /><node lat="41.0827008" visible="true" user="OSMnx" changeset="1" lon="29.018682" id="2394748671" uid="1" version="1" timestamp="2025-04-30T20:13:59Z" /><node lat="41.08271" visible="true" user="OSMnx" changeset="1" lon="29.0175637" id="2394748672" uid="1" version="1" timestamp="2025-04-30T20:13:59Z" /><node lat="41.0827111" visible="true" user="OSMnx" changeset="1" lon="29.0191662" id="2394748673" uid="1" version="1" timestamp="2025-04-30T20:13:59Z" /><node lat="41.0828853" visible="true" user="OSMnx" changeset="1" lon="29.0136719" id="2394748674" uid="1" version="1" timestamp="2025-04-30T20:13:59Z" /><node lat="41.0829065" visible="true" user="OSMnx" changeset="1" lon="29.0199453" id="2394748675" uid="1" version="1" timestamp="2025-04-30T20:13:59Z" /><node lat="41.0829776" visible="true" user="OSMnx" changeset="1" lon="29.0186279" id="2394748676" uid="1" version="1" timestamp="2025-04-30T20:13:59Z" /><node lat="41.0830391" visible="true" user="OSMnx" changeset="1" lon="29.0199492" id="2394748677" uid="1" version="1" timestamp="2025-04-30T20:13:59Z" /><node lat="41.083058" visible="true" user="OSMnx" changeset="1" lon="29.020029" id="2394748678" uid="1" version="1" timestamp="2025-04-30T20:13:59Z" /><node lat="41.0831178" visible="true" user="OSMnx" changeset="1" lon="29.0199536" id="2394748679" uid="1" version="1" timestamp="2025-04-30T20:13:59Z" /><node lat="41.0831322" visible="true" user="OSMnx" changeset="1" lon="29.0190094" id="2394748680" uid="1" version="1" timestamp="2025-04-30T20:13:59Z" /><node lat="41.0831805" visible="true" user="OSMnx" changeset="1" lon="29.019874" id="2394748681" uid="1" version="1" timestamp="2025-04-30T20:13:59Z" /><node lat="41.0832079" visible="true" user="OSMnx" changeset="1" lon="29.0186704" id="2394748682" uid="1" version="1" timestamp="2025-04-30T20:13:59Z" /><node lat="41.0832414" visible="true" user="OSMnx" changeset="1" lon="29.0194413" id="2394748683" uid="1" version="1" timestamp="2025-04-30T20:13:59Z" /><node lat="41.0833094" visible="true" user="OSMnx" changeset="1" lon="29.0197103" id="2394748684" uid="1" version="1" timestamp="2025-04-30T20:13:59Z" /><node lat="41.0833094" visible="true" user="OSMnx" changeset="1" lon="29.0199306" id="2394748685" uid="1" version="1" timestamp="2025-04-30T20:13:59Z" /><node lat="41.0833186" visible="true" user="OSMnx" changeset="1" lon="29.0187671" id="2394748686" uid="1" version="1" timestamp="2025-04-30T20:13:59Z" /><node lat="41.0833516" visible="true" user="OSMnx" changeset="1" lon="29.0189196" id="2394748687" uid="1" version="1" timestamp="2025-04-30T20:13:59Z" /><node lat="41.0834186" visible="true" user="OSMnx" changeset="1" lon="29.0198115" id="2394748688" uid="1" version="1" timestamp="2025-04-30T20:13:59Z" /><node lat="41.0834425" visible="true" user="OSMnx" changeset="1" lon="29.0193401" id="2394748689" uid="1" version="1" timestamp="2025-04-30T20:13:59Z" /><node lat="41.0834731" visible="true" user="OSMnx" changeset="1" lon="29.0199352" id="2394748690" uid="1" version="1" timestamp="2025-04-30T20:13:59Z" /><node lat="41.0835196" visible="true" user="OSMnx" changeset="1" lon="29.0196966" id="2394748691" uid="1" version="1" timestamp="2025-04-30T20:13:59Z" /><node lat="41.0836082" visible="true" user="OSMnx" changeset="1" lon="29.0197748" id="2394748692" uid="1" version="1" timestamp="2025-04-30T20:13:59Z" /><node lat="41.0836704" visible="true" user="OSMnx" changeset="1" lon="29.0195835" id="2394748693" uid="1" version="1" timestamp="2025-04-30T20:13:59Z" /><node lat="41.0836993" visible="true" user="OSMnx" changeset="1" lon="29.0197066" id="2394748694" uid="1" version="1" timestamp="2025-04-30T20:13:59Z" /><node lat="41.0837135" visible="true" user="OSMnx" changeset="1" lon="29.0197535" id="2394748695" uid="1" version="1" timestamp="2025-04-30T20:13:59Z" /><node lat="41.0837491" visible="true" user="OSMnx" changeset="1" lon="29.0195275" id="2394748696" uid="1" version="1" timestamp="2025-04-30T20:13:59Z" /><node lat="41.0837791" visible="true" user="OSMnx" changeset="1" lon="29.0196469" id="2394748697" uid="1" version="1" timestamp="2025-04-30T20:13:59Z" /><node lat="41.0839516" visible="true" user="OSMnx" changeset="1" lon="29.0195178" id="2394748698" uid="1" version="1" timestamp="2025-04-30T20:13:59Z" /><node lat="41.0839821" visible="true" user="OSMnx" changeset="1" lon="29.019392" id="2394748699" uid="1" version="1" timestamp="2025-04-30T20:13:59Z" /><node lat="41.0841491" visible="true" user="OSMnx" changeset="1" lon="29.0197352" id="2394748700" uid="1" version="1" timestamp="2025-04-30T20:13:59Z" /><node lat="41.084206" visible="true" user="OSMnx" changeset="1" lon="29.0194225" id="2394748701" uid="1" version="1" timestamp="2025-04-30T20:13:59Z" /><node lat="41.0849468" visible="true" user="OSMnx" changeset="1" lon="29.0184879" id="2394748702" uid="1" version="1" timestamp="2025-04-30T20:13:59Z" /><node lat="41.0851012" visible="true" user="OSMnx" changeset="1" lon="29.0183139" id="2394748703" uid="1" version="1" timestamp="2025-04-30T20:13:59Z" /><node lat="41.0853411" visible="true" user="OSMnx" changeset="1" lon="29.0179257" id="2394748706" uid="1" version="1" timestamp="2025-04-30T20:13:59Z" /><node lat="41.0854003" visible="true" user="OSMnx" changeset="1" lon="29.0161741" id="2394748707" uid="1" version="1" timestamp="2025-04-30T20:13:59Z" /><node lat="41.0768431" visible="true" user="OSMnx" changeset="1" lon="29.0177809" id="2394806539" uid="1" version="1" timestamp="2025-04-30T20:13:59Z" /><node lat="41.0785623" visible="true" user="OSMnx" changeset="1" lon="29.0189236" id="2394806545" uid="1" version="1" timestamp="2025-04-30T20:13:59Z" /><node lat="41.0762972" visible="true" user="OSMnx" changeset="1" lon="29.0155089" id="2395783719" uid="1" version="1" timestamp="2025-04-30T20:13:59Z" /><node lat="41.076594" visible="true" user="OSMnx" changeset="1" lon="29.0153509" id="2395783720" uid="1" version="1" timestamp="2025-04-30T20:13:59Z" /><node lat="41.0766952" visible="true" user="OSMnx" changeset="1" lon="29.0165628" id="2395783721" uid="1" version="1" timestamp="2025-04-30T20:13:59Z" /><node lat="41.0767339" visible="true" user="OSMnx" changeset="1" lon="29.0157533" id="2395783722" uid="1" version="1" timestamp="2025-04-30T20:13:59Z" /><node lat="41.0769568" visible="true" user="OSMnx" changeset="1" lon="29.0163948" id="2395783724" uid="1" version="1" timestamp="2025-04-30T20:13:59Z" /><node lat="41.0770911" visible="true" user="OSMnx" changeset="1" lon="29.0163085" id="2395783725" uid="1" version="1" timestamp="2025-04-30T20:13:59Z" /><node lat="41.0772342" visible="true" user="OSMnx" changeset="1" lon="29.01497" id="2395783729" uid="1" version="1" timestamp="2025-04-30T20:13:59Z" /><node lat="41.0773645" visible="true" user="OSMnx" changeset="1" lon="29.0153349" id="2395783733" uid="1" version="1" timestamp="2025-04-30T20:13:59Z" /><node lat="41.0774524" visible="true" user="OSMnx" changeset="1" lon="29.0153769" id="2395783736" uid="1" version="1" timestamp="2025-04-30T20:13:59Z" /><node lat="41.0776657" visible="true" user="OSMnx" changeset="1" lon="29.0159392" id="2395783737" uid="1" version="1" timestamp="2025-04-30T20:13:59Z" /><node lat="41.0804074" visible="true" user="OSMnx" changeset="1" lon="29.016003" id="2397000771" uid="1" version="1" timestamp="2025-04-30T20:13:59Z" /><node lat="41.0810175" visible="true" user="OSMnx" changeset="1" lon="29.0138024" id="2397000774" uid="1" version="1" timestamp="2025-04-30T20:13:59Z" /><node lat="41.0813448" visible="true" user="OSMnx" changeset="1" lon="29.0115069" id="2397000775" uid="1" version="1" timestamp="2025-04-30T20:13:59Z" /><node lat="41.0813661" visible="true" user="OSMnx" changeset="1" lon="29.0114499" id="2397000776" uid="1" version="1" timestamp="2025-04-30T20:13:59Z" /><node lat="41.0813903" visible="true" user="OSMnx" changeset="1" lon="29.0114103" id="2397000777" uid="1" version="1" timestamp="2025-04-30T20:13:59Z" /><node lat="41.0814403" visible="true" user="OSMnx" changeset="1" lon="29.0113899" id="2397000778" uid="1" version="1" timestamp="2025-04-30T20:13:59Z" /><node lat="41.0815281" visible="true" user="OSMnx" changeset="1" lon="29.0123683" id="2397000781" uid="1" version="1" timestamp="2025-04-30T20:13:59Z" /><node lat="41.0815263" visible="true" user="OSMnx" changeset="1" lon="29.0114949" id="2397000784" uid="1" version="1" timestamp="2025-04-30T20:13:59Z" /><node lat="41.0817655" visible="true" user="OSMnx" changeset="1" lon="29.0113925" id="2397000790" uid="1" version="1" timestamp="2025-04-30T20:13:59Z" /><node lat="41.0818252" visible="true" user="OSMnx" changeset="1" lon="29.0114255" id="2397000794" uid="1" version="1" timestamp="2025-04-30T20:13:59Z" /><node lat="41.0821063" visible="true" user="OSMnx" changeset="1" lon="29.0123" id="2397000797" uid="1" version="1" timestamp="2025-04-30T20:13:59Z" /><node lat="41.082151" visible="true" user="OSMnx" changeset="1" lon="29.0122637" id="2397000798" uid="1" version="1" timestamp="2025-04-30T20:13:59Z" /><node lat="41.0821684" visible="true" user="OSMnx" changeset="1" lon="29.0122043" id="2397000799" uid="1" version="1" timestamp="2025-04-30T20:13:59Z" /><node lat="41.0827336" visible="true" user="OSMnx" changeset="1" lon="29.0142253" id="2397000801" uid="1" version="1" timestamp="2025-04-30T20:13:59Z" /><node lat="41.0847405" visible="true" user="OSMnx" changeset="1" lon="29.0122742" id="2397000802" uid="1" version="1" timestamp="2025-04-30T20:13:59Z" /><node lat="41.0848365" visible="true" user="OSMnx" changeset="1" lon="29.0123976" id="2397000803" uid="1" version="1" timestamp="2025-04-30T20:13:59Z" /><node lat="41.0848935" visible="true" user="OSMnx" changeset="1" lon="29.0123339" id="2397000804" uid="1" version="1" timestamp="2025-04-30T20:13:59Z" /><node lat="41.0848966" visible="true" user="OSMnx" changeset="1" lon="29.0124319" id="2397000805" uid="1" version="1" timestamp="2025-04-30T20:13:59Z" /><node lat="41.0849159" visible="true" user="OSMnx" changeset="1" lon="29.0125247" id="2397000806" uid="1" version="1" timestamp="2025-04-30T20:13:59Z" /><node lat="41.0849389" visible="true" user="OSMnx" changeset="1" lon="29.0122202" id="2397000807" uid="1" version="1" timestamp="2025-04-30T20:13:59Z" /><node lat="41.0849977" visible="true" user="OSMnx" changeset="1" lon="29.0121196" id="2397000808" uid="1" version="1" timestamp="2025-04-30T20:13:59Z" /><node lat="41.0850933" visible="true" user="OSMnx" changeset="1" lon="29.0131869" id="2397000809" uid="1" version="1" timestamp="2025-04-30T20:13:59Z" /><node lat="41.0851447" visible="true" user="OSMnx" changeset="1" lon="29.0133932" id="2397000811" uid="1" version="1" timestamp="2025-04-30T20:13:59Z" /><node lat="41.0852586" visible="true" user="OSMnx" changeset="1" lon="29.0137842" id="2397000812" uid="1" version="1" timestamp="2025-04-30T20:13:59Z" /><node lat="41.0853936" visible="true" user="OSMnx" changeset="1" lon="29.0142922" id="2397000813" uid="1" version="1" timestamp="2025-04-30T20:13:59Z" /><node lat="41.0789341" visible="true" user="OSMnx" changeset="1" lon="29.0126906" id="2397012357" uid="1" version="1" timestamp="2025-04-30T20:13:59Z" /><node lat="41.0802829" visible="true" user="OSMnx" changeset="1" lon="29.0124596" id="2502578374" uid="1" version="1" timestamp="2025-04-30T20:13:59Z" /><node lat="41.0802758" visible="true" user="OSMnx" changeset="1" lon="29.0128403" id="2502581412" uid="1" version="1" timestamp="2025-04-30T20:13:59Z" /><node lat="41.0790856" visible="true" user="OSMnx" changeset="1" lon="29.0133153" id="2502581418" uid="1" version="1" timestamp="2025-04-30T20:13:59Z" /><node lat="41.0782115" visible="true" user="OSMnx" changeset="1" lon="29.0136416" id="2531803919" uid="1" version="1" timestamp="2025-04-30T20:13:59Z"><tag k="railway" v="subway_entrance" /></node><node lat="41.0792977" visible="true" user="OSMnx" changeset="1" lon="29.0187645" id="3392178766" uid="1" version="1" timestamp="2025-04-30T20:13:59Z" /><node lat="41.0817443" visible="true" user="OSMnx" changeset="1" lon="29.0141115" id="3654693259" uid="1" version="1" timestamp="2025-04-30T20:13:59Z" /><node lat="41.0818123" visible="true" user="OSMnx" changeset="1" lon="29.0141686" id="3802295863" uid="1" version="1" timestamp="2025-04-30T20:13:59Z" /><node lat="41.0757485" visible="true" user="OSMnx" changeset="1" lon="29.019128" id="4053740070" uid="1" version="1" timestamp="2025-04-30T20:13:59Z" /><node lat="41.0759639" visible="true" user="OSMnx" changeset="1" lon="29.0196586" id="4053740072" uid="1" version="1" timestamp="2025-04-30T20:13:59Z"><tag k="highway" v="traffic_signals" /></node><node lat="41.0760357" visible="true" user="OSMnx" changeset="1" lon="29.018946" id="4053740073" uid="1" version="1" timestamp="2025-04-30T20:13:59Z" /><node lat="41.0761298" visible="true" user="OSMnx" changeset="1" lon="29.0192062" id="4053740075" uid="1" version="1" timestamp="2025-04-30T20:13:59Z" /><node lat="41.0764695" visible="true" user="OSMnx" changeset="1" lon="29.0196612" id="4053740076" uid="1" version="1" timestamp="2025-04-30T20:13:59Z" /><node lat="41.0756495" visible="true" user="OSMnx" changeset="1" lon="29.0172655" id="4053760869" uid="1" version="1" timestamp="2025-04-30T20:13:59Z" /><node lat="41.0762712" visible="true" user="OSMnx" changeset="1" lon="29.0168194" id="4053760873" uid="1" version="1" timestamp="2025-04-30T20:13:59Z" /><node lat="41.0754606" visible="true" user="OSMnx" changeset="1" lon="29.0149079" id="4053774752" uid="1" version="1" timestamp="2025-04-30T20:13:59Z" /><node lat="41.0757418" visible="true" user="OSMnx" changeset="1" lon="29.0150528" id="4053774754" uid="1" version="1" timestamp="2025-04-30T20:13:59Z" /><node lat="41.0758745" visible="true" user="OSMnx" changeset="1" lon="29.0149753" id="4053774755" uid="1" version="1" timestamp="2025-04-30T20:13:59Z"><tag k="railway" v="subway_entrance" /></node><node lat="41.0736363" visible="true" user="OSMnx" changeset="1" lon="29.0158911" id="4053781503" uid="1" version="1" timestamp="2025-04-30T20:13:59Z" /><node lat="41.0736873" visible="true" user="OSMnx" changeset="1" lon="29.0159045" id="4053781504" uid="1" version="1" timestamp="2025-04-30T20:13:59Z" /><node lat="41.074021" visible="true" user="OSMnx" changeset="1" lon="29.0157743" id="4053781511" uid="1" version="1" timestamp="2025-04-30T20:13:59Z" /><node lat="41.074065" visible="true" user="OSMnx" changeset="1" lon="29.0156427" id="4053781512" uid="1" version="1" timestamp="2025-04-30T20:13:59Z" /><node lat="41.0751872" visible="true" user="OSMnx" changeset="1" lon="29.015756" id="4053785525" uid="1" version="1" timestamp="2025-04-30T20:13:59Z" /><node lat="41.0754754" visible="true" user="OSMnx" changeset="1" lon="29.0167001" id="4053785527" uid="1" version="1" timestamp="2025-04-30T20:13:59Z" /><node lat="41.0756566" visible="true" user="OSMnx" changeset="1" lon="29.0154873" id="4053785531" uid="1" version="1" timestamp="2025-04-30T20:13:59Z" /><node lat="41.0759882" visible="true" user="OSMnx" changeset="1" lon="29.016414" id="4053785533" uid="1" version="1" timestamp="2025-04-30T20:13:59Z" /><node lat="41.0760246" visible="true" user="OSMnx" changeset="1" lon="29.0164006" id="4053785534" uid="1" version="1" timestamp="2025-04-30T20:13:59Z" /><node lat="41.0760955" visible="true" user="OSMnx" changeset="1" lon="29.0165967" id="4053785535" uid="1" version="1" timestamp="2025-04-30T20:13:59Z" /><node lat="41.075046" visible="true" user="OSMnx" changeset="1" lon="29.0152406" id="4053786308" uid="1" version="1" timestamp="2025-04-30T20:13:59Z" /><node lat="41.0750511" visible="true" user="OSMnx" changeset="1" lon="29.0153023" id="4053786309" uid="1" version="1" timestamp="2025-04-30T20:13:59Z" /><node lat="41.0750622" visible="true" user="OSMnx" changeset="1" lon="29.0151749" id="4053786310" uid="1" version="1" timestamp="2025-04-30T20:13:59Z" /><node lat="41.0750662" visible="true" user="OSMnx" changeset="1" lon="29.0153707" id="4053786311" uid="1" version="1" timestamp="2025-04-30T20:13:59Z" /><node lat="41.0750733" visible="true" user="OSMnx" changeset="1" lon="29.0168392" id="4053786312" uid="1" version="1" timestamp="2025-04-30T20:13:59Z" /><node lat="41.0817723" visible="true" user="OSMnx" changeset="1" lon="29.0142582" id="4055521027" uid="1" version="1" timestamp="2025-04-30T20:13:59Z" /><node lat="41.0820169" visible="true" user="OSMnx" changeset="1" lon="29.0145184" id="4055521028" uid="1" version="1" timestamp="2025-04-30T20:13:59Z" /><node lat="41.0821988" visible="true" user="OSMnx" changeset="1" lon="29.0144406" id="4055521029" uid="1" version="1" timestamp="2025-04-30T20:13:59Z" /><node lat="41.0822248" visible="true" user="OSMnx" changeset="1" lon="29.0142246" id="4055521030" uid="1" version="1" timestamp="2025-04-30T20:13:59Z" /><node lat="41.0822332" visible="true" user="OSMnx" changeset="1" lon="29.0148054" id="4055521031" uid="1" version="1" timestamp="2025-04-30T20:13:59Z" /><node lat="41.0822382" visible="true" user="OSMnx" changeset="1" lon="29.0149046" id="4055521032" uid="1" version="1" timestamp="2025-04-30T20:13:59Z" /><node lat="41.0822575" visible="true" user="OSMnx" changeset="1" lon="29.0147491" id="4055521033" uid="1" version="1" timestamp="2025-04-30T20:13:59Z" /><node lat="41.082304" visible="true" user="OSMnx" changeset="1" lon="29.0145452" id="4055521034" uid="1" version="1" timestamp="2025-04-30T20:13:59Z" /><node lat="41.0823096" visible="true" user="OSMnx" changeset="1" lon="29.0146174" id="4055521035" uid="1" version="1" timestamp="2025-04-30T20:13:59Z" /><node lat="41.0823141" visible="true" user="OSMnx" changeset="1" lon="29.014674" id="4055521036" uid="1" version="1" timestamp="2025-04-30T20:13:59Z" /><node lat="41.0823404" visible="true" user="OSMnx" changeset="1" lon="29.014843" id="4055521037" uid="1" version="1" timestamp="2025-04-30T20:13:59Z" /><node lat="41.0823909" visible="true" user="OSMnx" changeset="1" lon="29.014615" id="4055521038" uid="1" version="1" timestamp="2025-04-30T20:13:59Z" /><node lat="41.0824091" visible="true" user="OSMnx" changeset="1" lon="29.0147464" id="4055521039" uid="1" version="1" timestamp="2025-04-30T20:13:59Z" /><node lat="41.0824718" visible="true" user="OSMnx" changeset="1" lon="29.0146498" id="4055521040" uid="1" version="1" timestamp="2025-04-30T20:13:59Z" /><node lat="41.0825284" visible="true" user="OSMnx" changeset="1" lon="29.0146981" id="4055521041" uid="1" version="1" timestamp="2025-04-30T20:13:59Z" /><node lat="41.0826072" visible="true" user="OSMnx" changeset="1" lon="29.0147303" id="4055521042" uid="1" version="1" timestamp="2025-04-30T20:13:59Z" /><node lat="41.0761292" visible="true" user="OSMnx" changeset="1" lon="29.0148092" id="4573326655" uid="1" version="1" timestamp="2025-04-30T20:13:59Z" /><node lat="41.0757091" visible="true" user="OSMnx" changeset="1" lon="29.0150162" id="4573326658" uid="1" version="1" timestamp="2025-04-30T20:13:59Z" /><node lat="41.0822309" visible="true" user="OSMnx" changeset="1" lon="29.0149601" id="4618539964" uid="1" version="1" timestamp="2025-04-30T20:13:59Z" /><node lat="41.0830454" visible="true" user="OSMnx" changeset="1" lon="29.0149515" id="4618539965" uid="1" version="1" timestamp="2025-04-30T20:13:59Z" /><node lat="41.0818206" visible="true" user="OSMnx" changeset="1" lon="29.0140926" id="4618539966" uid="1" version="1" timestamp="2025-04-30T20:13:59Z" /><node lat="41.0786988" visible="true" user="OSMnx" changeset="1" lon="29.0128693" id="4637943278" uid="1" version="1" timestamp="2025-04-30T20:13:59Z"><tag k="highway" v="traffic_signals" /></node><node lat="41.0831559" visible="true" user="OSMnx" changeset="1" lon="29.0105308" id="4838436252" uid="1" version="1" timestamp="2025-04-30T20:13:59Z" /><node lat="41.0832714" visible="true" user="OSMnx" changeset="1" lon="29.010482" id="4838436253" uid="1" version="1" timestamp="2025-04-30T20:13:59Z" /><node lat="41.0833134" visible="true" user="OSMnx" changeset="1" lon="29.0104285" id="4838436254" uid="1" version="1" timestamp="2025-04-30T20:13:59Z" /><node lat="41.0833439" visible="true" user="OSMnx" changeset="1" lon="29.0103622" id="4838436255" uid="1" version="1" timestamp="2025-04-30T20:13:59Z" /><node lat="41.0833569" visible="true" user="OSMnx" changeset="1" lon="29.010279" id="4838436256" uid="1" version="1" timestamp="2025-04-30T20:13:59Z" /><node lat="41.0832771" visible="true" user="OSMnx" changeset="1" lon="29.0100292" id="4838436257" uid="1" version="1" timestamp="2025-04-30T20:13:59Z" /><node lat="41.0832233" visible="true" user="OSMnx" changeset="1" lon="29.0099865" id="4838436258" uid="1" version="1" timestamp="2025-04-30T20:13:59Z"><tag k="highway" v="give_way" /></node><node lat="41.083329" visible="true" user="OSMnx" changeset="1" lon="29.010114" id="4838436259" uid="1" version="1" timestamp="2025-04-30T20:13:59Z" /><node lat="41.0842442" visible="true" user="OSMnx" changeset="1" lon="29.0142209" id="5362782873" uid="1" version="1" timestamp="2025-04-30T20:13:59Z" /><node lat="41.0814881" visible="true" user="OSMnx" changeset="1" lon="29.014175" id="5523700463" uid="1" version="1" timestamp="2025-04-30T20:13:59Z" /><node lat="41.0815284" visible="true" user="OSMnx" changeset="1" lon="29.0145122" id="5523700464" uid="1" version="1" timestamp="2025-04-30T20:13:59Z" /><node lat="41.0816396" visible="true" user="OSMnx" changeset="1" lon="29.0145068" id="5523700465" uid="1" version="1" timestamp="2025-04-30T20:13:59Z" /><node lat="41.0816272" visible="true" user="OSMnx" changeset="1" lon="29.0141405" id="5523700466" uid="1" version="1" timestamp="2025-04-30T20:13:59Z" /><node lat="41.0789536" visible="true" user="OSMnx" changeset="1" lon="29.0162514" id="5982745808" uid="1" version="1" timestamp="2025-04-30T20:13:59Z" /><node lat="41.079554" visible="true" user="OSMnx" changeset="1" lon="29.0139211" id="6782156690" uid="1" version="1" timestamp="2025-04-30T20:13:59Z" /><node lat="41.0795362" visible="true" user="OSMnx" changeset="1" lon="29.0141737" id="6782156691" uid="1" version="1" timestamp="2025-04-30T20:13:59Z" /><node lat="41.0795672" visible="true" user="OSMnx" changeset="1" lon="29.0142695" id="6782156692" uid="1" version="1" timestamp="2025-04-30T20:13:59Z" /><node lat="41.0788084" visible="true" user="OSMnx" changeset="1" lon="29.0126391" id="6782157914" uid="1" version="1" timestamp="2025-04-30T20:13:59Z" /><node lat="41.0788558" visible="true" user="OSMnx" changeset="1" lon="29.0126662" id="6782157915" uid="1" version="1" timestamp="2025-04-30T20:13:59Z" /><node lat="41.0761821" visible="true" user="OSMnx" changeset="1" lon="29.0143996" id="6929906134" uid="1" version="1" timestamp="2025-04-30T20:13:59Z" /><node lat="41.078051" visible="true" user="OSMnx" changeset="1" lon="29.013752" id="7795361018" uid="1" version="1" timestamp="2025-04-30T20:13:59Z" /><node lat="41.0783146" visible="true" user="OSMnx" changeset="1" lon="29.0135764" id="7795361019" uid="1" version="1" timestamp="2025-04-30T20:13:59Z" /><node lat="41.0782411" visible="true" user="OSMnx" changeset="1" lon="29.0133605" id="7795361020" uid="1" version="1" timestamp="2025-04-30T20:13:59Z" /><node lat="41.0761049" visible="true" user="OSMnx" changeset="1" lon="29.0148278" id="7795361022" uid="1" version="1" timestamp="2025-04-30T20:13:59Z" /><node lat="41.0780364" visible="true" user="OSMnx" changeset="1" lon="29.0137602" id="7795361063" uid="1" version="1" timestamp="2025-04-30T20:13:59Z" /><node lat="41.0776664" visible="true" user="OSMnx" changeset="1" lon="29.01344" id="7795361064" uid="1" version="1" timestamp="2025-04-30T20:13:59Z" /><node lat="41.0763544" visible="true" user="OSMnx" changeset="1" lon="29.0145271" id="7795379129" uid="1" version="1" timestamp="2025-04-30T20:13:59Z" /><node lat="41.0763119" visible="true" user="OSMnx" changeset="1" lon="29.014568" id="7795379130" uid="1" version="1" timestamp="2025-04-30T20:13:59Z" /><node lat="41.0762952" visible="true" user="OSMnx" changeset="1" lon="29.0146035" id="7795379131" uid="1" version="1" timestamp="2025-04-30T20:13:59Z" /><node lat="41.0762346" visible="true" user="OSMnx" changeset="1" lon="29.0147483" id="7795379132" uid="1" version="1" timestamp="2025-04-30T20:13:59Z" /><node lat="41.0761936" visible="true" user="OSMnx" changeset="1" lon="29.0148429" id="7795379133" uid="1" version="1" timestamp="2025-04-30T20:13:59Z" /><node lat="41.0761305" visible="true" user="OSMnx" changeset="1" lon="29.0149921" id="7795379134" uid="1" version="1" timestamp="2025-04-30T20:13:59Z" /><node lat="41.0761066" visible="true" user="OSMnx" changeset="1" lon="29.0150521" id="7795379135" uid="1" version="1" timestamp="2025-04-30T20:13:59Z" /><node lat="41.0760316" visible="true" user="OSMnx" changeset="1" lon="29.0150682" id="7795379136" uid="1" version="1" timestamp="2025-04-30T20:13:59Z" /><node lat="41.0760099" visible="true" user="OSMnx" changeset="1" lon="29.0149991" id="7795379137" uid="1" version="1" timestamp="2025-04-30T20:13:59Z" /><node lat="41.0759987" visible="true" user="OSMnx" changeset="1" lon="29.0150065" id="7795379138" uid="1" version="1" timestamp="2025-04-30T20:13:59Z" /><node lat="41.0759921" visible="true" user="OSMnx" changeset="1" lon="29.0149843" id="7795379139" uid="1" version="1" timestamp="2025-04-30T20:13:59Z"><tag k="highway" v="elevator" /></node><node lat="41.0760032" visible="true" user="OSMnx" changeset="1" lon="29.014978" id="7795379140" uid="1" version="1" timestamp="2025-04-30T20:13:59Z" /><node lat="41.0795012" visible="true" user="OSMnx" changeset="1" lon="29.0217411" id="9360337847" uid="1" version="1" timestamp="2025-04-30T20:13:59Z" /><node lat="41.0815378" visible="true" user="OSMnx" changeset="1" lon="29.0213263" id="9360337849" uid="1" version="1" timestamp="2025-04-30T20:13:59Z" /><node lat="41.0814018" visible="true" user="OSMnx" changeset="1" lon="29.021394" id="9360337850" uid="1" version="1" timestamp="2025-04-30T20:13:59Z" /><node lat="41.081314" visible="true" user="OSMnx" changeset="1" lon="29.0214351" id="9360337851" uid="1" version="1" timestamp="2025-04-30T20:13:59Z" /><node lat="41.0812243" visible="true" user="OSMnx" changeset="1" lon="29.0214491" id="9360337852" uid="1" version="1" timestamp="2025-04-30T20:13:59Z" /><node lat="41.0810892" visible="true" user="OSMnx" changeset="1" lon="29.0214279" id="9360337853" uid="1" version="1" timestamp="2025-04-30T20:13:59Z" /><node lat="41.0805987" visible="true" user="OSMnx" changeset="1" lon="29.0213179" id="9360337854" uid="1" version="1" timestamp="2025-04-30T20:13:59Z" /><node lat="41.080367" visible="true" user="OSMnx" changeset="1" lon="29.0212897" id="9360337855" uid="1" version="1" timestamp="2025-04-30T20:13:59Z" /><node lat="41.0794721" visible="true" user="OSMnx" changeset="1" lon="29.021231" id="9360337856" uid="1" version="1" timestamp="2025-04-30T20:13:59Z" /><node lat="41.0796232" visible="true" user="OSMnx" changeset="1" lon="29.0212256" id="9360337857" uid="1" version="1" timestamp="2025-04-30T20:13:59Z" /><node lat="41.0798576" visible="true" user="OSMnx" changeset="1" lon="29.0212324" id="9360337858" uid="1" version="1" timestamp="2025-04-30T20:13:59Z" /><node lat="41.0801908" visible="true" user="OSMnx" changeset="1" lon="29.0212683" id="9360337859" uid="1" version="1" timestamp="2025-04-30T20:13:59Z" /><node lat="41.0808262" visible="true" user="OSMnx" changeset="1" lon="29.0217269" id="9360337860" uid="1" version="1" timestamp="2025-04-30T20:13:59Z" /><node lat="41.0808103" visible="true" user="OSMnx" changeset="1" lon="29.0217749" id="9360337861" uid="1" version="1" timestamp="2025-04-30T20:13:59Z" /><node lat="41.0808117" visible="true" user="OSMnx" changeset="1" lon="29.0218358" id="9360337862" uid="1" version="1" timestamp="2025-04-30T20:13:59Z" /><node lat="41.0808074" visible="true" user="OSMnx" changeset="1" lon="29.0219138" id="9360337863" uid="1" version="1" timestamp="2025-04-30T20:13:59Z" /><node lat="41.0786788" visible="true" user="OSMnx" changeset="1" lon="29.0205648" id="9360337864" uid="1" version="1" timestamp="2025-04-30T20:13:59Z" /><node lat="41.0767663" visible="true" user="OSMnx" changeset="1" lon="29.0212216" id="9360337865" uid="1" version="1" timestamp="2025-04-30T20:13:59Z" /><node lat="41.077141" visible="true" user="OSMnx" changeset="1" lon="29.0210671" id="9360337866" uid="1" version="1" timestamp="2025-04-30T20:13:59Z" /><node lat="41.0775723" visible="true" user="OSMnx" changeset="1" lon="29.0209165" id="9360337867" uid="1" version="1" timestamp="2025-04-30T20:13:59Z" /><node lat="41.0766646" visible="true" user="OSMnx" changeset="1" lon="29.0216201" id="9360337868" uid="1" version="1" timestamp="2025-04-30T20:13:59Z"><tag k="highway" v="crossing" /></node><node lat="41.0767433" visible="true" user="OSMnx" changeset="1" lon="29.021563" id="9360337869" uid="1" version="1" timestamp="2025-04-30T20:13:59Z"><tag k="highway" v="crossing" /></node><node lat="41.0769137" visible="true" user="OSMnx" changeset="1" lon="29.0203235" id="9360337874" uid="1" version="1" timestamp="2025-04-30T20:13:59Z" /><node lat="41.0764219" visible="true" user="OSMnx" changeset="1" lon="29.0205457" id="9360337875" uid="1" version="1" timestamp="2025-04-30T20:13:59Z" /><node lat="41.0766549" visible="true" user="OSMnx" changeset="1" lon="29.0204363" id="9360337876" uid="1" version="1" timestamp="2025-04-30T20:13:59Z" /><node lat="41.0780345" visible="true" user="OSMnx" changeset="1" lon="29.0190653" id="9360337877" uid="1" version="1" timestamp="2025-04-30T20:13:59Z" /><node lat="41.0769428" visible="true" user="OSMnx" changeset="1" lon="29.0180924" id="9360337878" uid="1" version="1" timestamp="2025-04-30T20:13:59Z" /><node lat="41.0784223" visible="true" user="OSMnx" changeset="1" lon="29.0174264" id="9360337879" uid="1" version="1" timestamp="2025-04-30T20:13:59Z" /><node lat="41.0759859" visible="true" user="OSMnx" changeset="1" lon="29.0146623" id="9360337880" uid="1" version="1" timestamp="2025-04-30T20:13:59Z" /><node lat="41.0760575" visible="true" user="OSMnx" changeset="1" lon="29.0148734" id="9360337881" uid="1" version="1" timestamp="2025-04-30T20:13:59Z" /><node lat="41.076235" visible="true" user="OSMnx" changeset="1" lon="29.0164367" id="9360337882" uid="1" version="1" timestamp="2025-04-30T20:13:59Z" /><node lat="41.0762817" visible="true" user="OSMnx" changeset="1" lon="29.0166649" id="9360337883" uid="1" version="1" timestamp="2025-04-30T20:13:59Z" /><node lat="41.0756649" visible="true" user="OSMnx" changeset="1" lon="29.0149779" id="9360337884" uid="1" version="1" timestamp="2025-04-30T20:13:59Z" /><node lat="41.0756025" visible="true" user="OSMnx" changeset="1" lon="29.0149501" id="9360337885" uid="1" version="1" timestamp="2025-04-30T20:13:59Z" /><node lat="41.0778394" visible="true" user="OSMnx" changeset="1" lon="29.0216656" id="9363359990" uid="1" version="1" timestamp="2025-04-30T20:13:59Z" /><node lat="41.077838" visible="true" user="OSMnx" changeset="1" lon="29.0215992" id="9363359991" uid="1" version="1" timestamp="2025-04-30T20:13:59Z" /><node lat="41.0777784" visible="true" user="OSMnx" changeset="1" lon="29.0217594" id="9363359992" uid="1" version="1" timestamp="2025-04-30T20:13:59Z" /><node lat="41.0771199" visible="true" user="OSMnx" changeset="1" lon="29.0222836" id="9363359999" uid="1" version="1" timestamp="2025-04-30T20:13:59Z" /><node lat="41.0770602" visible="true" user="OSMnx" changeset="1" lon="29.0222399" id="9363360000" uid="1" version="1" timestamp="2025-04-30T20:13:59Z" /><node lat="41.0771163" visible="true" user="OSMnx" changeset="1" lon="29.0224144" id="9363360004" uid="1" version="1" timestamp="2025-04-30T20:13:59Z"><tag k="highway" v="crossing" /></node><node lat="41.0795167" visible="true" user="OSMnx" changeset="1" lon="29.0224564" id="9363373624" uid="1" version="1" timestamp="2025-04-30T20:13:59Z"><tag k="highway" v="traffic_signals" /></node><node lat="41.0742566" visible="true" user="OSMnx" changeset="1" lon="29.0160209" id="9566915408" uid="1" version="1" timestamp="2025-04-30T20:13:59Z" /><node lat="41.0742272" visible="true" user="OSMnx" changeset="1" lon="29.0158181" id="9566915413" uid="1" version="1" timestamp="2025-04-30T20:13:59Z" /><node lat="41.0788367" visible="true" user="OSMnx" changeset="1" lon="29.012895" id="9742918658" uid="1" version="1" timestamp="2025-04-30T20:13:59Z" /><node lat="41.0811345" visible="true" user="OSMnx" changeset="1" lon="29.0111784" id="9755288668" uid="1" version="1" timestamp="2025-04-30T20:13:59Z" /><node lat="41.0760246" visible="true" user="OSMnx" changeset="1" lon="29.0148792" id="9828214510" uid="1" version="1" timestamp="2025-04-30T20:13:59Z" /><node lat="41.0787854" visible="true" user="OSMnx" changeset="1" lon="29.0129868" id="9841321898" uid="1" version="1" timestamp="2025-04-30T20:13:59Z" /><node lat="41.0785547" visible="true" user="OSMnx" changeset="1" lon="29.0163982" id="9915936871" uid="1" version="1" timestamp="2025-04-30T20:13:59Z" /><node lat="41.0761754" visible="true" user="OSMnx" changeset="1" lon="29.0202711" id="9915936882" uid="1" version="1" timestamp="2025-04-30T20:13:59Z" /><node lat="41.0758284" visible="true" user="OSMnx" changeset="1" lon="29.0196542" id="9915936905" uid="1" version="1" timestamp="2025-04-30T20:13:59Z"><tag k="highway" v="traffic_signals" /></node><node lat="41.0759576" visible="true" user="OSMnx" changeset="1" lon="29.0196426" id="9915936906" uid="1" version="1" timestamp="2025-04-30T20:13:59Z"><tag k="highway" v="crossing" /></node><node lat="41.0758718" visible="true" user="OSMnx" changeset="1" lon="29.0196042" id="9915936907" uid="1" version="1" timestamp="2025-04-30T20:13:59Z"><tag k="highway" v="crossing" /></node><node lat="41.0757121" visible="true" user="OSMnx" changeset="1" lon="29.0146301" id="10155688926" uid="1" version="1" timestamp="2025-04-30T20:13:59Z"><tag k="highway" v="crossing" /></node><node lat="41.0757521" visible="true" user="OSMnx" changeset="1" lon="29.0147729" id="10155688927" uid="1" version="1" timestamp="2025-04-30T20:13:59Z"><tag k="highway" v="crossing" /></node><node lat="41.0765078" visible="true" user="OSMnx" changeset="1" lon="29.0144035" id="10155688928" uid="1" version="1" timestamp="2025-04-30T20:13:59Z" /><node lat="41.0769577" visible="true" user="OSMnx" changeset="1" lon="29.0141386" id="10155688929" uid="1" version="1" timestamp="2025-04-30T20:13:59Z" /><node lat="41.0779646" visible="true" user="OSMnx" changeset="1" lon="29.0135474" id="10155688930" uid="1" version="1" timestamp="2025-04-30T20:13:59Z" /><node lat="41.0789004" visible="true" user="OSMnx" changeset="1" lon="29.0128465" id="10155688937" uid="1" version="1" timestamp="2025-04-30T20:13:59Z"><tag k="highway" v="give_way" /></node><node lat="41.0787888" visible="true" user="OSMnx" changeset="1" lon="29.0130677" id="10155688938" uid="1" version="1" timestamp="2025-04-30T20:13:59Z" /><node lat="41.0787432" visible="true" user="OSMnx" changeset="1" lon="29.0130764" id="10155688939" uid="1" version="1" timestamp="2025-04-30T20:13:59Z" /><node lat="41.0786832" visible="true" user="OSMnx" changeset="1" lon="29.0127093" id="10155688940" uid="1" version="1" timestamp="2025-04-30T20:13:59Z"><tag k="highway" v="crossing" /></node><node lat="41.0787425" visible="true" user="OSMnx" changeset="1" lon="29.0128366" id="10155688941" uid="1" version="1" timestamp="2025-04-30T20:13:59Z"><tag k="highway" v="crossing" /></node><node lat="41.078876" visible="true" user="OSMnx" changeset="1" lon="29.0129939" id="10155688942" uid="1" version="1" timestamp="2025-04-30T20:13:59Z" /><node lat="41.0826492" visible="true" user="OSMnx" changeset="1" lon="29.0105625" id="10155688953" uid="1" version="1" timestamp="2025-04-30T20:13:59Z" /><node lat="41.0827968" visible="true" user="OSMnx" changeset="1" lon="29.0105398" id="10155688954" uid="1" version="1" timestamp="2025-04-30T20:13:59Z" /><node lat="41.0830274" visible="true" user="OSMnx" changeset="1" lon="29.0105353" id="10155688955" uid="1" version="1" timestamp="2025-04-30T20:13:59Z" /><node lat="41.0833534" visible="true" user="OSMnx" changeset="1" lon="29.010191" id="10155688956" uid="1" version="1" timestamp="2025-04-30T20:13:59Z" /><node lat="41.0816936" visible="true" user="OSMnx" changeset="1" lon="29.0105102" id="10155688959" uid="1" version="1" timestamp="2025-04-30T20:13:59Z" /><node lat="41.0814955" visible="true" user="OSMnx" changeset="1" lon="29.0106464" id="10155688960" uid="1" version="1" timestamp="2025-04-30T20:13:59Z" /><node lat="41.0831606" visible="true" user="OSMnx" changeset="1" lon="29.0099431" id="10155688964" uid="1" version="1" timestamp="2025-04-30T20:13:59Z" /><node lat="41.0829501" visible="true" user="OSMnx" changeset="1" lon="29.0098631" id="10155688965" uid="1" version="1" timestamp="2025-04-30T20:13:59Z" /><node lat="41.0828596" visible="true" user="OSMnx" changeset="1" lon="29.0098666" id="10155688966" uid="1" version="1" timestamp="2025-04-30T20:13:59Z" /><node lat="41.0830777" visible="true" user="OSMnx" changeset="1" lon="29.0099025" id="10155688967" uid="1" version="1" timestamp="2025-04-30T20:13:59Z" /><node lat="41.0831728" visible="true" user="OSMnx" changeset="1" lon="29.0098922" id="10155688968" uid="1" version="1" timestamp="2025-04-30T20:13:59Z" /><node lat="41.0832849" visible="true" user="OSMnx" changeset="1" lon="29.010678" id="10155688970" uid="1" version="1" timestamp="2025-04-30T20:13:59Z" /><node lat="41.0837198" visible="true" user="OSMnx" changeset="1" lon="29.0109182" id="10155688971" uid="1" version="1" timestamp="2025-04-30T20:13:59Z" /><node lat="41.0840354" visible="true" user="OSMnx" changeset="1" lon="29.0111997" id="10155688972" uid="1" version="1" timestamp="2025-04-30T20:13:59Z" /><node lat="41.0845638" visible="true" user="OSMnx" changeset="1" lon="29.0117683" id="10155688973" uid="1" version="1" timestamp="2025-04-30T20:13:59Z" /><node lat="41.0845443" visible="true" user="OSMnx" changeset="1" lon="29.0116213" id="10155688974" uid="1" version="1" timestamp="2025-04-30T20:13:59Z" /><node lat="41.0847354" visible="true" user="OSMnx" changeset="1" lon="29.0119034" id="10155688976" uid="1" version="1" timestamp="2025-04-30T20:13:59Z" /><node lat="41.0849536" visible="true" user="OSMnx" changeset="1" lon="29.0122712" id="10155688977" uid="1" version="1" timestamp="2025-04-30T20:13:59Z" /><node lat="41.0848327" visible="true" user="OSMnx" changeset="1" lon="29.0120581" id="10155688978" uid="1" version="1" timestamp="2025-04-30T20:13:59Z" /><node lat="41.0847902" visible="true" user="OSMnx" changeset="1" lon="29.0120753" id="10155688979" uid="1" version="1" timestamp="2025-04-30T20:13:59Z" /><node lat="41.0849425" visible="true" user="OSMnx" changeset="1" lon="29.0123331" id="10155688980" uid="1" version="1" timestamp="2025-04-30T20:13:59Z" /><node lat="41.0827149" visible="true" user="OSMnx" changeset="1" lon="29.0106023" id="10155688996" uid="1" version="1" timestamp="2025-04-30T20:13:59Z" /><node lat="41.0830156" visible="true" user="OSMnx" changeset="1" lon="29.0106138" id="10155688997" uid="1" version="1" timestamp="2025-04-30T20:13:59Z" /><node lat="41.0821947" visible="true" user="OSMnx" changeset="1" lon="29.010756" id="10155688998" uid="1" version="1" timestamp="2025-04-30T20:13:59Z" /><node lat="41.0820856" visible="true" user="OSMnx" changeset="1" lon="29.0108174" id="10155688999" uid="1" version="1" timestamp="2025-04-30T20:13:59Z" /><node lat="41.0822631" visible="true" user="OSMnx" changeset="1" lon="29.0105403" id="10155689000" uid="1" version="1" timestamp="2025-04-30T20:13:59Z" /><node lat="41.0837691" visible="true" user="OSMnx" changeset="1" lon="29.0102048" id="10155689002" uid="1" version="1" timestamp="2025-04-30T20:13:59Z" /><node lat="41.0768496" visible="true" user="OSMnx" changeset="1" lon="29.0178012" id="10188166986" uid="1" version="1" timestamp="2025-04-30T20:13:59Z" /><node lat="41.0773605" visible="true" user="OSMnx" changeset="1" lon="29.0179044" id="10603161513" uid="1" version="1" timestamp="2025-04-30T20:13:59Z" /><node lat="41.0775224" visible="true" user="OSMnx" changeset="1" lon="29.0185082" id="10603161514" uid="1" version="1" timestamp="2025-04-30T20:13:59Z" /><node lat="41.0776497" visible="true" user="OSMnx" changeset="1" lon="29.0185001" id="10603161515" uid="1" version="1" timestamp="2025-04-30T20:13:59Z" /><node lat="41.0777904" visible="true" user="OSMnx" changeset="1" lon="29.0191396" id="10603161516" uid="1" version="1" timestamp="2025-04-30T20:13:59Z" /><node lat="41.0775539" visible="true" user="OSMnx" changeset="1" lon="29.0224096" id="10603196857" uid="1" version="1" timestamp="2025-04-30T20:13:59Z" /><node lat="41.0775691" visible="true" user="OSMnx" changeset="1" lon="29.0221191" id="10603196858" uid="1" version="1" timestamp="2025-04-30T20:13:59Z" /><node lat="41.0775444" visible="true" user="OSMnx" changeset="1" lon="29.0220268" id="10603196859" uid="1" version="1" timestamp="2025-04-30T20:13:59Z" /><node lat="41.0775098" visible="true" user="OSMnx" changeset="1" lon="29.021747" id="10603196860" uid="1" version="1" timestamp="2025-04-30T20:13:59Z" /><node lat="41.0773215" visible="true" user="OSMnx" changeset="1" lon="29.0210041" id="10603197454" uid="1" version="1" timestamp="2025-04-30T20:13:59Z" /><node lat="41.0793875" visible="true" user="OSMnx" changeset="1" lon="29.0221345" id="10603244182" uid="1" version="1" timestamp="2025-04-30T20:13:59Z" /><node lat="41.0787615" visible="true" user="OSMnx" changeset="1" lon="29.022076" id="10603244183" uid="1" version="1" timestamp="2025-04-30T20:13:59Z"><tag k="highway" v="crossing" /></node><node lat="41.0787829" visible="true" user="OSMnx" changeset="1" lon="29.0217115" id="10603244184" uid="1" version="1" timestamp="2025-04-30T20:13:59Z" /><node lat="41.0808296" visible="true" user="OSMnx" changeset="1" lon="29.0160622" id="10603347618" uid="1" version="1" timestamp="2025-04-30T20:13:59Z" /><node lat="41.077305" visible="true" user="OSMnx" changeset="1" lon="29.0210099" id="10603348717" uid="1" version="1" timestamp="2025-04-30T20:13:59Z" /><node lat="41.0774849" visible="true" user="OSMnx" changeset="1" lon="29.0217567" id="10603348718" uid="1" version="1" timestamp="2025-04-30T20:13:59Z" /><node lat="41.079708" visible="true" user="OSMnx" changeset="1" lon="29.0152773" id="10603366568" uid="1" version="1" timestamp="2025-04-30T20:13:59Z" /><node lat="41.0797343" visible="true" user="OSMnx" changeset="1" lon="29.0148363" id="10603366569" uid="1" version="1" timestamp="2025-04-30T20:13:59Z" /><node lat="41.0765373" visible="true" user="OSMnx" changeset="1" lon="29.019128" id="10603377312" uid="1" version="1" timestamp="2025-04-30T20:13:59Z" /><node lat="41.0761404" visible="true" user="OSMnx" changeset="1" lon="29.0193209" id="10603377313" uid="1" version="1" timestamp="2025-04-30T20:13:59Z" /><node lat="41.0783416" visible="true" user="OSMnx" changeset="1" lon="29.0189828" id="10603430933" uid="1" version="1" timestamp="2025-04-30T20:13:59Z" /><node lat="41.0787382" visible="true" user="OSMnx" changeset="1" lon="29.02136" id="10603430934" uid="1" version="1" timestamp="2025-04-30T20:13:59Z" /><node lat="41.0784747" visible="true" user="OSMnx" changeset="1" lon="29.0197804" id="10603430935" uid="1" version="1" timestamp="2025-04-30T20:13:59Z"><tag k="highway" v="crossing" /></node><node lat="41.0786092" visible="true" user="OSMnx" changeset="1" lon="29.0205869" id="10603430936" uid="1" version="1" timestamp="2025-04-30T20:13:59Z"><tag k="highway" v="crossing" /></node><node lat="41.0782182" visible="true" user="OSMnx" changeset="1" lon="29.0175183" id="10603473610" uid="1" version="1" timestamp="2025-04-30T20:13:59Z" /><node lat="41.0785074" visible="true" user="OSMnx" changeset="1" lon="29.0189383" id="10603473611" uid="1" version="1" timestamp="2025-04-30T20:13:59Z" /><node lat="41.0777402" visible="true" user="OSMnx" changeset="1" lon="29.020002" id="10603476871" uid="1" version="1" timestamp="2025-04-30T20:13:59Z" /><node lat="41.0778895" visible="true" user="OSMnx" changeset="1" lon="29.0208157" id="10603476872" uid="1" version="1" timestamp="2025-04-30T20:13:59Z" /><node lat="41.0760126" visible="true" user="OSMnx" changeset="1" lon="29.0156917" id="10817703775" uid="1" version="1" timestamp="2025-04-30T20:13:59Z" /><node lat="41.075782" visible="true" user="OSMnx" changeset="1" lon="29.0150293" id="10817703776" uid="1" version="1" timestamp="2025-04-30T20:13:59Z" /><node lat="41.0764027" visible="true" user="OSMnx" changeset="1" lon="29.016755" id="10817703777" uid="1" version="1" timestamp="2025-04-30T20:13:59Z" /><node lat="41.0756844" visible="true" user="OSMnx" changeset="1" lon="29.0150669" id="10817703778" uid="1" version="1" timestamp="2025-04-30T20:13:59Z" /><node lat="41.0762152" visible="true" user="OSMnx" changeset="1" lon="29.016467" id="10817703779" uid="1" version="1" timestamp="2025-04-30T20:13:59Z" /><node lat="41.0756349" visible="true" user="OSMnx" changeset="1" lon="29.0171494" id="10817703780" uid="1" version="1" timestamp="2025-04-30T20:13:59Z" /><node lat="41.0756005" visible="true" user="OSMnx" changeset="1" lon="29.0171745" id="10817703782" uid="1" version="1" timestamp="2025-04-30T20:13:59Z" /><node lat="41.0754637" visible="true" user="OSMnx" changeset="1" lon="29.0167845" id="10817703783" uid="1" version="1" timestamp="2025-04-30T20:13:59Z" /><node lat="41.0753988" visible="true" user="OSMnx" changeset="1" lon="29.0166105" id="10817703784" uid="1" version="1" timestamp="2025-04-30T20:13:59Z" /><node lat="41.0750212" visible="true" user="OSMnx" changeset="1" lon="29.0153392" id="10817703785" uid="1" version="1" timestamp="2025-04-30T20:13:59Z" /><node lat="41.0762949" visible="true" user="OSMnx" changeset="1" lon="29.0143084" id="10922703458" uid="1" version="1" timestamp="2025-04-30T20:13:59Z" /><node lat="41.0897928" visible="true" user="OSMnx" changeset="1" lon="29.0200642" id="11124013858" uid="1" version="1" timestamp="2025-04-30T20:13:59Z" /><node lat="41.0891201" visible="true" user="OSMnx" changeset="1" lon="29.019221" id="11124013864" uid="1" version="1" timestamp="2025-04-30T20:13:59Z" /><node lat="41.089283" visible="true" user="OSMnx" changeset="1" lon="29.019382" id="11124013865" uid="1" version="1" timestamp="2025-04-30T20:13:59Z" /><node lat="41.0893879" visible="true" user="OSMnx" changeset="1" lon="29.0195089" id="11124013866" uid="1" version="1" timestamp="2025-04-30T20:13:59Z" /><node lat="41.0895314" visible="true" user="OSMnx" changeset="1" lon="29.0196545" id="11124013867" uid="1" version="1" timestamp="2025-04-30T20:13:59Z" /><node lat="41.089513" visible="true" user="OSMnx" changeset="1" lon="29.0195362" id="11124013868" uid="1" version="1" timestamp="2025-04-30T20:13:59Z" /><node lat="41.0894004" visible="true" user="OSMnx" changeset="1" lon="29.0194315" id="11124013869" uid="1" version="1" timestamp="2025-04-30T20:13:59Z" /><node lat="41.0897155" visible="true" user="OSMnx" changeset="1" lon="29.0198106" id="11124013870" uid="1" version="1" timestamp="2025-04-30T20:13:59Z" /><node lat="41.0901536" visible="true" user="OSMnx" changeset="1" lon="29.0201758" id="11124013871" uid="1" version="1" timestamp="2025-04-30T20:13:59Z" /><node lat="41.0904231" visible="true" user="OSMnx" changeset="1" lon="29.020215" id="11124013873" uid="1" version="1" timestamp="2025-04-30T20:13:59Z" /><node lat="41.0888108" visible="true" user="OSMnx" changeset="1" lon="29.0184554" id="11124013877" uid="1" version="1" timestamp="2025-04-30T20:13:59Z" /><node lat="41.0893961" visible="true" user="OSMnx" changeset="1" lon="29.0190792" id="11124013880" uid="1" version="1" timestamp="2025-04-30T20:13:59Z" /><node lat="41.0899097" visible="true" user="OSMnx" changeset="1" lon="29.0195211" id="11124013881" uid="1" version="1" timestamp="2025-04-30T20:13:59Z" /><node lat="41.0892711" visible="true" user="OSMnx" changeset="1" lon="29.0194483" id="11124013882" uid="1" version="1" timestamp="2025-04-30T20:13:59Z" /><node lat="41.0836633" visible="true" user="OSMnx" changeset="1" lon="29.010124" id="11124013886" uid="1" version="1" timestamp="2025-04-30T20:13:59Z" /><node lat="41.0833953" visible="true" user="OSMnx" changeset="1" lon="29.0099779" id="11124013887" uid="1" version="1" timestamp="2025-04-30T20:13:59Z" /><node lat="41.0838042" visible="true" user="OSMnx" changeset="1" lon="29.010184" id="11124013888" uid="1" version="1" timestamp="2025-04-30T20:13:59Z" /><node lat="41.0838466" visible="true" user="OSMnx" changeset="1" lon="29.0103931" id="11124013889" uid="1" version="1" timestamp="2025-04-30T20:13:59Z" /><node lat="41.083941" visible="true" user="OSMnx" changeset="1" lon="29.0106809" id="11124013890" uid="1" version="1" timestamp="2025-04-30T20:13:59Z" /><node lat="41.0841439" visible="true" user="OSMnx" changeset="1" lon="29.0110351" id="11124013891" uid="1" version="1" timestamp="2025-04-30T20:13:59Z" /><node lat="41.0846832" visible="true" user="OSMnx" changeset="1" lon="29.0119225" id="11124013892" uid="1" version="1" timestamp="2025-04-30T20:13:59Z" /><node lat="41.0842056" visible="true" user="OSMnx" changeset="1" lon="29.0113714" id="11124013893" uid="1" version="1" timestamp="2025-04-30T20:13:59Z" /><node lat="41.0844653" visible="true" user="OSMnx" changeset="1" lon="29.0116388" id="11124013894" uid="1" version="1" timestamp="2025-04-30T20:13:59Z" /><node lat="41.0835725" visible="true" user="OSMnx" changeset="1" lon="29.0108174" id="11124013895" uid="1" version="1" timestamp="2025-04-30T20:13:59Z" /><node lat="41.0828355" visible="true" user="OSMnx" changeset="1" lon="29.0106002" id="11124013896" uid="1" version="1" timestamp="2025-04-30T20:13:59Z" /><node lat="41.0825708" visible="true" user="OSMnx" changeset="1" lon="29.0105848" id="11124013897" uid="1" version="1" timestamp="2025-04-30T20:13:59Z" /><node lat="41.085409" visible="true" user="OSMnx" changeset="1" lon="29.0131619" id="11124067007" uid="1" version="1" timestamp="2025-04-30T20:13:59Z" /><node lat="41.086081" visible="true" user="OSMnx" changeset="1" lon="29.0143123" id="11124067010" uid="1" version="1" timestamp="2025-04-30T20:13:59Z" /><node lat="41.0864898" visible="true" user="OSMnx" changeset="1" lon="29.0149644" id="11124067011" uid="1" version="1" timestamp="2025-04-30T20:13:59Z" /><node lat="41.0904093" visible="true" user="OSMnx" changeset="1" lon="29.0198708" id="11124067012" uid="1" version="1" timestamp="2025-04-30T20:13:59Z" /><node lat="41.0815065" visible="true" user="OSMnx" changeset="1" lon="29.0111179" id="11124472132" uid="1" version="1" timestamp="2025-04-30T20:13:59Z" /><node lat="41.081043" visible="true" user="OSMnx" changeset="1" lon="29.0113721" id="11124472133" uid="1" version="1" timestamp="2025-04-30T20:13:59Z" /><node lat="41.0804979" visible="true" user="OSMnx" changeset="1" lon="29.0116454" id="11124472134" uid="1" version="1" timestamp="2025-04-30T20:13:59Z" /><node lat="41.0806546" visible="true" user="OSMnx" changeset="1" lon="29.0115818" id="11124472135" uid="1" version="1" timestamp="2025-04-30T20:13:59Z" /><node lat="41.0808048" visible="true" user="OSMnx" changeset="1" lon="29.0115011" id="11124472136" uid="1" version="1" timestamp="2025-04-30T20:13:59Z" /><node lat="41.0829327" visible="true" user="OSMnx" changeset="1" lon="29.0106032" id="11124472137" uid="1" version="1" timestamp="2025-04-30T20:13:59Z" /><node lat="41.0822369" visible="true" user="OSMnx" changeset="1" lon="29.0107662" id="11124472138" uid="1" version="1" timestamp="2025-04-30T20:13:59Z" /><node lat="41.0819836" visible="true" user="OSMnx" changeset="1" lon="29.0109134" id="11124472139" uid="1" version="1" timestamp="2025-04-30T20:13:59Z" /><node lat="41.0818508" visible="true" user="OSMnx" changeset="1" lon="29.0109992" id="11124472140" uid="1" version="1" timestamp="2025-04-30T20:13:59Z" /><node lat="41.0844143" visible="true" user="OSMnx" changeset="1" lon="29.0115838" id="11124472141" uid="1" version="1" timestamp="2025-04-30T20:13:59Z"><tag k="highway" v="give_way" /></node><node lat="41.0853935" visible="true" user="OSMnx" changeset="1" lon="29.0144475" id="11124472143" uid="1" version="1" timestamp="2025-04-30T20:13:59Z" /><node lat="41.0852907" visible="true" user="OSMnx" changeset="1" lon="29.0145083" id="11124472145" uid="1" version="1" timestamp="2025-04-30T20:13:59Z" /><node lat="41.0814857" visible="true" user="OSMnx" changeset="1" lon="29.0113977" id="11124472155" uid="1" version="1" timestamp="2025-04-30T20:13:59Z" /><node lat="41.0814195" visible="true" user="OSMnx" changeset="1" lon="29.011558" id="11124472156" uid="1" version="1" timestamp="2025-04-30T20:13:59Z" /><node lat="41.0811792" visible="true" user="OSMnx" changeset="1" lon="29.0114752" id="11124472157" uid="1" version="1" timestamp="2025-04-30T20:13:59Z" /><node lat="41.0839037" visible="true" user="OSMnx" changeset="1" lon="29.0105919" id="11124472164" uid="1" version="1" timestamp="2025-04-30T20:13:59Z" /><node lat="41.0788926" visible="true" user="OSMnx" changeset="1" lon="29.0126808" id="11126518856" uid="1" version="1" timestamp="2025-04-30T20:13:59Z" /><node lat="41.0797197" visible="true" user="OSMnx" changeset="1" lon="29.0121368" id="11126518857" uid="1" version="1" timestamp="2025-04-30T20:13:59Z" /><node lat="41.0794141" visible="true" user="OSMnx" changeset="1" lon="29.0123493" id="11126518858" uid="1" version="1" timestamp="2025-04-30T20:13:59Z" /><node lat="41.0787973" visible="true" user="OSMnx" changeset="1" lon="29.0130187" id="11126518859" uid="1" version="1" timestamp="2025-04-30T20:13:59Z" /><node lat="41.0788698" visible="true" user="OSMnx" changeset="1" lon="29.0129062" id="11126518860" uid="1" version="1" timestamp="2025-04-30T20:13:59Z" /><node lat="41.0775799" visible="true" user="OSMnx" changeset="1" lon="29.0137472" id="11126518861" uid="1" version="1" timestamp="2025-04-30T20:13:59Z" /><node lat="41.0776593" visible="true" user="OSMnx" changeset="1" lon="29.0137384" id="11126518862" uid="1" version="1" timestamp="2025-04-30T20:13:59Z" /><node lat="41.077731" visible="true" user="OSMnx" changeset="1" lon="29.0137015" id="11126518863" uid="1" version="1" timestamp="2025-04-30T20:13:59Z" /><node lat="41.0784351" visible="true" user="OSMnx" changeset="1" lon="29.0132376" id="11126518864" uid="1" version="1" timestamp="2025-04-30T20:13:59Z" /><node lat="41.0789503" visible="true" user="OSMnx" changeset="1" lon="29.0130319" id="11126518865" uid="1" version="1" timestamp="2025-04-30T20:13:59Z" /><node lat="41.0779011" visible="true" user="OSMnx" changeset="1" lon="29.0134726" id="11126518866" uid="1" version="1" timestamp="2025-04-30T20:13:59Z" /><node lat="41.0782099" visible="true" user="OSMnx" changeset="1" lon="29.0132378" id="11126518867" uid="1" version="1" timestamp="2025-04-30T20:13:59Z" /><node lat="41.0793698" visible="true" user="OSMnx" changeset="1" lon="29.0140474" id="11126518868" uid="1" version="1" timestamp="2025-04-30T20:13:59Z" /><node lat="41.0794597" visible="true" user="OSMnx" changeset="1" lon="29.0139509" id="11126518869" uid="1" version="1" timestamp="2025-04-30T20:13:59Z" /><node lat="41.0790248" visible="true" user="OSMnx" changeset="1" lon="29.013225" id="11126518870" uid="1" version="1" timestamp="2025-04-30T20:13:59Z" /><node lat="41.0794112" visible="true" user="OSMnx" changeset="1" lon="29.0138642" id="11126518874" uid="1" version="1" timestamp="2025-04-30T20:13:59Z" /><node lat="41.0802657" visible="true" user="OSMnx" changeset="1" lon="29.0129472" id="11126518875" uid="1" version="1" timestamp="2025-04-30T20:13:59Z" /><node lat="41.0795052" visible="true" user="OSMnx" changeset="1" lon="29.013804" id="11126518883" uid="1" version="1" timestamp="2025-04-30T20:13:59Z" /><node lat="41.0796364" visible="true" user="OSMnx" changeset="1" lon="29.0136946" id="11126518884" uid="1" version="1" timestamp="2025-04-30T20:13:59Z" /><node lat="41.0798875" visible="true" user="OSMnx" changeset="1" lon="29.0134557" id="11126518885" uid="1" version="1" timestamp="2025-04-30T20:13:59Z" /><node lat="41.0800395" visible="true" user="OSMnx" changeset="1" lon="29.0132862" id="11126518886" uid="1" version="1" timestamp="2025-04-30T20:13:59Z" /><node lat="41.0801054" visible="true" user="OSMnx" changeset="1" lon="29.0131766" id="11126518887" uid="1" version="1" timestamp="2025-04-30T20:13:59Z" /><node lat="41.0801596" visible="true" user="OSMnx" changeset="1" lon="29.013037" id="11126518888" uid="1" version="1" timestamp="2025-04-30T20:13:59Z" /><node lat="41.0801791" visible="true" user="OSMnx" changeset="1" lon="29.0123746" id="11126518889" uid="1" version="1" timestamp="2025-04-30T20:13:59Z" /><node lat="41.0791282" visible="true" user="OSMnx" changeset="1" lon="29.0134118" id="11126518891" uid="1" version="1" timestamp="2025-04-30T20:13:59Z" /><node lat="41.0790449" visible="true" user="OSMnx" changeset="1" lon="29.0132069" id="11126518892" uid="1" version="1" timestamp="2025-04-30T20:13:59Z" /><node lat="41.0793108" visible="true" user="OSMnx" changeset="1" lon="29.013888" id="11126518893" uid="1" version="1" timestamp="2025-04-30T20:13:59Z" /><node lat="41.0791843" visible="true" user="OSMnx" changeset="1" lon="29.0135368" id="11126518894" uid="1" version="1" timestamp="2025-04-30T20:13:59Z" /><node lat="41.0792184" visible="true" user="OSMnx" changeset="1" lon="29.0136774" id="11126518895" uid="1" version="1" timestamp="2025-04-30T20:13:59Z" /><node lat="41.0792005" visible="true" user="OSMnx" changeset="1" lon="29.0136067" id="11126518896" uid="1" version="1" timestamp="2025-04-30T20:13:59Z" /><node lat="41.0793007" visible="true" user="OSMnx" changeset="1" lon="29.0139024" id="11126518897" uid="1" version="1" timestamp="2025-04-30T20:13:59Z" /><node lat="41.0795859" visible="true" user="OSMnx" changeset="1" lon="29.0138945" id="11126518898" uid="1" version="1" timestamp="2025-04-30T20:13:59Z" /><node lat="41.0792413" visible="true" user="OSMnx" changeset="1" lon="29.0136302" id="11126518899" uid="1" version="1" timestamp="2025-04-30T20:13:59Z" /><node lat="41.0793157" visible="true" user="OSMnx" changeset="1" lon="29.0137725" id="11126518900" uid="1" version="1" timestamp="2025-04-30T20:13:59Z" /><node lat="41.0793625" visible="true" user="OSMnx" changeset="1" lon="29.0138305" id="11126518901" uid="1" version="1" timestamp="2025-04-30T20:13:59Z" /><node lat="41.0794789" visible="true" user="OSMnx" changeset="1" lon="29.0138794" id="11126518902" uid="1" version="1" timestamp="2025-04-30T20:13:59Z" /><node lat="41.079541" visible="true" user="OSMnx" changeset="1" lon="29.0138747" id="11126518903" uid="1" version="1" timestamp="2025-04-30T20:13:59Z" /><node lat="41.0796035" visible="true" user="OSMnx" changeset="1" lon="29.0138494" id="11126518904" uid="1" version="1" timestamp="2025-04-30T20:13:59Z" /><node lat="41.0813087" visible="true" user="OSMnx" changeset="1" lon="29.0114837" id="11126518905" uid="1" version="1" timestamp="2025-04-30T20:13:59Z" /><node lat="41.0730369" visible="true" user="OSMnx" changeset="1" lon="29.0160294" id="11126518920" uid="1" version="1" timestamp="2025-04-30T20:13:59Z" /><node lat="41.0740907" visible="true" user="OSMnx" changeset="1" lon="29.0153339" id="11126518921" uid="1" version="1" timestamp="2025-04-30T20:13:59Z" /><node lat="41.0897327" visible="true" user="OSMnx" changeset="1" lon="29.0200357" id="11137815261" uid="1" version="1" timestamp="2025-04-30T20:13:59Z" /><node lat="41.0762129" visible="true" user="OSMnx" changeset="1" lon="29.0145528" id="11137815303" uid="1" version="1" timestamp="2025-04-30T20:13:59Z" /><node lat="41.0737539" visible="true" user="OSMnx" changeset="1" lon="29.0158972" id="11137847406" uid="1" version="1" timestamp="2025-04-30T20:13:59Z" /><node lat="41.0740522" visible="true" user="OSMnx" changeset="1" lon="29.0157166" id="11137847407" uid="1" version="1" timestamp="2025-04-30T20:13:59Z" /><node lat="41.0739772" visible="true" user="OSMnx" changeset="1" lon="29.0158044" id="11137847433" uid="1" version="1" timestamp="2025-04-30T20:13:59Z" /><node lat="41.0743812" visible="true" user="OSMnx" changeset="1" lon="29.0161933" id="11137847434" uid="1" version="1" timestamp="2025-04-30T20:13:59Z" /><node lat="41.0747499" visible="true" user="OSMnx" changeset="1" lon="29.0170742" id="11137847435" uid="1" version="1" timestamp="2025-04-30T20:13:59Z" /><node lat="41.0751343" visible="true" user="OSMnx" changeset="1" lon="29.0176217" id="11137847436" uid="1" version="1" timestamp="2025-04-30T20:13:59Z"><tag k="highway" v="crossing" /></node><node lat="41.0813886" visible="true" user="OSMnx" changeset="1" lon="29.011023" id="11137847440" uid="1" version="1" timestamp="2025-04-30T20:13:59Z" /><node lat="41.0807173" visible="true" user="OSMnx" changeset="1" lon="29.0114596" id="11139037531" uid="1" version="1" timestamp="2025-04-30T20:13:59Z" /><node lat="41.074876" visible="true" user="OSMnx" changeset="1" lon="29.017309" id="11146357438" uid="1" version="1" timestamp="2025-04-30T20:13:59Z"><tag k="highway" v="crossing" /></node><node lat="41.074257" visible="true" user="OSMnx" changeset="1" lon="29.0158183" id="11146357439" uid="1" version="1" timestamp="2025-04-30T20:13:59Z" /><node lat="41.0761114" visible="true" user="OSMnx" changeset="1" lon="29.0202654" id="11146357441" uid="1" version="1" timestamp="2025-04-30T20:13:59Z" /><node lat="41.0762956" visible="true" user="OSMnx" changeset="1" lon="29.0168504" id="11151482966" uid="1" version="1" timestamp="2025-04-30T20:13:59Z" /><node lat="41.0762546" visible="true" user="OSMnx" changeset="1" lon="29.0168881" id="11151482967" uid="1" version="1" timestamp="2025-04-30T20:13:59Z"><tag k="highway" v="crossing" /></node><node lat="41.0762372" visible="true" user="OSMnx" changeset="1" lon="29.0168386" id="11151482968" uid="1" version="1" timestamp="2025-04-30T20:13:59Z"><tag k="highway" v="crossing" /></node><node lat="41.0763385" visible="true" user="OSMnx" changeset="1" lon="29.016799" id="11151482969" uid="1" version="1" timestamp="2025-04-30T20:13:59Z" /><node lat="41.0767367" visible="true" user="OSMnx" changeset="1" lon="29.0215678" id="11151482970" uid="1" version="1" timestamp="2025-04-30T20:13:59Z" /><node lat="41.0832218" visible="true" user="OSMnx" changeset="1" lon="29.0105093" id="11175226087" uid="1" version="1" timestamp="2025-04-30T20:13:59Z" /><node lat="41.0830769" visible="true" user="OSMnx" changeset="1" lon="29.0099885" id="11175226094" uid="1" version="1" timestamp="2025-04-30T20:13:59Z" /><node lat="41.0801979" visible="true" user="OSMnx" changeset="1" lon="29.0118099" id="11336228777" uid="1" version="1" timestamp="2025-04-30T20:13:59Z" /><node lat="41.0850071" visible="true" user="OSMnx" changeset="1" lon="29.0123816" id="11516600858" uid="1" version="1" timestamp="2025-04-30T20:13:59Z" /><node lat="41.0776967" visible="true" user="OSMnx" changeset="1" lon="29.013628" id="11635345253" uid="1" version="1" timestamp="2025-04-30T20:13:59Z" /><node lat="41.0789018" visible="true" user="OSMnx" changeset="1" lon="29.0128964" id="11635345254" uid="1" version="1" timestamp="2025-04-30T20:13:59Z" /><node lat="41.0785331" visible="true" user="OSMnx" changeset="1" lon="29.0129982" id="11635345255" uid="1" version="1" timestamp="2025-04-30T20:13:59Z" /><node lat="41.0780605" visible="true" user="OSMnx" changeset="1" lon="29.0134835" id="11635345256" uid="1" version="1" timestamp="2025-04-30T20:13:59Z" /><node lat="41.0778537" visible="true" user="OSMnx" changeset="1" lon="29.0136239" id="11635345257" uid="1" version="1" timestamp="2025-04-30T20:13:59Z" /><node lat="41.0827203" visible="true" user="OSMnx" changeset="1" lon="29.0102535" id="11635345259" uid="1" version="1" timestamp="2025-04-30T20:13:59Z" /><node lat="41.0827613" visible="true" user="OSMnx" changeset="1" lon="29.0098789" id="11639129627" uid="1" version="1" timestamp="2025-04-30T20:13:59Z" /><node lat="41.0819279" visible="true" user="OSMnx" changeset="1" lon="29.0103434" id="11639129630" uid="1" version="1" timestamp="2025-04-30T20:13:59Z" /><node lat="41.0813605" visible="true" user="OSMnx" changeset="1" lon="29.0111974" id="11639129632" uid="1" version="1" timestamp="2025-04-30T20:13:59Z" /><node lat="41.0826022" visible="true" user="OSMnx" changeset="1" lon="29.0106179" id="11639129633" uid="1" version="1" timestamp="2025-04-30T20:13:59Z" /><node lat="41.0838082" visible="true" user="OSMnx" changeset="1" lon="29.0109878" id="11639129634" uid="1" version="1" timestamp="2025-04-30T20:13:59Z" /><node lat="41.0838196" visible="true" user="OSMnx" changeset="1" lon="29.0102703" id="11639129642" uid="1" version="1" timestamp="2025-04-30T20:13:59Z" /><node lat="41.0839943" visible="true" user="OSMnx" changeset="1" lon="29.0107933" id="11639129643" uid="1" version="1" timestamp="2025-04-30T20:13:59Z" /><node lat="41.0842412" visible="true" user="OSMnx" changeset="1" lon="29.0111779" id="11639129644" uid="1" version="1" timestamp="2025-04-30T20:13:59Z" /><node lat="41.0848564" visible="true" user="OSMnx" changeset="1" lon="29.0121864" id="11639129645" uid="1" version="1" timestamp="2025-04-30T20:13:59Z" /><node lat="41.0859259" visible="true" user="OSMnx" changeset="1" lon="29.0140577" id="11639129648" uid="1" version="1" timestamp="2025-04-30T20:13:59Z" /><node lat="41.0862734" visible="true" user="OSMnx" changeset="1" lon="29.0146242" id="11639129649" uid="1" version="1" timestamp="2025-04-30T20:13:59Z" /><node lat="41.0874936" visible="true" user="OSMnx" changeset="1" lon="29.016532" id="11639129652" uid="1" version="1" timestamp="2025-04-30T20:13:59Z" /><node lat="41.0886743" visible="true" user="OSMnx" changeset="1" lon="29.0182905" id="11639129654" uid="1" version="1" timestamp="2025-04-30T20:13:59Z" /><node lat="41.0892509" visible="true" user="OSMnx" changeset="1" lon="29.0189352" id="11639129655" uid="1" version="1" timestamp="2025-04-30T20:13:59Z" /><node lat="41.0906764" visible="true" user="OSMnx" changeset="1" lon="29.0200375" id="11639129658" uid="1" version="1" timestamp="2025-04-30T20:13:59Z" /><node lat="41.084821" visible="true" user="OSMnx" changeset="1" lon="29.012438" id="11645073572" uid="1" version="1" timestamp="2025-04-30T20:13:59Z"><tag k="highway" v="stop" /></node><node lat="41.0841929" visible="true" user="OSMnx" changeset="1" lon="29.0122789" id="11645073586" uid="1" version="1" timestamp="2025-04-30T20:13:59Z"><tag k="highway" v="crossing" /></node><node lat="41.0841903" visible="true" user="OSMnx" changeset="1" lon="29.0123371" id="11645073587" uid="1" version="1" timestamp="2025-04-30T20:13:59Z" /><node lat="41.0841948" visible="true" user="OSMnx" changeset="1" lon="29.0122345" id="11645073588" uid="1" version="1" timestamp="2025-04-30T20:13:59Z" /><node lat="41.0833502" visible="true" user="OSMnx" changeset="1" lon="29.0097554" id="12136215523" uid="1" version="1" timestamp="2025-04-30T20:13:59Z" /><node lat="41.083464" visible="true" user="OSMnx" changeset="1" lon="29.0096538" id="12136215524" uid="1" version="1" timestamp="2025-04-30T20:13:59Z" /><node lat="41.0835559" visible="true" user="OSMnx" changeset="1" lon="29.0095679" id="12136215525" uid="1" version="1" timestamp="2025-04-30T20:13:59Z" /><node lat="41.0773453" visible="true" user="OSMnx" changeset="1" lon="29.0138894" id="12136215528" uid="1" version="1" timestamp="2025-04-30T20:13:59Z" /><node lat="41.0745657" visible="true" user="OSMnx" changeset="1" lon="29.015435" id="12136215529" uid="1" version="1" timestamp="2025-04-30T20:13:59Z"><tag k="highway" v="crossing" /></node><node lat="41.0738071" visible="true" user="OSMnx" changeset="1" lon="29.0156832" id="12136215530" uid="1" version="1" timestamp="2025-04-30T20:13:59Z" /><node lat="41.073179" visible="true" user="OSMnx" changeset="1" lon="29.0159773" id="12136215531" uid="1" version="1" timestamp="2025-04-30T20:13:59Z" /><node lat="41.0743191" visible="true" user="OSMnx" changeset="1" lon="29.0160022" id="12136215540" uid="1" version="1" timestamp="2025-04-30T20:13:59Z" /><node lat="41.0802527" visible="true" user="OSMnx" changeset="1" lon="29.011135" id="12211140529" uid="1" version="1" timestamp="2025-04-30T20:13:59Z" /><node lat="41.0762255" visible="true" user="OSMnx" changeset="1" lon="29.0165138" id="12315893867" uid="1" version="1" timestamp="2025-04-30T20:13:59Z" /><node lat="41.0750776" visible="true" user="OSMnx" changeset="1" lon="29.015407" id="12315893868" uid="1" version="1" timestamp="2025-04-30T20:13:59Z" /><node lat="41.0742762" visible="true" user="OSMnx" changeset="1" lon="29.015679" id="12315893869" uid="1" version="1" timestamp="2025-04-30T20:13:59Z" /><node lat="41.0745214" visible="true" user="OSMnx" changeset="1" lon="29.0165116" id="12315893870" uid="1" version="1" timestamp="2025-04-30T20:13:59Z" /><node lat="41.0750105" visible="true" user="OSMnx" changeset="1" lon="29.0174906" id="12315893871" uid="1" version="1" timestamp="2025-04-30T20:13:59Z" /><node lat="41.0745919" visible="true" user="OSMnx" changeset="1" lon="29.015535" id="12315893872" uid="1" version="1" timestamp="2025-04-30T20:13:59Z"><tag k="highway" v="crossing" /></node><node lat="41.0750465" visible="true" user="OSMnx" changeset="1" lon="29.0154245" id="12315893873" uid="1" version="1" timestamp="2025-04-30T20:13:59Z" /><node lat="41.0823465" visible="true" user="OSMnx" changeset="1" lon="29.0185578" id="12715361385" uid="1" version="1" timestamp="2025-04-30T20:13:59Z" /><node lat="41.0831683" visible="true" user="OSMnx" changeset="1" lon="29.0181971" id="12715362854" uid="1" version="1" timestamp="2025-04-30T20:13:59Z" /><way id="23226386" uid="1" user="OSMnx" version="1" visible="true" changeset="1" timestamp="2025-04-30T20:13:59Z"><nd ref="251270742" /><nd ref="11639129633" /><nd ref="10155688996" /><nd ref="11124013896" /><nd ref="11124472137" /><nd ref="10155688997" /><nd ref="251270744" /><nd ref="10155688970" /><nd ref="251270745" /><nd ref="11124013895" /><nd ref="10155688971" /><nd ref="11639129634" /><nd ref="251270746" /><nd ref="10155688972" /><nd ref="11124013893" /><nd ref="251270747" /><nd ref="11124472141" /><nd ref="11124013894" /><nd ref="10155688973" /><nd ref="11124013892" /><nd ref="10155688979" /><tag k="maxspeed" v="70" /><tag k="highway" v="motorway_link" /><tag k="oneway" v="yes" /><tag k="lanes" v="1" /><tag k="name" v="Levent 2 Kavşağı" /></way><way id="23226392" uid="1" user="OSMnx" version="1" visible="true" changeset="1" timestamp="2025-04-30T20:13:59Z"><nd ref="251150826" /><nd ref="11175226094" /><nd ref="251150827" /><nd ref="12136215523" /><nd ref="12136215524" /><nd ref="12136215525" /><tag k="maxspeed" v="70" /><tag k="highway" v="primary" /><tag k="oneway" v="yes" /><tag k="bridge" v="yes" /><tag k="lanes" v="3" /><tag k="name" v="Büyükdere Caddesi" /></way><way id="23292291" uid="1" user="OSMnx" version="1" visible="true" changeset="1" timestamp="2025-04-30T20:13:59Z"><nd ref="9566915408" /><nd ref="539133104" /><nd ref="9566915413" /><nd ref="251147571" /><tag k="maxspeed" v="30" /><tag k="highway" v="primary_link" /><tag k="oneway" v="yes" /><tag k="lanes" v="2" /></way><way id="31773323" uid="1" user="OSMnx" version="1" visible="true" changeset="1" timestamp="2025-04-30T20:13:59Z"><nd ref="355686970" /><nd ref="775656619" /><nd ref="1749655634" /><nd ref="355686972" /><nd ref="775655551" /><nd ref="1749656270" /><nd ref="775655394" /><nd ref="1749687458" /><nd ref="1749658503" /><nd ref="1678904548" /><nd ref="355686974" /><tag k="highway" v="residential" /><tag k="oneway" v="no" /><tag k="name" v="Sümbül Sokağı" /></way><way id="31774321" uid="1" user="OSMnx" version="1" visible="true" changeset="1" timestamp="2025-04-30T20:13:59Z"><nd ref="355699683" /><nd ref="355699684" /><nd ref="355699685" /><nd ref="355699686" /><nd ref="355699687" /><nd ref="775655635" /><nd ref="355699690" /><nd ref="1749687469" /><tag k="highway" v="residential" /><tag k="oneway" v="no" /><tag k="name" v="Çilekli Caddesi" /></way><way id="41807604" uid="1" user="OSMnx" version="1" visible="true" changeset="1" timestamp="2025-04-30T20:13:59Z"><nd ref="516043636" /><nd ref="516043644" /><nd ref="516043645" /><nd ref="1762467234" /><nd ref="516043648" /><nd ref="962091115" /><nd ref="516043653" /><nd ref="516043615" /><tag k="highway" v="tertiary" /><tag k="oneway" v="yes" /><tag k="name" v="Ebulula Mardin Caddesi" /></way><way id="41807607" uid="1" user="OSMnx" version="1" visible="true" changeset="1" timestamp="2025-04-30T20:13:59Z"><nd ref="516043636" /><nd ref="516043779" /><nd ref="775654797" /><nd ref="355699787" /><nd ref="516043743" /><nd ref="355699786" /><nd ref="355699785" /><nd ref="355699784" /><nd ref="775655064" /><nd ref="355699783" /><nd ref="355699782" /><nd ref="355699781" /><nd ref="355699780" /><tag k="highway" v="tertiary" /><tag k="oneway" v="no" /><tag k="name" v="Ebulula Mardin Caddesi" /></way><way id="41807609" uid="1" user="OSMnx" version="1" visible="true" changeset="1" timestamp="2025-04-30T20:13:59Z"><nd ref="251150663" /><nd ref="1345775528" /><nd ref="516043820" /><nd ref="9915936871" /><nd ref="516043813" /><nd ref="516043809" /><nd ref="1345786058" /><nd ref="582943241" /><nd ref="516043807" /><nd ref="775654687" /><nd ref="516043806" /><nd ref="775654111" /><nd ref="516043805" /><nd ref="9360337856" /><nd ref="516043800" /><nd ref="9360337847" /><nd ref="9363373624" /><tag k="maxspeed" v="30" /><tag k="highway" v="tertiary" /><tag k="oneway" v="no" /><tag k="name" v="Levent Caddesi" /></way><way id="41807611" uid="1" user="OSMnx" version="1" visible="true" changeset="1" timestamp="2025-04-30T20:13:59Z"><nd ref="1672428802" /><nd ref="516043875" /><nd ref="1678904544" /><nd ref="1672428803" /><nd ref="1678904523" /><nd ref="516043880" /><nd ref="1678904570" /><nd ref="1672428801" /><nd ref="1678904521" /><nd ref="516043885" /><nd ref="1678904539" /><nd ref="1672428791" /><nd ref="1678904571" /><nd ref="1678904525" /><nd ref="516043889" /><tag k="highway" v="secondary" /><tag k="oneway" v="yes" /><tag k="junction" v="roundabout" /></way><way id="41807612" uid="1" user="OSMnx" version="1" visible="true" changeset="1" timestamp="2025-04-30T20:13:59Z"><nd ref="355686974" /><nd ref="516043894" /><tag k="highway" v="residential" /><tag k="oneway" v="no" /></way><way id="41807615" uid="1" user="OSMnx" version="1" visible="true" changeset="1" timestamp="2025-04-30T20:13:59Z"><nd ref="355699683" /><nd ref="1672428802" /><tag k="highway" v="residential" /><tag k="oneway" v="no" /></way><way id="41807616" uid="1" user="OSMnx" version="1" visible="true" changeset="1" timestamp="2025-04-30T20:13:59Z"><nd ref="516043875" /><nd ref="355687140" /><tag k="highway" v="secondary" /><tag k="oneway" v="yes" /><tag k="name" v="Uğur Mumcu Caddesi" /></way><way id="41807620" uid="1" user="OSMnx" version="1" visible="true" changeset="1" timestamp="2025-04-30T20:13:59Z"><nd ref="516044062" /><nd ref="516044068" /><nd ref="516044076" /><nd ref="2261060354" /><nd ref="516044078" /><nd ref="516044079" /><nd ref="11126518875" /><nd ref="2502581412" /><nd ref="1345799096" /><nd ref="2502578374" /><tag k="highway" v="secondary" /><tag k="oneway" v="no" /></way><way id="41807627" uid="1" user="OSMnx" version="1" visible="true" changeset="1" timestamp="2025-04-30T20:13:59Z"><nd ref="1926265472" /><nd ref="11635345254" /><nd ref="10155688937" /><nd ref="516044133" /><nd ref="516044129" /><nd ref="2397012357" /><tag k="highway" v="secondary_link" /><tag k="oneway" v="yes" /><tag k="lanes" v="1" /></way><way id="41807631" uid="1" user="OSMnx" version="1" visible="true" changeset="1" timestamp="2025-04-30T20:13:59Z"><nd ref="516044016" /><nd ref="516044376" /><nd ref="516044391" /><nd ref="516044402" /><nd ref="2397000774" /><nd ref="516044420" /><nd ref="516044425" /><nd ref="516044433" /><nd ref="355499285" /><nd ref="516044445" /><nd ref="516044453" /><nd ref="516044469" /><nd ref="516044269" /><tag k="highway" v="residential" /><tag k="oneway" v="no" /><tag k="name" v="Prof. Kemal Ahet Aru Sokağı" /></way><way id="41807633" uid="1" user="OSMnx" version="1" visible="true" changeset="1" timestamp="2025-04-30T20:13:59Z"><nd ref="516044657" /><nd ref="516044664" /><nd ref="516043987" /><tag k="highway" v="secondary" /><tag k="oneway" v="yes" /></way><way id="41807639" uid="1" user="OSMnx" version="1" visible="true" changeset="1" timestamp="2025-04-30T20:13:59Z"><nd ref="1759577450" /><nd ref="1759577448" /><nd ref="516044793" /><nd ref="1759577451" /><nd ref="1759577444" /><nd ref="516044753" /><nd ref="1759577449" /><nd ref="516044657" /><nd ref="1759577447" /><nd ref="516044817" /><nd ref="1759577452" /><nd ref="516044836" /><nd ref="1759577446" /><nd ref="516044854" /><nd ref="1759577443" /><nd ref="516043973" /><nd ref="1759577445" /><nd ref="516043972" /><nd ref="1759577450" /><tag k="highway" v="secondary" /><tag k="oneway" v="no" /><tag k="junction" v="roundabout" /></way><way id="43035500" uid="1" user="OSMnx" version="1" visible="true" changeset="1" timestamp="2025-04-30T20:13:59Z"><nd ref="539133137" /><nd ref="251147522" /><tag k="maxspeed" v="70" /><tag k="highway" v="primary" /><tag k="oneway" v="yes" /><tag k="bridge" v="yes" /><tag k="lanes" v="3" /><tag k="name" v="Büyükdere Caddesi" /></way><way id="43035505" uid="1" user="OSMnx" version="1" visible="true" changeset="1" timestamp="2025-04-30T20:13:59Z"><nd ref="251147522" /><nd ref="251147523" /><nd ref="582943234" /><nd ref="4053774752" /><nd ref="582943215" /><nd ref="10155688927" /><nd ref="9360337880" /><nd ref="11137815303" /><nd ref="10155688928" /><nd ref="251147733" /><nd ref="10155688929" /><nd ref="251150662" /><nd ref="12136215528" /><nd ref="251150663" /><tag k="maxspeed" v="70" /><tag k="highway" v="primary" /><tag k="oneway" v="yes" /><tag k="lanes" v="3" /><tag k="name" v="Büyükdere Caddesi" /></way><way id="43915457" uid="1" user="OSMnx" version="1" visible="true" changeset="1" timestamp="2025-04-30T20:13:59Z"><nd ref="251147571" /><nd ref="11126518921" /><tag k="maxspeed" v="30" /><tag k="highway" v="primary" /><tag k="oneway" v="yes" /><tag k="lanes" v="2" /><tag k="name" v="Nisbetiye Caddesi" /></way><way id="45500610" uid="1" user="OSMnx" version="1" visible="true" changeset="1" timestamp="2025-04-30T20:13:59Z"><nd ref="251147520" /><nd ref="11126518920" /><nd ref="251147521" /><nd ref="12136215531" /><nd ref="2380794549" /><nd ref="12136215530" /><nd ref="539133137" /><tag k="maxspeed" v="70" /><tag k="highway" v="primary" /><tag k="oneway" v="yes" /><tag k="lanes" v="3" /><tag k="name" v="Büyükdere Caddesi" /></way><way id="45777128" uid="1" user="OSMnx" version="1" visible="true" changeset="1" timestamp="2025-04-30T20:13:59Z"><nd ref="1749621021" /><nd ref="775654612" /><nd ref="516043820" /><nd ref="2395783737" /><nd ref="2395783725" /><nd ref="2395783724" /><nd ref="2395783721" /><nd ref="1345771857" /><tag k="highway" v="tertiary" /><tag k="oneway" v="no" /><tag k="name" v="Karanfil Sokağı" /></way><way id="45777131" uid="1" user="OSMnx" version="1" visible="true" changeset="1" timestamp="2025-04-30T20:13:59Z"><nd ref="4053774752" /><nd ref="9360337885" /><nd ref="9360337884" /><nd ref="4573326658" /><nd ref="4053774754" /><nd ref="1345775532" /><nd ref="9360337882" /><nd ref="582943228" /><nd ref="9360337883" /><nd ref="2380794607" /><tag k="highway" v="residential" /><tag k="oneway" v="yes" /><tag k="name" v="Çarşı Caddesi" /></way><way id="45777138" uid="1" user="OSMnx" version="1" visible="true" changeset="1" timestamp="2025-04-30T20:13:59Z"><nd ref="582943203" /><nd ref="10817703780" /><nd ref="582943232" /><nd ref="582943233" /><nd ref="4053785527" /><nd ref="4053785525" /><nd ref="12315893868" /><nd ref="4053786311" /><nd ref="4053786309" /><nd ref="4053786308" /><nd ref="4053786310" /><nd ref="582943234" /><tag k="highway" v="residential" /><tag k="oneway" v="no" /><tag k="name" v="Karakol Sokağı" /></way><way id="45777144" uid="1" user="OSMnx" version="1" visible="true" changeset="1" timestamp="2025-04-30T20:13:59Z"><nd ref="582943233" /><nd ref="10817703783" /><nd ref="582943235" /><nd ref="4053786312" /><nd ref="582943236" /><nd ref="582943237" /><nd ref="12315893872" /><nd ref="12136215529" /><nd ref="251147523" /><tag k="highway" v="residential" /><tag k="oneway" v="no" /><tag k="name" v="Binbir Çiçek Sokağı" /></way><way id="45777146" uid="1" user="OSMnx" version="1" visible="true" changeset="1" timestamp="2025-04-30T20:13:59Z"><nd ref="582943238" /><nd ref="4053740076" /><nd ref="582943239" /><nd ref="1345779406" /><nd ref="582943229" /><nd ref="582943240" /><nd ref="10603161516" /><nd ref="9360337877" /><nd ref="10603430933" /><nd ref="10603473611" /><nd ref="2394806545" /><nd ref="582943241" /><tag k="highway" v="residential" /><tag k="oneway" v="yes" /><tag k="name" v="Sülün Sokağı" /></way><way id="62175783" uid="1" user="OSMnx" version="1" visible="true" changeset="1" timestamp="2025-04-30T20:13:59Z"><nd ref="10603430936" /><nd ref="10603476872" /><nd ref="9360337867" /><nd ref="10603197454" /><nd ref="10603348717" /><nd ref="9360337866" /><nd ref="9360337865" /><nd ref="775654105" /><tag k="highway" v="residential" /><tag k="oneway" v="yes" /><tag k="name" v="Güvercin Sokağı" /></way><way id="62175812" uid="1" user="OSMnx" version="1" visible="true" changeset="1" timestamp="2025-04-30T20:13:59Z"><nd ref="775654539" /><nd ref="775654538" /><nd ref="1749720320" /><nd ref="775654537" /><nd ref="1345786061" /><nd ref="516043813" /><nd ref="9360337879" /><nd ref="10603473610" /><nd ref="10603161513" /><nd ref="9360337878" /><tag k="highway" v="residential" /><tag k="oneway" v="yes" /><tag k="name" v="Sümbül Sokağı" /></way><way id="62175826" uid="1" user="OSMnx" version="1" visible="true" changeset="1" timestamp="2025-04-30T20:13:59Z"><nd ref="355686970" /><nd ref="1749621024" /><nd ref="775655317" /><nd ref="775654682" /><nd ref="2394748672" /><tag k="highway" v="residential" /><tag k="oneway" v="no" /><tag k="name" v="Yeni Sülün Sokağı" /></way><way id="62175827" uid="1" user="OSMnx" version="1" visible="true" changeset="1" timestamp="2025-04-30T20:13:59Z"><nd ref="775654687" /><nd ref="775654723" /><nd ref="1345787294" /><nd ref="775654726" /><nd ref="775654727" /><nd ref="775654729" /><nd ref="1749649541" /><nd ref="775654731" /><nd ref="775654733" /><nd ref="775654735" /><nd ref="1749652827" /><nd ref="2394748666" /><nd ref="775654737" /><nd ref="1749652841" /><nd ref="775654738" /><tag k="highway" v="residential" /><tag k="oneway" v="no" /><tag k="name" v="Krizantem Sokağı" /></way><way id="62175828" uid="1" user="OSMnx" version="1" visible="true" changeset="1" timestamp="2025-04-30T20:13:59Z"><nd ref="775655268" /><nd ref="2262297083" /><nd ref="355699780" /><tag k="highway" v="residential" /><tag k="oneway" v="no" /><tag k="name" v="Ülgen Sokağı" /></way><way id="62175861" uid="1" user="OSMnx" version="1" visible="true" changeset="1" timestamp="2025-04-30T20:13:59Z"><nd ref="775655650" /><nd ref="1678904566" /><nd ref="1749687466" /><nd ref="1719551904" /><nd ref="1749656269" /><nd ref="2394748706" /><nd ref="775655312" /><nd ref="775655557" /><nd ref="1749652819" /><nd ref="775656620" /><nd ref="775655313" /><nd ref="775655315" /><nd ref="775655317" /><tag k="highway" v="residential" /><tag k="oneway" v="no" /></way><way id="62175871" uid="1" user="OSMnx" version="1" visible="true" changeset="1" timestamp="2025-04-30T20:13:59Z"><nd ref="775655338" /><nd ref="1749658507" /><nd ref="775655461" /><nd ref="775655379" /><nd ref="2394748707" /><nd ref="775655380" /><nd ref="1749655628" /><nd ref="1749652823" /><nd ref="775656615" /><nd ref="775655381" /><nd ref="1345787299" /><nd ref="775655382" /><tag k="highway" v="residential" /><tag k="oneway" v="no" /><tag k="name" v="Karanfil Sokağı" /></way><way id="62175880" uid="1" user="OSMnx" version="1" visible="true" changeset="1" timestamp="2025-04-30T20:13:59Z"><nd ref="775655394" /><nd ref="775655459" /><nd ref="775655461" /><tag k="highway" v="residential" /><tag k="oneway" v="no" /></way><way id="62175893" uid="1" user="OSMnx" version="1" visible="true" changeset="1" timestamp="2025-04-30T20:13:59Z"><nd ref="775655380" /><nd ref="775655546" /><nd ref="775655547" /><nd ref="775655548" /><nd ref="775655549" /><nd ref="775655551" /><nd ref="775655552" /><nd ref="775655553" /><nd ref="775655554" /><nd ref="775655555" /><nd ref="775655557" /><nd ref="775655558" /><nd ref="775655559" /><tag k="highway" v="residential" /><tag k="oneway" v="no" /><tag k="name" v="Fulyalı Sokağı" /></way><way id="62175898" uid="1" user="OSMnx" version="1" visible="true" changeset="1" timestamp="2025-04-30T20:13:59Z"><nd ref="1749698827" /><nd ref="775655631" /><nd ref="775655633" /><nd ref="775655634" /><nd ref="775655635" /><tag k="highway" v="residential" /><tag k="oneway" v="no" /><tag k="name" v="Sedir Sokağı" /></way><way id="62175899" uid="1" user="OSMnx" version="1" visible="true" changeset="1" timestamp="2025-04-30T20:13:59Z"><nd ref="1719551902" /><nd ref="775655630" /><nd ref="1749698832" /><tag k="highway" v="residential" /><tag k="oneway" v="no" /><tag k="name" v="Gazeteci Ümit Deniz Sokağı" /></way><way id="62175947" uid="1" user="OSMnx" version="1" visible="true" changeset="1" timestamp="2025-04-30T20:13:59Z"><nd ref="775656615" /><nd ref="775656616" /><nd ref="775656618" /><nd ref="775656619" /><nd ref="775656620" /><tag k="highway" v="residential" /><tag k="oneway" v="no" /><tag k="name" v="Tutya Sokağı" /></way><way id="82663730" uid="1" user="OSMnx" version="1" visible="true" changeset="1" timestamp="2025-04-30T20:13:59Z"><nd ref="962091115" /><nd ref="962091117" /><tag k="highway" v="steps" /><tag k="oneway" v="no" /></way><way id="119904246" uid="1" user="OSMnx" version="1" visible="true" changeset="1" timestamp="2025-04-30T20:13:59Z"><nd ref="9915936905" /><nd ref="1345662383" /><nd ref="9915936907" /><nd ref="1345663250" /><tag k="maxspeed" v="30" /><tag k="highway" v="primary_link" /><tag k="oneway" v="yes" /><tag k="lanes" v="1" /></way><way id="119904382" uid="1" user="OSMnx" version="1" visible="true" changeset="1" timestamp="2025-04-30T20:13:59Z"><nd ref="11146357441" /><nd ref="1926265319" /><nd ref="9915936882" /><nd ref="1345664329" /><tag k="maxspeed" v="30" /><tag k="highway" v="primary_link" /><tag k="oneway" v="yes" /><tag k="lanes" v="1" /></way><way id="119914574" uid="1" user="OSMnx" version="1" visible="true" changeset="1" timestamp="2025-04-30T20:13:59Z"><nd ref="1345771857" /><nd ref="1345779401" /><nd ref="2394806539" /><nd ref="10188166986" /><nd ref="9360337878" /><nd ref="582943230" /><nd ref="582943229" /><tag k="highway" v="residential" /><tag k="oneway" v="yes" /><tag k="name" v="Eylül Sokağı" /></way><way id="119914575" uid="1" user="OSMnx" version="1" visible="true" changeset="1" timestamp="2025-04-30T20:13:59Z"><nd ref="582943228" /><nd ref="12315893867" /><nd ref="4053785535" /><nd ref="582943232" /><tag k="highway" v="service" /><tag k="oneway" v="no" /></way><way id="119914690" uid="1" user="OSMnx" version="1" visible="true" changeset="1" timestamp="2025-04-30T20:13:59Z"><nd ref="1345775528" /><nd ref="1345775530" /><nd ref="2395783729" /><nd ref="1345775538" /><nd ref="2395783720" /><nd ref="1345775540" /><nd ref="2395783719" /><nd ref="10817703775" /><nd ref="1345775532" /><tag k="highway" v="residential" /><tag k="oneway" v="yes" /><tag k="name" v="Yasemin Sokağı" /></way><way id="119915409" uid="1" user="OSMnx" version="1" visible="true" changeset="1" timestamp="2025-04-30T20:13:59Z"><nd ref="1345779401" /><nd ref="1345779400" /><nd ref="9915936871" /><tag k="highway" v="residential" /><tag k="oneway" v="yes" /><tag k="name" v="Lale Sokağı" /></way><way id="119915410" uid="1" user="OSMnx" version="1" visible="true" changeset="1" timestamp="2025-04-30T20:13:59Z"><nd ref="10603430935" /><nd ref="10603476871" /><nd ref="1345779405" /><nd ref="9360337874" /><tag k="highway" v="residential" /><tag k="oneway" v="yes" /><tag k="name" v="Krizantem Sokağı" /></way><way id="119915411" uid="1" user="OSMnx" version="1" visible="true" changeset="1" timestamp="2025-04-30T20:13:59Z"><nd ref="9360337874" /><nd ref="1345779406" /><nd ref="10603377312" /><nd ref="1749730543" /><nd ref="1345779410" /><nd ref="1749730549" /><nd ref="2380794588" /><tag k="highway" v="residential" /><tag k="oneway" v="yes" /><tag k="name" v="Çalıkuşu Sokağı" /></way><way id="119915640" uid="1" user="OSMnx" version="1" visible="true" changeset="1" timestamp="2025-04-30T20:13:59Z"><nd ref="1749621036" /><nd ref="10603196860" /><nd ref="10603348718" /><nd ref="1345781361" /><nd ref="1345781363" /><tag k="highway" v="footway" /><tag k="oneway" v="no" /><tag k="name" v="Zeren Aralığı" /></way><way id="119916741" uid="1" user="OSMnx" version="1" visible="true" changeset="1" timestamp="2025-04-30T20:13:59Z"><nd ref="1345786061" /><nd ref="1345786055" /><nd ref="775654578" /><tag k="highway" v="residential" /><tag k="oneway" v="no" /></way><way id="119916742" uid="1" user="OSMnx" version="1" visible="true" changeset="1" timestamp="2025-04-30T20:13:59Z"><nd ref="1345786058" /><nd ref="1345786057" /><nd ref="775654578" /><tag k="highway" v="residential" /><tag k="oneway" v="no" /><tag k="name" v="Mektep Sokağı" /></way><way id="119916743" uid="1" user="OSMnx" version="1" visible="true" changeset="1" timestamp="2025-04-30T20:13:59Z"><nd ref="775654578" /><nd ref="1345787292" /><nd ref="1345786053" /><nd ref="1345786056" /><nd ref="2394748650" /><nd ref="1345786059" /><nd ref="775654539" /><tag k="highway" v="residential" /><tag k="oneway" v="no" /><tag k="name" v="Mektep Sokağı" /></way><way id="119916831" uid="1" user="OSMnx" version="1" visible="true" changeset="1" timestamp="2025-04-30T20:13:59Z"><nd ref="516043973" /><nd ref="4618539965" /><nd ref="1345787303" /><nd ref="1345787305" /><nd ref="775654678" /><tag k="highway" v="residential" /><tag k="oneway" v="no" /><tag k="name" v="Zerrin Sokağı" /></way><way id="119916832" uid="1" user="OSMnx" version="1" visible="true" changeset="1" timestamp="2025-04-30T20:13:59Z"><nd ref="1345787298" /><nd ref="1345787301" /><nd ref="775654733" /><tag k="highway" v="residential" /><tag k="oneway" v="no" /><tag k="name" v="Murat Sokağı" /></way><way id="119916833" uid="1" user="OSMnx" version="1" visible="true" changeset="1" timestamp="2025-04-30T20:13:59Z"><nd ref="1345787306" /><nd ref="1345787304" /><nd ref="1345787294" /><tag k="highway" v="residential" /><tag k="oneway" v="no" /><tag k="name" v="Şefik Sokağı" /></way><way id="119916834" uid="1" user="OSMnx" version="1" visible="true" changeset="1" timestamp="2025-04-30T20:13:59Z"><nd ref="1345787303" /><nd ref="1345787302" /><nd ref="1345787299" /><tag k="highway" v="residential" /><tag k="oneway" v="yes" /><tag k="name" v="Hacı Adil Caddesi" /></way><way id="119916835" uid="1" user="OSMnx" version="1" visible="true" changeset="1" timestamp="2025-04-30T20:13:59Z"><nd ref="1345786057" /><nd ref="1749646978" /><nd ref="1749646977" /><nd ref="1345787296" /><nd ref="1345787293" /><nd ref="1345787297" /><nd ref="775654727" /><tag k="highway" v="residential" /><tag k="oneway" v="no" /><tag k="name" v="Sülünlü Sokağı" /></way><way id="119916883" uid="1" user="OSMnx" version="1" visible="true" changeset="1" timestamp="2025-04-30T20:13:59Z"><nd ref="1749621023" /><nd ref="1345788032" /><tag k="highway" v="residential" /><tag k="oneway" v="no" /></way><way id="119916884" uid="1" user="OSMnx" version="1" visible="true" changeset="1" timestamp="2025-04-30T20:13:59Z"><nd ref="1345787307" /><nd ref="1345788040" /><nd ref="1749621027" /><nd ref="1345788031" /><tag k="highway" v="residential" /><tag k="oneway" v="no" /><tag k="name" v="Fesleğen Sokağı" /></way><way id="119916885" uid="1" user="OSMnx" version="1" visible="true" changeset="1" timestamp="2025-04-30T20:13:59Z"><nd ref="1345787300" /><nd ref="1345788036" /><tag k="highway" v="residential" /><tag k="oneway" v="no" /><tag k="name" v="Asma Sokağı" /></way><way id="119916886" uid="1" user="OSMnx" version="1" visible="true" changeset="1" timestamp="2025-04-30T20:13:59Z"><nd ref="1345788042" /><nd ref="1345788035" /><nd ref="1749621025" /><nd ref="1345788041" /><nd ref="1345788038" /><tag k="highway" v="residential" /><tag k="oneway" v="no" /><tag k="name" v="Mor Karanfil Sokağı" /></way><way id="119916961" uid="1" user="OSMnx" version="1" visible="true" changeset="1" timestamp="2025-04-30T20:13:59Z"><nd ref="775654537" /><nd ref="1345788899" /><nd ref="1345788902" /><tag k="highway" v="residential" /><tag k="oneway" v="no" /><tag k="name" v="Sümbül Sokağı" /></way><way id="119916962" uid="1" user="OSMnx" version="1" visible="true" changeset="1" timestamp="2025-04-30T20:13:59Z"><nd ref="775654612" /><nd ref="1345788901" /><nd ref="1345788900" /><tag k="highway" v="residential" /><tag k="oneway" v="no" /><tag k="name" v="Alkaranfil Sokağı" /></way><way id="119916963" uid="1" user="OSMnx" version="1" visible="true" changeset="1" timestamp="2025-04-30T20:13:59Z"><nd ref="1345788903" /><nd ref="1345788900" /><nd ref="1749644324" /><nd ref="1345788902" /><nd ref="1345786061" /><tag k="highway" v="residential" /><tag k="oneway" v="no" /><tag k="name" v="Al Karanfil Sokağı" /></way><way id="119917109" uid="1" user="OSMnx" version="1" visible="true" changeset="1" timestamp="2025-04-30T20:13:59Z"><nd ref="1926265472" /><nd ref="11126518860" /><nd ref="9742918658" /><nd ref="1345790061" /><nd ref="1926265573" /><nd ref="1345790063" /><nd ref="9841321898" /><nd ref="11126518859" /><nd ref="516044083" /><tag k="highway" v="secondary_link" /><tag k="oneway" v="yes" /></way><way id="152271741" uid="1" user="OSMnx" version="1" visible="true" changeset="1" timestamp="2025-04-30T20:13:59Z"><nd ref="1650919872" /><nd ref="2397000802" /><nd ref="355499275" /><nd ref="355499277" /><nd ref="11645073586" /><nd ref="1749721622" /><nd ref="355499279" /><nd ref="355499280" /><nd ref="355499281" /><nd ref="355499282" /><nd ref="355499283" /><nd ref="355499284" /><nd ref="355499285" /><tag k="highway" v="residential" /><tag k="oneway" v="no" /><tag k="name" v="Meltem Sokağı" /></way><way id="152271742" uid="1" user="OSMnx" version="1" visible="true" changeset="1" timestamp="2025-04-30T20:13:59Z"><nd ref="1650920021" /><nd ref="11137815261" /><nd ref="11124013858" /><nd ref="1758199207" /><nd ref="1650920039" /><nd ref="1650919990" /><tag k="maxspeed" v="70" /><tag k="highway" v="motorway_link" /><tag k="oneway" v="yes" /><tag k="bridge" v="yes" /><tag k="lanes" v="1" /><tag k="name" v="Levent Kavşağı" /></way><way id="152271744" uid="1" user="OSMnx" version="1" visible="true" changeset="1" timestamp="2025-04-30T20:13:59Z"><nd ref="1650919804" /><nd ref="11124013864" /><nd ref="11124013882" /><nd ref="1650919910" /><nd ref="1650920038" /><nd ref="1650919955" /><nd ref="1650920021" /><tag k="maxspeed" v="70" /><tag k="highway" v="motorway_link" /><tag k="oneway" v="yes" /><tag k="lanes" v="1" /><tag k="name" v="Levent Kavşağı" /></way><way id="152271746" uid="1" user="OSMnx" version="1" visible="true" changeset="1" timestamp="2025-04-30T20:13:59Z"><nd ref="251270686" /><nd ref="11124472164" /><nd ref="11124013890" /><nd ref="11639129643" /><nd ref="251270687" /><nd ref="11124013891" /><nd ref="11639129644" /><nd ref="251270688" /><nd ref="10155688974" /><nd ref="10155688976" /><nd ref="10155688978" /><tag k="maxspeed" v="70" /><tag k="highway" v="motorway_link" /><tag k="oneway" v="yes" /><tag k="lanes" v="1" /><tag k="name" v="Levent 2 Kavşağı" /></way><way id="152271747" uid="1" user="OSMnx" version="1" visible="true" changeset="1" timestamp="2025-04-30T20:13:59Z"><nd ref="1650920001" /><nd ref="1650919872" /><nd ref="1650920066" /><nd ref="2397000803" /><nd ref="355499274" /><nd ref="1678894720" /><nd ref="355499322" /><nd ref="1749723511" /><nd ref="1678894685" /><nd ref="1678894579" /><nd ref="1678894599" /><nd ref="11124472143" /><nd ref="355499323" /><tag k="highway" v="secondary" /><tag k="oneway" v="yes" /><tag k="name" v="Çilekli Caddesi" /></way><way id="152271750" uid="1" user="OSMnx" version="1" visible="true" changeset="1" timestamp="2025-04-30T20:13:59Z"><nd ref="251270833" /><nd ref="11639129630" /><nd ref="10155688965" /><nd ref="10155688959" /><nd ref="10155688966" /><nd ref="10155688960" /><nd ref="11639129627" /><nd ref="251150795" /><tag k="maxspeed" v="70" /><tag k="highway" v="motorway_link" /><tag k="oneway" v="yes" /><tag k="lanes" v="2" /><tag k="name" v="Levent 2 Kavşağı" /></way><way id="152271764" uid="1" user="OSMnx" version="1" visible="true" changeset="1" timestamp="2025-04-30T20:13:59Z"><nd ref="251270901" /><nd ref="10155689002" /><nd ref="11124013886" /><nd ref="251270831" /><nd ref="11124013887" /><nd ref="251270832" /><nd ref="10155688968" /><nd ref="251270833" /><tag k="maxspeed" v="70" /><tag k="highway" v="motorway_link" /><tag k="oneway" v="yes" /><tag k="lanes" v="2" /><tag k="name" v="Levent 1 Kavşağı" /></way><way id="152271766" uid="1" user="OSMnx" version="1" visible="true" changeset="1" timestamp="2025-04-30T20:13:59Z"><nd ref="11124013888" /><nd ref="11639129642" /><nd ref="11124013889" /><nd ref="251270686" /><tag k="tunnel" v="yes" /><tag k="maxspeed" v="70" /><tag k="highway" v="motorway_link" /><tag k="oneway" v="yes" /><tag k="lanes" v="1" /><tag k="name" v="Levent 2 Kavşağı" /></way><way id="154750120" uid="1" user="OSMnx" version="1" visible="true" changeset="1" timestamp="2025-04-30T20:13:59Z"><nd ref="516043894" /><nd ref="1672428789" /><nd ref="1672428794" /><tag k="highway" v="residential" /><tag k="oneway" v="no" /><tag k="name" v="12. Aralık Sokağı" /></way><way id="155494006" uid="1" user="OSMnx" version="1" visible="true" changeset="1" timestamp="2025-04-30T20:13:59Z"><nd ref="1678894683" /><nd ref="516043889" /><tag k="highway" v="secondary" /><tag k="oneway" v="yes" /><tag k="name" v="Çilekli Caddesi" /></way><way id="155495461" uid="1" user="OSMnx" version="1" visible="true" changeset="1" timestamp="2025-04-30T20:13:59Z"><nd ref="1678904566" /><nd ref="1678904529" /><nd ref="1678904546" /><nd ref="1678904550" /><nd ref="1678904548" /><tag k="highway" v="residential" /><tag k="oneway" v="no" /><tag k="name" v="Safran Sokağı" /></way><way id="159863857" uid="1" user="OSMnx" version="1" visible="true" changeset="1" timestamp="2025-04-30T20:13:59Z"><nd ref="1719551904" /><nd ref="1719551906" /><nd ref="1719551899" /><nd ref="1719551900" /><nd ref="1719551897" /><nd ref="1719551902" /><tag k="highway" v="residential" /><tag k="oneway" v="no" /><tag k="name" v="Güllü Sokağı" /></way><way id="163212141" uid="1" user="OSMnx" version="1" visible="true" changeset="1" timestamp="2025-04-30T20:13:59Z"><nd ref="2380794607" /><nd ref="4053760873" /><nd ref="11151482968" /><nd ref="1345779403" /><nd ref="582943203" /><nd ref="1749611355" /><nd ref="2380794566" /><nd ref="582943207" /><tag k="highway" v="tertiary" /><tag k="oneway" v="yes" /><tag k="name" v="Gonca Sokağı" /></way><way id="163213306" uid="1" user="OSMnx" version="1" visible="true" changeset="1" timestamp="2025-04-30T20:13:59Z"><nd ref="355686970" /><nd ref="1749621031" /><nd ref="775655382" /><nd ref="1749621026" /><nd ref="775654678" /><nd ref="1749621030" /><nd ref="1749621025" /><nd ref="1749621027" /><nd ref="1749621023" /><nd ref="1345788036" /><nd ref="1749720319" /><nd ref="10603366568" /><nd ref="1345788903" /><nd ref="1749621021" /><tag k="highway" v="residential" /><tag k="oneway" v="no" /><tag k="name" v="Karanfil Sokağı" /></way><way id="163213307" uid="1" user="OSMnx" version="1" visible="true" changeset="1" timestamp="2025-04-30T20:13:59Z"><nd ref="1749621036" /><nd ref="9363359990" /><nd ref="1749621029" /><nd ref="10603244184" /><nd ref="9360337847" /><nd ref="9360337861" /><nd ref="9360337860" /><nd ref="1345781866" /><tag k="highway" v="residential" /><tag k="oneway" v="yes" /><tag k="name" v="Üstzeren Sokağı" /></way><way id="163213308" uid="1" user="OSMnx" version="1" visible="true" changeset="1" timestamp="2025-04-30T20:13:59Z"><nd ref="1749621022" /><nd ref="1345788903" /><tag k="highway" v="residential" /><tag k="oneway" v="no" /></way><way id="163215978" uid="1" user="OSMnx" version="1" visible="true" changeset="1" timestamp="2025-04-30T20:13:59Z"><nd ref="1749646978" /><nd ref="1749646976" /><nd ref="1345787306" /><tag k="highway" v="residential" /><tag k="oneway" v="no" /><tag k="name" v="Sülünlü Sokağı" /></way><way id="163216373" uid="1" user="OSMnx" version="1" visible="true" changeset="1" timestamp="2025-04-30T20:13:59Z"><nd ref="1345787298" /><nd ref="1749649544" /><nd ref="1749649543" /><nd ref="1749649539" /><tag k="highway" v="residential" /><tag k="oneway" v="no" /><tag k="name" v="Tekirler Sokağı" /></way><way id="163216374" uid="1" user="OSMnx" version="1" visible="true" changeset="1" timestamp="2025-04-30T20:13:59Z"><nd ref="1749649539" /><nd ref="1749649541" /><tag k="highway" v="residential" /><tag k="oneway" v="no" /><tag k="name" v="Şenol Sokağı" /></way><way id="163216708" uid="1" user="OSMnx" version="1" visible="true" changeset="1" timestamp="2025-04-30T20:13:59Z"><nd ref="1749652832" /><nd ref="1749652828" /><nd ref="1749652837" /><nd ref="1749652849" /><nd ref="2394748657" /><tag k="highway" v="residential" /><tag k="oneway" v="no" /><tag k="name" v="Begonya Sokağı" /></way><way id="163216709" uid="1" user="OSMnx" version="1" visible="true" changeset="1" timestamp="2025-04-30T20:13:59Z"><nd ref="1749652818" /><nd ref="1749652844" /><nd ref="12715361385" /><nd ref="1749652838" /><nd ref="1749652825" /><nd ref="1749652822" /><nd ref="12715362854" /><nd ref="1749652842" /><nd ref="1749652824" /><nd ref="1749652845" /><nd ref="1749652821" /><nd ref="1749652830" /><nd ref="1749652831" /><nd ref="1749652819" /><tag k="highway" v="residential" /><tag k="oneway" v="no" /><tag k="name" v="Menekşeli Sokağı" /></way><way id="163216710" uid="1" user="OSMnx" version="1" visible="true" changeset="1" timestamp="2025-04-30T20:13:59Z"><nd ref="1749652834" /><nd ref="1749652818" /><nd ref="1749652827" /><tag k="highway" v="residential" /><tag k="oneway" v="no" /><tag k="name" v="Figen Sokağı" /></way><way id="163216711" uid="1" user="OSMnx" version="1" visible="true" changeset="1" timestamp="2025-04-30T20:13:59Z"><nd ref="1749652823" /><nd ref="1749652835" /><nd ref="1749652840" /><nd ref="1749652847" /><nd ref="1749652848" /><nd ref="775656615" /><tag k="highway" v="residential" /><tag k="oneway" v="no" /><tag k="name" v="Yolal Sokağı" /></way><way id="163216712" uid="1" user="OSMnx" version="1" visible="true" changeset="1" timestamp="2025-04-30T20:13:59Z"><nd ref="1749652838" /><nd ref="2394748667" /><nd ref="2394748673" /><nd ref="1749652841" /><tag k="highway" v="residential" /><tag k="oneway" v="no" /><tag k="name" v="Akasya Sokağı" /></way><way id="163216801" uid="1" user="OSMnx" version="1" visible="true" changeset="1" timestamp="2025-04-30T20:13:59Z"><nd ref="1749655628" /><nd ref="1749655635" /><nd ref="1749655634" /><nd ref="1749655632" /><nd ref="1749652819" /><tag k="highway" v="residential" /><tag k="oneway" v="no" /><tag k="name" v="Lavanta Sokağı" /></way><way id="163216802" uid="1" user="OSMnx" version="1" visible="true" changeset="1" timestamp="2025-04-30T20:13:59Z"><nd ref="516043972" /><nd ref="1749655630" /><nd ref="1749655626" /><nd ref="775655380" /><tag k="highway" v="residential" /><tag k="oneway" v="no" /><tag k="name" v="Zambaklı Sokağı" /></way><way id="163217077" uid="1" user="OSMnx" version="1" visible="true" changeset="1" timestamp="2025-04-30T20:13:59Z"><nd ref="1749656270" /><nd ref="1749656269" /><tag k="highway" v="residential" /><tag k="oneway" v="no" /></way><way id="163217251" uid="1" user="OSMnx" version="1" visible="true" changeset="1" timestamp="2025-04-30T20:13:59Z"><nd ref="1749658507" /><nd ref="1749658499" /><nd ref="1749658503" /><tag k="highway" v="residential" /><tag k="oneway" v="no" /><tag k="name" v="Bambu Sokağı" /></way><way id="163217252" uid="1" user="OSMnx" version="1" visible="true" changeset="1" timestamp="2025-04-30T20:13:59Z"><nd ref="775655461" /><nd ref="1749658505" /><nd ref="1749658501" /><nd ref="1749658497" /><nd ref="516043961" /><tag k="highway" v="residential" /><tag k="oneway" v="no" /><tag k="name" v="Şakayık Sokağı" /></way><way id="163218484" uid="1" user="OSMnx" version="1" visible="true" changeset="1" timestamp="2025-04-30T20:13:59Z"><nd ref="1749687458" /><nd ref="1719551904" /><tag k="highway" v="residential" /><tag k="oneway" v="no" /><tag k="name" v="Bambu Sokağı" /></way><way id="163218485" uid="1" user="OSMnx" version="1" visible="true" changeset="1" timestamp="2025-04-30T20:13:59Z"><nd ref="1749687466" /><nd ref="1719551899" /><tag k="highway" v="residential" /><tag k="oneway" v="no" /><tag k="name" v="Güllü Sokağı" /></way><way id="163218954" uid="1" user="OSMnx" version="1" visible="true" changeset="1" timestamp="2025-04-30T20:13:59Z"><nd ref="1719551902" /><nd ref="1749698840" /><nd ref="1749698836" /><nd ref="2394748701" /><tag k="highway" v="residential" /><tag k="oneway" v="no" /><tag k="name" v="Güllü Sokağı" /></way><way id="163218955" uid="1" user="OSMnx" version="1" visible="true" changeset="1" timestamp="2025-04-30T20:13:59Z"><nd ref="1749698832" /><nd ref="1749698838" /><nd ref="1749698827" /><nd ref="775655268" /><tag k="highway" v="residential" /><tag k="oneway" v="no" /></way><way id="163219785" uid="1" user="OSMnx" version="1" visible="true" changeset="1" timestamp="2025-04-30T20:13:59Z"><nd ref="1749720318" /><nd ref="1749720321" /><nd ref="1749720319" /><nd ref="1749720314" /><nd ref="1749720316" /><tag k="highway" v="residential" /><tag k="oneway" v="no" /><tag k="name" v="Yeşil Çimen Sokağı" /></way><way id="163219786" uid="1" user="OSMnx" version="1" visible="true" changeset="1" timestamp="2025-04-30T20:13:59Z"><nd ref="2394748650" /><nd ref="2394748649" /><nd ref="1749720320" /><nd ref="10603347618" /><nd ref="1749720323" /><nd ref="1345788032" /><nd ref="1345788031" /><tag k="highway" v="residential" /><tag k="oneway" v="no" /><tag k="name" v="Karanfil Aralığı Sokağı" /></way><way id="163219788" uid="1" user="OSMnx" version="1" visible="true" changeset="1" timestamp="2025-04-30T20:13:59Z"><nd ref="1345788034" /><nd ref="1749621023" /><tag k="highway" v="residential" /><tag k="oneway" v="no" /><tag k="name" v="Palmiye Sokağı" /></way><way id="163219789" uid="1" user="OSMnx" version="1" visible="true" changeset="1" timestamp="2025-04-30T20:13:59Z"><nd ref="1749720322" /><nd ref="1749621030" /><tag k="highway" v="residential" /><tag k="oneway" v="no" /><tag k="name" v="Zakkum Sokağı" /></way><way id="163220512" uid="1" user="OSMnx" version="1" visible="true" changeset="1" timestamp="2025-04-30T20:13:59Z"><nd ref="1749721621" /><nd ref="1749721612" /><nd ref="1749721623" /><nd ref="516043992" /><tag k="highway" v="residential" /><tag k="oneway" v="no" /></way><way id="163220517" uid="1" user="OSMnx" version="1" visible="true" changeset="1" timestamp="2025-04-30T20:13:59Z"><nd ref="1749721622" /><nd ref="1749721619" /><nd ref="1749721611" /><nd ref="1749721624" /><nd ref="1749721614" /><nd ref="2394748674" /><nd ref="1749721616" /><nd ref="1749721621" /><nd ref="1749721617" /><nd ref="516044011" /><tag k="highway" v="residential" /><tag k="oneway" v="no" /><tag k="name" v="Manolyalı Sokağı" /></way><way id="163221427" uid="1" user="OSMnx" version="1" visible="true" changeset="1" timestamp="2025-04-30T20:13:59Z"><nd ref="1678894685" /><nd ref="1749723520" /><nd ref="1749723539" /><tag k="highway" v="secondary" /><tag k="oneway" v="-1" /></way><way id="163221428" uid="1" user="OSMnx" version="1" visible="true" changeset="1" timestamp="2025-04-30T20:13:59Z"><nd ref="516044657" /><nd ref="1749723513" /><nd ref="1749723541" /><nd ref="1749723533" /><nd ref="1749723516" /><nd ref="1749723512" /><nd ref="1749723510" /><nd ref="355499275" /><tag k="highway" v="residential" /><tag k="oneway" v="yes" /><tag k="name" v="Beyaz Karanfil Sokağı" /></way><way id="163221430" uid="1" user="OSMnx" version="1" visible="true" changeset="1" timestamp="2025-04-30T20:13:59Z"><nd ref="1749723511" /><nd ref="1749723536" /><nd ref="1749723539" /><tag k="highway" v="secondary" /><tag k="oneway" v="no" /><tag k="name" v="Çamlık Caddesi" /></way><way id="163222473" uid="1" user="OSMnx" version="1" visible="true" changeset="1" timestamp="2025-04-30T20:13:59Z"><nd ref="516043973" /><nd ref="1749726747" /><nd ref="516043987" /><nd ref="2397000801" /><nd ref="516043992" /><nd ref="1749726743" /><nd ref="516044011" /><nd ref="4618539966" /><nd ref="3654693259" /><nd ref="5523700466" /><nd ref="5523700463" /><nd ref="516044016" /><nd ref="516044021" /><nd ref="1749726750" /><nd ref="2261060357" /><nd ref="1345787295" /><nd ref="1749720316" /><nd ref="516044042" /><nd ref="775654613" /><nd ref="1749621022" /><nd ref="1749621021" /><tag k="highway" v="residential" /><tag k="oneway" v="no" /><tag k="name" v="Çamlık Caddesi" /></way><way id="163222474" uid="1" user="OSMnx" version="1" visible="true" changeset="1" timestamp="2025-04-30T20:13:59Z"><nd ref="516044042" /><nd ref="1749726749" /><nd ref="6782156692" /><nd ref="6782156691" /><nd ref="1749726744" /><nd ref="1749726748" /><nd ref="6782156690" /><tag k="highway" v="secondary" /><tag k="oneway" v="yes" /></way><way id="163222475" uid="1" user="OSMnx" version="1" visible="true" changeset="1" timestamp="2025-04-30T20:13:59Z"><nd ref="516044793" /><nd ref="1749726745" /><nd ref="516043961" /><nd ref="1749726746" /><nd ref="1749726741" /><nd ref="11124472145" /><nd ref="1749726742" /><nd ref="355499323" /><tag k="highway" v="secondary" /><tag k="oneway" v="yes" /><tag k="name" v="Çamlık Caddesi" /></way><way id="163223421" uid="1" user="OSMnx" version="1" visible="true" changeset="1" timestamp="2025-04-30T20:13:59Z"><nd ref="1345779410" /><nd ref="1749730547" /><tag k="highway" v="residential" /><tag k="oneway" v="yes" /><tag k="name" v="Kasımpatı Sokağı" /></way><way id="163223422" uid="1" user="OSMnx" version="1" visible="true" changeset="1" timestamp="2025-04-30T20:13:59Z"><nd ref="1749730545" /><nd ref="1749730543" /><tag k="highway" v="residential" /><tag k="oneway" v="yes" /><tag k="name" v="İris Sokağı" /></way><way id="163223424" uid="1" user="OSMnx" version="1" visible="true" changeset="1" timestamp="2025-04-30T20:13:59Z"><nd ref="1749730549" /><nd ref="1749730551" /><tag k="highway" v="footway" /><tag k="oneway" v="no" /><tag k="name" v="Lavinya Sokağı" /></way><way id="164633747" uid="1" user="OSMnx" version="1" visible="true" changeset="1" timestamp="2025-04-30T20:13:59Z"><nd ref="1762465372" /><nd ref="1762465371" /><tag k="highway" v="residential" /><tag k="oneway" v="yes" /></way><way id="164633793" uid="1" user="OSMnx" version="1" visible="true" changeset="1" timestamp="2025-04-30T20:13:59Z"><nd ref="516043648" /><nd ref="516043626" /><tag k="highway" v="residential" /><tag k="oneway" v="yes" /></way><way id="164633795" uid="1" user="OSMnx" version="1" visible="true" changeset="1" timestamp="2025-04-30T20:13:59Z"><nd ref="516043634" /><nd ref="1762467234" /><tag k="highway" v="residential" /><tag k="oneway" v="yes" /></way><way id="182285766" uid="1" user="OSMnx" version="1" visible="true" changeset="1" timestamp="2025-04-30T20:13:59Z"><nd ref="516044095" /><nd ref="11126518893" /><nd ref="1926265358" /><nd ref="1926265529" /><nd ref="11126518869" /><nd ref="1926265388" /><nd ref="6782156690" /><nd ref="11126518898" /><nd ref="516044062" /><tag k="highway" v="secondary_link" /><tag k="oneway" v="yes" /></way><way id="205660004" uid="1" user="OSMnx" version="1" visible="true" changeset="1" timestamp="2025-04-30T20:13:59Z"><nd ref="251270438" /><nd ref="11124067007" /><nd ref="251270440" /><nd ref="11639129648" /><nd ref="11124067010" /><nd ref="11639129649" /><nd ref="11124067011" /><nd ref="11639129652" /><nd ref="251270441" /><nd ref="251270442" /><nd ref="11639129654" /><nd ref="11124013877" /><nd ref="251270443" /><nd ref="11639129655" /><nd ref="11124013880" /><nd ref="251270444" /><nd ref="11124013881" /><nd ref="251270445" /><nd ref="11124067012" /><nd ref="11639129658" /><tag k="maxspeed" v="70" /><tag k="highway" v="motorway_link" /><tag k="oneway" v="yes" /><tag k="lanes" v="2" /><tag k="name" v="Levent 1 Kavşağı" /></way><way id="216704270" uid="1" user="OSMnx" version="1" visible="true" changeset="1" timestamp="2025-04-30T20:13:59Z"><nd ref="2261060354" /><nd ref="2261060357" /><tag k="highway" v="residential" /><tag k="oneway" v="no" /></way><way id="216704278" uid="1" user="OSMnx" version="1" visible="true" changeset="1" timestamp="2025-04-30T20:13:59Z"><nd ref="1749649543" /><nd ref="1345787296" /><tag k="highway" v="residential" /><tag k="oneway" v="no" /></way><way id="216704282" uid="1" user="OSMnx" version="1" visible="true" changeset="1" timestamp="2025-04-30T20:13:59Z"><nd ref="1749621036" /><nd ref="9363359992" /><nd ref="2261060306" /><tag k="highway" v="footway" /><tag k="oneway" v="no" /><tag k="name" v="Nehir Sokağı" /></way><way id="216704283" uid="1" user="OSMnx" version="1" visible="true" changeset="1" timestamp="2025-04-30T20:13:59Z"><nd ref="2261060372" /><nd ref="2261060358" /><tag k="highway" v="residential" /><tag k="oneway" v="no" /></way><way id="216704300" uid="1" user="OSMnx" version="1" visible="true" changeset="1" timestamp="2025-04-30T20:13:59Z"><nd ref="2261060374" /><nd ref="2261060359" /><tag k="highway" v="residential" /><tag k="oneway" v="no" /></way><way id="216704329" uid="1" user="OSMnx" version="1" visible="true" changeset="1" timestamp="2025-04-30T20:13:59Z"><nd ref="2262297052" /><nd ref="2262297055" /><nd ref="2262297057" /><nd ref="2262297059" /><nd ref="2262297063" /><nd ref="2262297065" /><nd ref="2262297061" /><nd ref="2261060377" /><nd ref="2261060351" /><nd ref="2261060347" /><nd ref="2262297052" /><tag k="highway" v="residential" /><tag k="oneway" v="no" /></way><way id="216913459" uid="1" user="OSMnx" version="1" visible="true" changeset="1" timestamp="2025-04-30T20:13:59Z"><nd ref="2262297083" /><nd ref="2262297085" /><tag k="highway" v="residential" /><tag k="oneway" v="no" /></way><way id="216913462" uid="1" user="OSMnx" version="1" visible="true" changeset="1" timestamp="2025-04-30T20:13:59Z"><nd ref="2262297100" /><nd ref="2262297098" /><tag k="highway" v="service" /><tag k="oneway" v="no" /></way><way id="218081915" uid="1" user="OSMnx" version="1" visible="true" changeset="1" timestamp="2025-04-30T20:13:59Z"><nd ref="2261060347" /><nd ref="775654111" /><tag k="highway" v="residential" /><tag k="oneway" v="no" /></way><way id="227612566" uid="1" user="OSMnx" version="1" visible="true" changeset="1" timestamp="2025-04-30T20:13:59Z"><nd ref="516044234" /><nd ref="2397000784" /><nd ref="516044486" /><nd ref="516044507" /><nd ref="516044516" /><nd ref="11124472140" /><nd ref="11124472139" /><nd ref="11124472138" /><nd ref="251270741" /><tag k="highway" v="residential" /><tag k="oneway" v="yes" /></way><way id="227612567" uid="1" user="OSMnx" version="1" visible="true" changeset="1" timestamp="2025-04-30T20:13:59Z"><nd ref="516044234" /><nd ref="11124472156" /><nd ref="2397000775" /><nd ref="11126518905" /><nd ref="516044225" /><nd ref="11124472157" /><nd ref="516044218" /><nd ref="516044210" /><nd ref="516044200" /><nd ref="516044196" /><nd ref="516044189" /><nd ref="11126518889" /><nd ref="516044180" /><nd ref="516044164" /><nd ref="11126518888" /><nd ref="11126518887" /><nd ref="11126518886" /><nd ref="11126518885" /><nd ref="11126518884" /><nd ref="11126518883" /><nd ref="11126518874" /><tag k="highway" v="residential" /><tag k="oneway" v="yes" /></way><way id="227612571" uid="1" user="OSMnx" version="1" visible="true" changeset="1" timestamp="2025-04-30T20:13:59Z"><nd ref="251150663" /><nd ref="11126518861" /><nd ref="11126518862" /><nd ref="11126518863" /><nd ref="11635345257" /><nd ref="10155688930" /><nd ref="11635345256" /><nd ref="7795361020" /><nd ref="11126518864" /><nd ref="516044082" /><nd ref="2261060325" /><nd ref="10155688939" /><nd ref="10155688938" /><nd ref="516044083" /><tag k="highway" v="secondary_link" /><tag k="oneway" v="yes" /></way><way id="229486650" uid="1" user="OSMnx" version="1" visible="true" changeset="1" timestamp="2025-04-30T20:13:59Z"><nd ref="2380794607" /><nd ref="11151482969" /><nd ref="10817703777" /><nd ref="1345771857" /><tag k="highway" v="tertiary" /><tag k="oneway" v="no" /></way><way id="229486687" uid="1" user="OSMnx" version="1" visible="true" changeset="1" timestamp="2025-04-30T20:13:59Z"><nd ref="2380794565" /><nd ref="11137847436" /><nd ref="2380794567" /><nd ref="2380794572" /><nd ref="4053760869" /><nd ref="2380794588" /><nd ref="11151482967" /><nd ref="11151482966" /><nd ref="2380794607" /><tag k="highway" v="tertiary" /><tag k="oneway" v="yes" /><tag k="name" v="Gonca Sokağı" /></way><way id="231054890" uid="1" user="OSMnx" version="1" visible="true" changeset="1" timestamp="2025-04-30T20:13:59Z"><nd ref="11124013873" /><nd ref="1678894695" /><nd ref="11124013868" /><nd ref="11124013869" /><nd ref="1678894728" /><tag k="highway" v="secondary" /><tag k="oneway" v="yes" /><tag k="lanes" v="2" /><tag k="name" v="Uğur Mumcu Caddesi" /></way><way id="231054923" uid="1" user="OSMnx" version="1" visible="true" changeset="1" timestamp="2025-04-30T20:13:59Z"><nd ref="1678894728" /><nd ref="11124013865" /><nd ref="11124013866" /><nd ref="11124013867" /><nd ref="11124013870" /><nd ref="2394717209" /><nd ref="11124013871" /><tag k="highway" v="secondary" /><tag k="oneway" v="yes" /><tag k="lanes" v="1" /></way><way id="231059873" uid="1" user="OSMnx" version="1" visible="true" changeset="1" timestamp="2025-04-30T20:13:59Z"><nd ref="775655559" /><nd ref="775655560" /><nd ref="775655561" /><nd ref="1678904528" /><nd ref="1678904541" /><nd ref="1678904574" /><nd ref="1678904543" /><nd ref="1678904512" /><nd ref="1678904573" /><nd ref="775655625" /><tag k="highway" v="residential" /><tag k="oneway" v="yes" /><tag k="name" v="Fulyalı Sokak" /></way><way id="231059874" uid="1" user="OSMnx" version="1" visible="true" changeset="1" timestamp="2025-04-30T20:13:59Z"><nd ref="775655650" /><nd ref="775655649" /><nd ref="775655647" /><nd ref="775655646" /><nd ref="1749698832" /><tag k="highway" v="residential" /><tag k="oneway" v="yes" /><tag k="name" v="Gazeteci Ümit Deniz Sokak" /></way><way id="231059876" uid="1" user="OSMnx" version="1" visible="true" changeset="1" timestamp="2025-04-30T20:13:59Z"><nd ref="775655625" /><nd ref="2394748699" /><nd ref="2394748701" /><tag k="highway" v="residential" /><tag k="oneway" v="yes" /><tag k="name" v="Güllü Sokak" /></way><way id="231059877" uid="1" user="OSMnx" version="1" visible="true" changeset="1" timestamp="2025-04-30T20:13:59Z"><nd ref="1345787295" /><nd ref="1345787300" /><nd ref="1345788034" /><nd ref="1345787307" /><nd ref="1345788042" /><nd ref="4618539964" /><nd ref="1749720322" /><nd ref="1345787303" /><tag k="highway" v="residential" /><tag k="oneway" v="yes" /><tag k="name" v="Hacı Adil Caddesi" /></way><way id="231059878" uid="1" user="OSMnx" version="1" visible="true" changeset="1" timestamp="2025-04-30T20:13:59Z"><nd ref="775654678" /><nd ref="1345788038" /><tag k="highway" v="residential" /><tag k="oneway" v="yes" /><tag k="name" v="Mor Karanfil Sokak" /></way><way id="231059879" uid="1" user="OSMnx" version="1" visible="true" changeset="1" timestamp="2025-04-30T20:13:59Z"><nd ref="775654539" /><nd ref="2394748662" /><nd ref="775654540" /><nd ref="2394748664" /><nd ref="355686970" /><tag k="highway" v="residential" /><tag k="oneway" v="no" /><tag k="name" v="Sümbül Sokağı" /></way><way id="231059880" uid="1" user="OSMnx" version="1" visible="true" changeset="1" timestamp="2025-04-30T20:13:59Z"><nd ref="355687140" /><nd ref="1678894582" /><nd ref="1678894739" /><nd ref="775655279" /><nd ref="1678894766" /><nd ref="1678894712" /><nd ref="1650919804" /><nd ref="1678894728" /><tag k="highway" v="secondary" /><tag k="oneway" v="no" /><tag k="name" v="Uğur Mumcu Caddesi" /></way><way id="231059881" uid="1" user="OSMnx" version="1" visible="true" changeset="1" timestamp="2025-04-30T20:13:59Z"><nd ref="1345787298" /><nd ref="1749649539" /><nd ref="775654683" /><nd ref="1345787293" /><nd ref="775654685" /><nd ref="1345787306" /><nd ref="775654686" /><nd ref="3392178766" /><nd ref="582943241" /><tag k="highway" v="residential" /><tag k="oneway" v="no" /><tag k="name" v="Yeni Sülün Sokak" /></way><way id="231059884" uid="1" user="OSMnx" version="1" visible="true" changeset="1" timestamp="2025-04-30T20:13:59Z"><nd ref="2394748667" /><nd ref="2394748671" /><nd ref="2394748676" /><nd ref="2394748682" /><nd ref="2394748686" /><nd ref="2394748687" /><tag k="highway" v="unclassified" /><tag k="oneway" v="no" /></way><way id="231059885" uid="1" user="OSMnx" version="1" visible="true" changeset="1" timestamp="2025-04-30T20:13:59Z"><nd ref="355687140" /><nd ref="516043885" /><tag k="highway" v="secondary" /><tag k="oneway" v="yes" /></way><way id="231059886" uid="1" user="OSMnx" version="1" visible="true" changeset="1" timestamp="2025-04-30T20:13:59Z"><nd ref="2394748664" /><nd ref="2394748672" /><tag k="highway" v="residential" /><tag k="oneway" v="no" /><tag k="name" v="Emel Sokağı" /></way><way id="231059887" uid="1" user="OSMnx" version="1" visible="true" changeset="1" timestamp="2025-04-30T20:13:59Z"><nd ref="1678904518" /><nd ref="355686974" /><tag k="highway" v="residential" /><tag k="oneway" v="yes" /></way><way id="231059888" uid="1" user="OSMnx" version="1" visible="true" changeset="1" timestamp="2025-04-30T20:13:59Z"><nd ref="2394748689" /><nd ref="2394748683" /><tag k="highway" v="unclassified" /><tag k="oneway" v="no" /></way><way id="231059889" uid="1" user="OSMnx" version="1" visible="true" changeset="1" timestamp="2025-04-30T20:13:59Z"><nd ref="1345788038" /><nd ref="2394748662" /><tag k="highway" v="residential" /><tag k="oneway" v="no" /><tag k="name" v="Sümbül Sokağı" /></way><way id="231059891" uid="1" user="OSMnx" version="1" visible="true" changeset="1" timestamp="2025-04-30T20:13:59Z"><nd ref="2394748673" /><nd ref="2394748666" /><tag k="highway" v="residential" /><tag k="oneway" v="no" /><tag k="name" v="Krizantem Sokağı" /></way><way id="231059892" uid="1" user="OSMnx" version="1" visible="true" changeset="1" timestamp="2025-04-30T20:13:59Z"><nd ref="2394748707" /><nd ref="775655548" /><tag k="highway" v="residential" /><tag k="oneway" v="no" /></way><way id="231059893" uid="1" user="OSMnx" version="1" visible="true" changeset="1" timestamp="2025-04-30T20:13:59Z"><nd ref="516043885" /><nd ref="1678894683" /><tag k="highway" v="secondary" /><tag k="oneway" v="yes" /></way><way id="231059894" uid="1" user="OSMnx" version="1" visible="true" changeset="1" timestamp="2025-04-30T20:13:59Z"><nd ref="2394748674" /><nd ref="516043987" /><tag k="highway" v="residential" /><tag k="oneway" v="no" /></way><way id="231059895" uid="1" user="OSMnx" version="1" visible="true" changeset="1" timestamp="2025-04-30T20:13:59Z"><nd ref="2394748701" /><nd ref="2394748700" /><tag k="highway" v="residential" /><tag k="oneway" v="no" /></way><way id="231059899" uid="1" user="OSMnx" version="1" visible="true" changeset="1" timestamp="2025-04-30T20:13:59Z"><nd ref="2394748706" /><nd ref="2394748703" /><nd ref="2394748702" /><nd ref="775655559" /><tag k="highway" v="residential" /><tag k="oneway" v="no" /><tag k="name" v="Fulyalı Sokağı" /></way><way id="231059904" uid="1" user="OSMnx" version="1" visible="true" changeset="1" timestamp="2025-04-30T20:13:59Z"><nd ref="2394748675" /><nd ref="2394748678" /><nd ref="2394748668" /><nd ref="2394748660" /><nd ref="2394748661" /><tag k="highway" v="unclassified" /><tag k="oneway" v="no" /></way><way id="231059905" uid="1" user="OSMnx" version="1" visible="true" changeset="1" timestamp="2025-04-30T20:13:59Z"><nd ref="1345787298" /><nd ref="2394748653" /><nd ref="1749652834" /><nd ref="2394748663" /><nd ref="2394748670" /><nd ref="2394748672" /><tag k="highway" v="residential" /><tag k="oneway" v="yes" /></way><way id="231059906" uid="1" user="OSMnx" version="1" visible="true" changeset="1" timestamp="2025-04-30T20:13:59Z"><nd ref="2394748672" /><nd ref="2394748669" /><nd ref="1749652832" /><nd ref="2394748657" /><nd ref="2394748652" /><nd ref="1345787298" /><tag k="highway" v="residential" /><tag k="oneway" v="yes" /></way><way id="231059908" uid="1" user="OSMnx" version="1" visible="true" changeset="1" timestamp="2025-04-30T20:13:59Z"><nd ref="2394748697" /><nd ref="2394748696" /><nd ref="2394748693" /><nd ref="2394748694" /><nd ref="2394748695" /><nd ref="2394748690" /><nd ref="775654779" /><tag k="highway" v="unclassified" /><tag k="oneway" v="no" /><tag k="name" v="Ülgen Sokağı" /></way><way id="231059909" uid="1" user="OSMnx" version="1" visible="true" changeset="1" timestamp="2025-04-30T20:13:59Z"><nd ref="516043634" /><nd ref="1762465371" /><nd ref="516043635" /><nd ref="516043636" /><tag k="highway" v="tertiary" /><tag k="oneway" v="yes" /></way><way id="231059910" uid="1" user="OSMnx" version="1" visible="true" changeset="1" timestamp="2025-04-30T20:13:59Z"><nd ref="2394748679" /><nd ref="2394748678" /><nd ref="2394748685" /><nd ref="2394748692" /><nd ref="2394748694" /><nd ref="2394748697" /><nd ref="2394748698" /><nd ref="2394748699" /><tag k="highway" v="unclassified" /><tag k="oneway" v="no" /></way><way id="231059911" uid="1" user="OSMnx" version="1" visible="true" changeset="1" timestamp="2025-04-30T20:13:59Z"><nd ref="2394748681" /><nd ref="2394748677" /><nd ref="2394748675" /><nd ref="2394748665" /><nd ref="2394748659" /><nd ref="2394748658" /><nd ref="2394748654" /><nd ref="2394748655" /><tag k="highway" v="unclassified" /><tag k="oneway" v="no" /></way><way id="231059912" uid="1" user="OSMnx" version="1" visible="true" changeset="1" timestamp="2025-04-30T20:13:59Z"><nd ref="1749723539" /><nd ref="1749723509" /><nd ref="1749723518" /><nd ref="1749723531" /><nd ref="1749723535" /><nd ref="1749723540" /><nd ref="5362782873" /><nd ref="1749723537" /><nd ref="1749723538" /><nd ref="1749723514" /><nd ref="516044753" /><tag k="highway" v="secondary" /><tag k="oneway" v="yes" /><tag k="name" v="Çamlık Caddesi" /></way><way id="231059913" uid="1" user="OSMnx" version="1" visible="true" changeset="1" timestamp="2025-04-30T20:13:59Z"><nd ref="1678894683" /><nd ref="775655338" /><nd ref="1678894665" /><nd ref="1678894659" /><nd ref="1678894661" /><nd ref="1678894716" /><nd ref="355499323" /><tag k="highway" v="secondary" /><tag k="oneway" v="no" /><tag k="name" v="Çilekli Caddesi" /></way><way id="231059914" uid="1" user="OSMnx" version="1" visible="true" changeset="1" timestamp="2025-04-30T20:13:59Z"><nd ref="775655268" /><nd ref="775655270" /><nd ref="775655271" /><nd ref="775655272" /><nd ref="775655273" /><nd ref="2394748700" /><nd ref="775655275" /><nd ref="775654779" /><nd ref="775654780" /><nd ref="775654782" /><nd ref="775654784" /><nd ref="775654788" /><nd ref="2394748661" /><nd ref="775654789" /><nd ref="775654791" /><nd ref="775654795" /><nd ref="775654797" /><tag k="highway" v="residential" /><tag k="oneway" v="no" /><tag k="name" v="Ülgen Sokak" /></way><way id="231067727" uid="1" user="OSMnx" version="1" visible="true" changeset="1" timestamp="2025-04-30T20:13:59Z"><nd ref="775654791" /><nd ref="9360337849" /><nd ref="9360337850" /><nd ref="9360337851" /><nd ref="9360337852" /><nd ref="9360337853" /><nd ref="1345781866" /><nd ref="962091105" /><nd ref="9360337854" /><nd ref="9360337855" /><nd ref="9360337859" /><nd ref="9360337858" /><nd ref="9360337857" /><nd ref="9360337856" /><nd ref="1345781359" /><nd ref="10603430934" /><nd ref="1345781353" /><nd ref="9363359991" /><nd ref="1749621036" /><tag k="highway" v="residential" /><tag k="oneway" v="yes" /><tag k="name" v="Altzeren Sokağı" /></way><way id="231167970" uid="1" user="OSMnx" version="1" visible="true" changeset="1" timestamp="2025-04-30T20:13:59Z"><nd ref="1749720318" /><nd ref="1345788900" /><tag k="highway" v="residential" /><tag k="oneway" v="no" /><tag k="name" v="Yeşil Çimen Sokak" /></way><way id="231167973" uid="1" user="OSMnx" version="1" visible="true" changeset="1" timestamp="2025-04-30T20:13:59Z"><nd ref="9360337880" /><nd ref="9360337881" /><nd ref="2395783719" /><nd ref="2395783721" /><tag k="highway" v="footway" /><tag k="oneway" v="no" /><tag k="name" v="Çarşıarkası Sokağı" /></way><way id="231167974" uid="1" user="OSMnx" version="1" visible="true" changeset="1" timestamp="2025-04-30T20:13:59Z"><nd ref="2395783724" /><nd ref="2395783722" /><nd ref="2395783720" /><tag k="highway" v="footway" /><tag k="oneway" v="no" /><tag k="name" v="Ballı Sokağı" /></way><way id="231167981" uid="1" user="OSMnx" version="1" visible="true" changeset="1" timestamp="2025-04-30T20:13:59Z"><nd ref="2395783729" /><nd ref="2395783733" /><nd ref="2395783736" /><nd ref="2395783737" /><tag k="highway" v="footway" /><tag k="oneway" v="no" /><tag k="name" v="Geyikli Sokağı" /></way><way id="231293724" uid="1" user="OSMnx" version="1" visible="true" changeset="1" timestamp="2025-04-30T20:13:59Z"><nd ref="355499323" /><nd ref="2397000813" /><nd ref="2397000812" /><nd ref="2397000811" /><nd ref="2397000809" /><nd ref="2397000806" /><nd ref="2397000805" /><nd ref="2397000804" /><tag k="highway" v="secondary" /><tag k="oneway" v="yes" /></way><way id="231304739" uid="1" user="OSMnx" version="1" visible="true" changeset="1" timestamp="2025-04-30T20:13:59Z"><nd ref="516044269" /><nd ref="2397000781" /><nd ref="516044277" /><nd ref="516044287" /><nd ref="516044296" /><nd ref="516044306" /><nd ref="2261060374" /><nd ref="516044311" /><nd ref="2261060372" /><nd ref="516044321" /><nd ref="516044021" /><tag k="highway" v="residential" /><tag k="oneway" v="yes" /></way><way id="231304744" uid="1" user="OSMnx" version="1" visible="true" changeset="1" timestamp="2025-04-30T20:13:59Z"><nd ref="516044269" /><nd ref="516044234" /><tag k="highway" v="residential" /><tag k="oneway" v="no" /></way><way id="231304745" uid="1" user="OSMnx" version="1" visible="true" changeset="1" timestamp="2025-04-30T20:13:59Z"><nd ref="1678894685" /><nd ref="2397000811" /><tag k="highway" v="secondary" /><tag k="oneway" v="no" /></way><way id="231304746" uid="1" user="OSMnx" version="1" visible="true" changeset="1" timestamp="2025-04-30T20:13:59Z"><nd ref="2397000802" /><nd ref="11645073572" /><nd ref="355499274" /><tag k="highway" v="residential" /><tag k="oneway" v="no" /></way><way id="231304748" uid="1" user="OSMnx" version="1" visible="true" changeset="1" timestamp="2025-04-30T20:13:59Z"><nd ref="2397000774" /><nd ref="2261060372" /><tag k="highway" v="residential" /><tag k="oneway" v="no" /></way><way id="231304753" uid="1" user="OSMnx" version="1" visible="true" changeset="1" timestamp="2025-04-30T20:13:59Z"><nd ref="1749720318" /><nd ref="2397000771" /><tag k="highway" v="residential" /><tag k="oneway" v="no" /><tag k="name" v="Yosun Sokağı" /></way><way id="231304760" uid="1" user="OSMnx" version="1" visible="true" changeset="1" timestamp="2025-04-30T20:13:59Z"><nd ref="516044486" /><nd ref="11124472155" /><nd ref="2397000778" /><nd ref="2397000777" /><nd ref="2397000776" /><nd ref="2397000775" /><tag k="highway" v="residential" /><tag k="oneway" v="yes" /></way><way id="231304763" uid="1" user="OSMnx" version="1" visible="true" changeset="1" timestamp="2025-04-30T20:13:59Z"><nd ref="2397000784" /><nd ref="2397000790" /><nd ref="2397000794" /><nd ref="2397000799" /><nd ref="2397000798" /><nd ref="2397000797" /><nd ref="516044269" /><tag k="highway" v="unclassified" /><tag k="oneway" v="yes" /></way><way id="242803582" uid="1" user="OSMnx" version="1" visible="true" changeset="1" timestamp="2025-04-30T20:13:59Z"><nd ref="2502578374" /><nd ref="12211140529" /><tag k="tunnel" v="yes" /><tag k="highway" v="secondary" /><tag k="oneway" v="no" /></way><way id="242803945" uid="1" user="OSMnx" version="1" visible="true" changeset="1" timestamp="2025-04-30T20:13:59Z"><nd ref="2502581418" /><nd ref="11126518892" /><nd ref="11126518865" /><nd ref="1926265472" /><tag k="highway" v="secondary" /><tag k="oneway" v="yes" /></way><way id="402978866" uid="1" user="OSMnx" version="1" visible="true" changeset="1" timestamp="2025-04-30T20:13:59Z"><nd ref="4053740070" /><nd ref="4053740073" /><nd ref="4053740075" /><tag k="highway" v="service" /><tag k="oneway" v="no" /></way><way id="402981180" uid="1" user="OSMnx" version="1" visible="true" changeset="1" timestamp="2025-04-30T20:13:59Z"><nd ref="1749611355" /><nd ref="582943235" /><tag k="highway" v="service" /><tag k="oneway" v="no" /></way><way id="402983653" uid="1" user="OSMnx" version="1" visible="true" changeset="1" timestamp="2025-04-30T20:13:59Z"><nd ref="2380794549" /><nd ref="4053781503" /><nd ref="4053781504" /><nd ref="11137847406" /><nd ref="11137847433" /><nd ref="4053781511" /><nd ref="11137847407" /><nd ref="4053781512" /><nd ref="539133137" /><tag k="highway" v="service" /><tag k="oneway" v="yes" /></way><way id="402984220" uid="1" user="OSMnx" version="1" visible="true" changeset="1" timestamp="2025-04-30T20:13:59Z"><nd ref="4053785533" /><nd ref="4053785531" /><nd ref="4053785525" /><tag k="highway" v="service" /><tag k="oneway" v="no" /></way><way id="402984221" uid="1" user="OSMnx" version="1" visible="true" changeset="1" timestamp="2025-04-30T20:13:59Z"><nd ref="4053785527" /><nd ref="4053785533" /><nd ref="4053785534" /><nd ref="4053785535" /><tag k="highway" v="service" /><tag k="oneway" v="no" /></way><way id="403175992" uid="1" user="OSMnx" version="1" visible="true" changeset="1" timestamp="2025-04-30T20:13:59Z"><nd ref="4055521028" /><nd ref="4055521033" /><tag k="highway" v="footway" /><tag k="oneway" v="no" /></way><way id="403175993" uid="1" user="OSMnx" version="1" visible="true" changeset="1" timestamp="2025-04-30T20:13:59Z"><nd ref="4055521040" /><nd ref="4055521039" /><nd ref="4055521037" /><nd ref="4055521033" /><tag k="highway" v="footway" /><tag k="oneway" v="no" /></way><way id="403175994" uid="1" user="OSMnx" version="1" visible="true" changeset="1" timestamp="2025-04-30T20:13:59Z"><nd ref="4055521035" /><nd ref="4055521038" /><nd ref="4055521040" /><nd ref="4055521041" /><nd ref="4055521042" /><nd ref="4618539965" /><tag k="highway" v="footway" /><tag k="oneway" v="no" /></way><way id="403175995" uid="1" user="OSMnx" version="1" visible="true" changeset="1" timestamp="2025-04-30T20:13:59Z"><nd ref="4618539966" /><nd ref="3802295863" /><nd ref="4055521027" /><nd ref="4055521028" /><nd ref="4055521029" /><nd ref="4055521030" /><nd ref="1749726743" /><tag k="highway" v="footway" /><tag k="oneway" v="no" /></way><way id="403175996" uid="1" user="OSMnx" version="1" visible="true" changeset="1" timestamp="2025-04-30T20:13:59Z"><nd ref="4055521029" /><nd ref="4055521034" /><nd ref="4055521035" /><nd ref="4055521036" /><nd ref="4055521033" /><nd ref="4055521031" /><nd ref="4055521032" /><tag k="highway" v="footway" /><tag k="oneway" v="no" /></way><way id="442460547" uid="1" user="OSMnx" version="1" visible="true" changeset="1" timestamp="2025-04-30T20:13:59Z"><nd ref="2394748687" /><nd ref="2394748689" /><nd ref="2394748691" /><nd ref="2394748688" /><nd ref="2394748679" /><tag k="highway" v="unclassified" /><tag k="oneway" v="no" /></way><way id="442460548" uid="1" user="OSMnx" version="1" visible="true" changeset="1" timestamp="2025-04-30T20:13:59Z"><nd ref="2394748679" /><nd ref="2394748681" /><nd ref="2394748684" /><nd ref="2394748683" /><nd ref="2394748680" /><nd ref="2394748687" /><tag k="highway" v="unclassified" /><tag k="oneway" v="no" /></way><way id="461895031" uid="1" user="OSMnx" version="1" visible="true" changeset="1" timestamp="2025-04-30T20:13:59Z"><nd ref="4053774755" /><nd ref="9828214510" /><tag k="highway" v="steps" /><tag k="oneway" v="no" /></way><way id="467205273" uid="1" user="OSMnx" version="1" visible="true" changeset="1" timestamp="2025-04-30T20:13:59Z"><nd ref="4055521032" /><nd ref="4618539964" /><tag k="highway" v="footway" /><tag k="oneway" v="no" /></way><way id="491757985" uid="1" user="OSMnx" version="1" visible="true" changeset="1" timestamp="2025-04-30T20:13:59Z"><nd ref="251270742" /><nd ref="11124013897" /><nd ref="10155688953" /><nd ref="10155688954" /><nd ref="10155688955" /><nd ref="4838436252" /><nd ref="11175226087" /><nd ref="4838436253" /><nd ref="4838436254" /><nd ref="4838436255" /><nd ref="4838436256" /><nd ref="10155688956" /><nd ref="4838436259" /><nd ref="4838436257" /><nd ref="4838436258" /><nd ref="10155688964" /><nd ref="10155688967" /><nd ref="251270833" /><tag k="maxspeed" v="50" /><tag k="highway" v="motorway_link" /><tag k="oneway" v="yes" /><tag k="lanes" v="1" /><tag k="name" v="Levent 2 Kavşağı" /></way><way id="575706751" uid="1" user="OSMnx" version="1" visible="true" changeset="1" timestamp="2025-04-30T20:13:59Z"><nd ref="5523700463" /><nd ref="5523700464" /><nd ref="5523700465" /><nd ref="5523700466" /><tag k="highway" v="path" /><tag k="oneway" v="no" /></way><way id="828782141" uid="1" user="OSMnx" version="1" visible="true" changeset="1" timestamp="2025-04-30T20:13:59Z"><nd ref="251270786" /><nd ref="11139037531" /><nd ref="251150822" /><nd ref="9755288668" /><nd ref="11137847440" /><nd ref="251150823" /><nd ref="251150824" /><nd ref="10155689000" /><nd ref="251150825" /><nd ref="11635345259" /><nd ref="251150826" /><tag k="maxspeed" v="70" /><tag k="highway" v="primary" /><tag k="oneway" v="yes" /><tag k="lanes" v="3" /><tag k="name" v="Büyükdere Caddesi" /></way><way id="835129060" uid="1" user="OSMnx" version="1" visible="true" changeset="1" timestamp="2025-04-30T20:13:59Z"><nd ref="2531803919" /><nd ref="7795361018" /><tag k="highway" v="steps" /><tag k="oneway" v="no" /></way><way id="835129061" uid="1" user="OSMnx" version="1" visible="true" changeset="1" timestamp="2025-04-30T20:13:59Z"><nd ref="2531803919" /><nd ref="7795361019" /><nd ref="7795361020" /><tag k="highway" v="footway" /><tag k="oneway" v="no" /></way><way id="835129063" uid="1" user="OSMnx" version="1" visible="true" changeset="1" timestamp="2025-04-30T20:13:59Z"><nd ref="7795361022" /><nd ref="4573326655" /><nd ref="6929906134" /><tag k="tunnel" v="yes" /><tag k="highway" v="footway" /><tag k="oneway" v="no" /></way><way id="835129064" uid="1" user="OSMnx" version="1" visible="true" changeset="1" timestamp="2025-04-30T20:13:59Z"><nd ref="4053774755" /><nd ref="10817703776" /><nd ref="4053774754" /><tag k="highway" v="footway" /><tag k="oneway" v="no" /></way><way id="835129086" uid="1" user="OSMnx" version="1" visible="true" changeset="1" timestamp="2025-04-30T20:13:59Z"><nd ref="7795361018" /><nd ref="7795361063" /><nd ref="7795361064" /><tag k="tunnel" v="yes" /><tag k="highway" v="footway" /><tag k="oneway" v="no" /></way><way id="835129114" uid="1" user="OSMnx" version="1" visible="true" changeset="1" timestamp="2025-04-30T20:13:59Z"><nd ref="10922703458" /><nd ref="7795379129" /><nd ref="7795379130" /><nd ref="7795379131" /><tag k="tunnel" v="yes" /><tag k="highway" v="footway" /><tag k="oneway" v="no" /></way><way id="835129115" uid="1" user="OSMnx" version="1" visible="true" changeset="1" timestamp="2025-04-30T20:13:59Z"><nd ref="7795379131" /><nd ref="7795379132" /><tag k="tunnel" v="yes" /><tag k="highway" v="steps" /><tag k="oneway" v="no" /></way><way id="835129116" uid="1" user="OSMnx" version="1" visible="true" changeset="1" timestamp="2025-04-30T20:13:59Z"><nd ref="7795379132" /><nd ref="7795379133" /><tag k="tunnel" v="yes" /><tag k="highway" v="footway" /><tag k="oneway" v="no" /></way><way id="835129117" uid="1" user="OSMnx" version="1" visible="true" changeset="1" timestamp="2025-04-30T20:13:59Z"><nd ref="7795379133" /><nd ref="7795379134" /><tag k="tunnel" v="yes" /><tag k="highway" v="steps" /><tag k="oneway" v="no" /></way><way id="835129118" uid="1" user="OSMnx" version="1" visible="true" changeset="1" timestamp="2025-04-30T20:13:59Z"><nd ref="7795379134" /><nd ref="7795379135" /><nd ref="7795379136" /><nd ref="7795379137" /><nd ref="7795379138" /><nd ref="7795379139" /><tag k="tunnel" v="yes" /><tag k="highway" v="footway" /><tag k="oneway" v="no" /></way><way id="835129119" uid="1" user="OSMnx" version="1" visible="true" changeset="1" timestamp="2025-04-30T20:13:59Z"><nd ref="7795379137" /><nd ref="7795379140" /><tag k="highway" v="steps" /><tag k="oneway" v="no" /></way><way id="836155938" uid="1" user="OSMnx" version="1" visible="true" changeset="1" timestamp="2025-04-30T20:13:59Z"><nd ref="6782157914" /><nd ref="6782157915" /><nd ref="11126518856" /><nd ref="2397012357" /><tag k="highway" v="primary_link" /><tag k="oneway" v="yes" /></way><way id="836155939" uid="1" user="OSMnx" version="1" visible="true" changeset="1" timestamp="2025-04-30T20:13:59Z"><nd ref="2397012357" /><nd ref="251150665" /><nd ref="11126518858" /><nd ref="11126518857" /><tag k="maxspeed" v="70" /><tag k="highway" v="primary" /><tag k="oneway" v="yes" /><tag k="lanes" v="3" /><tag k="name" v="Büyükdere Caddesi" /></way><way id="897514616" uid="1" user="OSMnx" version="1" visible="true" changeset="1" timestamp="2025-04-30T20:13:59Z"><nd ref="516043615" /><nd ref="516043626" /><tag k="highway" v="tertiary" /><tag k="oneway" v="yes" /></way><way id="963007851" uid="1" user="OSMnx" version="1" visible="true" changeset="1" timestamp="2025-04-30T20:13:59Z"><nd ref="251150663" /><nd ref="11635345253" /><nd ref="11126518866" /><nd ref="11126518867" /><nd ref="251150664" /><nd ref="11635345255" /><nd ref="4637943278" /><nd ref="10155688941" /><nd ref="2397012357" /><tag k="maxspeed" v="70" /><tag k="highway" v="primary" /><tag k="oneway" v="yes" /><tag k="lanes" v="3" /><tag k="name" v="Büyükdere Caddesi" /></way><way id="963007852" uid="1" user="OSMnx" version="1" visible="true" changeset="1" timestamp="2025-04-30T20:13:59Z"><nd ref="516044095" /><nd ref="11126518897" /><nd ref="11126518868" /><nd ref="516044105" /><nd ref="516044110" /><nd ref="516044116" /><nd ref="775654613" /><tag k="highway" v="secondary" /><tag k="oneway" v="yes" /><tag k="name" v="Çayır Çimen Sokağı" /></way><way id="1014567096" uid="1" user="OSMnx" version="1" visible="true" changeset="1" timestamp="2025-04-30T20:13:59Z"><nd ref="9360337861" /><nd ref="9360337862" /><nd ref="9360337863" /><nd ref="962091117" /><tag k="highway" v="footway" /><tag k="oneway" v="no" /></way><way id="1014567097" uid="1" user="OSMnx" version="1" visible="true" changeset="1" timestamp="2025-04-30T20:13:59Z"><nd ref="9360337868" /><nd ref="11151482970" /><nd ref="9360337869" /><tag k="highway" v="footway" /><tag k="oneway" v="no" /></way><way id="1014567098" uid="1" user="OSMnx" version="1" visible="true" changeset="1" timestamp="2025-04-30T20:13:59Z"><nd ref="9360337874" /><nd ref="9360337876" /><nd ref="9360337875" /><nd ref="1749611356" /><tag k="highway" v="footway" /><tag k="oneway" v="no" /></way><way id="1014567100" uid="1" user="OSMnx" version="1" visible="true" changeset="1" timestamp="2025-04-30T20:13:59Z"><nd ref="9915936871" /><nd ref="5982745808" /><nd ref="1749644324" /><tag k="highway" v="footway" /><tag k="oneway" v="no" /><tag k="name" v="Lale Sokağı" /></way><way id="1015007337" uid="1" user="OSMnx" version="1" visible="true" changeset="1" timestamp="2025-04-30T20:13:59Z"><nd ref="9363359999" /><nd ref="9363360000" /><nd ref="516043718" /><tag k="highway" v="secondary_link" /><tag k="oneway" v="yes" /></way><way id="1015007339" uid="1" user="OSMnx" version="1" visible="true" changeset="1" timestamp="2025-04-30T20:13:59Z"><nd ref="516043718" /><nd ref="11137847434" /><nd ref="1345781363" /><nd ref="12136215540" /><nd ref="9360337869" /><nd ref="11146357439" /><nd ref="775654105" /><nd ref="251147571" /><nd ref="1749611356" /><nd ref="1345664329" /><nd ref="582943238" /><nd ref="4053740072" /><nd ref="9915936906" /><nd ref="1345663250" /><nd ref="4053740070" /><nd ref="252127401" /><nd ref="1749730545" /><nd ref="1749730547" /><nd ref="1749730551" /><nd ref="2380794565" /><nd ref="582943207" /><nd ref="252127402" /><nd ref="11146357438" /><nd ref="11137847435" /><tag k="maxspeed" v="30" /><tag k="highway" v="primary" /><tag k="oneway" v="yes" /><tag k="lanes" v="2" /><tag k="name" v="Nisbetiye Caddesi" /></way><way id="1015007350" uid="1" user="OSMnx" version="1" visible="true" changeset="1" timestamp="2025-04-30T20:13:59Z"><nd ref="2261060306" /><nd ref="10603196857" /><tag k="maxspeed" v="20" /><tag k="highway" v="secondary" /><tag k="oneway" v="yes" /><tag k="lanes" v="3" /><tag k="name" v="Ebulula Mardin Caddesi" /></way><way id="1029037123" uid="1" user="OSMnx" version="1" visible="true" changeset="1" timestamp="2025-04-30T20:13:59Z"><nd ref="9363360004" /><nd ref="516043718" /><tag k="highway" v="primary" /><tag k="oneway" v="yes" /><tag k="name" v="Nisbetiye Caddesi" /></way><way id="1029040000" uid="1" user="OSMnx" version="1" visible="true" changeset="1" timestamp="2025-04-30T20:13:59Z"><nd ref="516043889" /><nd ref="1678904510" /><nd ref="1672428796" /><nd ref="1678904564" /><nd ref="516043892" /><nd ref="1678904518" /><nd ref="1672428792" /><nd ref="1678904537" /><nd ref="516043893" /><nd ref="1678904514" /><nd ref="516043894" /><tag k="highway" v="secondary" /><tag k="oneway" v="yes" /><tag k="junction" v="roundabout" /></way><way id="1029040001" uid="1" user="OSMnx" version="1" visible="true" changeset="1" timestamp="2025-04-30T20:13:59Z"><nd ref="516043894" /><nd ref="1678904517" /><nd ref="516043899" /><nd ref="1678904538" /><nd ref="1672428802" /><tag k="highway" v="secondary" /><tag k="oneway" v="yes" /><tag k="junction" v="roundabout" /></way><way id="1029040002" uid="1" user="OSMnx" version="1" visible="true" changeset="1" timestamp="2025-04-30T20:13:59Z"><nd ref="775655279" /><nd ref="775655309" /><nd ref="775655311" /><nd ref="355699685" /><nd ref="1672428794" /><tag k="highway" v="residential" /><tag k="oneway" v="no" /></way><way id="1029040003" uid="1" user="OSMnx" version="1" visible="true" changeset="1" timestamp="2025-04-30T20:13:59Z"><nd ref="1672428794" /><nd ref="775655650" /><tag k="highway" v="residential" /><tag k="oneway" v="no" /></way><way id="1029040004" uid="1" user="OSMnx" version="1" visible="true" changeset="1" timestamp="2025-04-30T20:13:59Z"><nd ref="355699780" /><nd ref="2262297100" /><nd ref="355699690" /><tag k="highway" v="tertiary" /><tag k="oneway" v="no" /><tag k="name" v="Ebulula Mardin Caddesi" /></way><way id="1071000894" uid="1" user="OSMnx" version="1" visible="true" changeset="1" timestamp="2025-04-30T20:13:59Z"><nd ref="9828214510" /><nd ref="7795361022" /><tag k="tunnel" v="yes" /><tag k="highway" v="steps" /><tag k="oneway" v="no" /></way><way id="1110128168" uid="1" user="OSMnx" version="1" visible="true" changeset="1" timestamp="2025-04-30T20:13:59Z"><nd ref="10155688926" /><nd ref="10155688927" /><tag k="highway" v="footway" /><tag k="oneway" v="no" /></way><way id="1110128169" uid="1" user="OSMnx" version="1" visible="true" changeset="1" timestamp="2025-04-30T20:13:59Z"><nd ref="1926265472" /><nd ref="10155688942" /><nd ref="516044083" /><tag k="highway" v="footway" /><tag k="oneway" v="no" /></way><way id="1110128170" uid="1" user="OSMnx" version="1" visible="true" changeset="1" timestamp="2025-04-30T20:13:59Z"><nd ref="10155688941" /><nd ref="10155688940" /><tag k="highway" v="footway" /><tag k="oneway" v="no" /></way><way id="1110128172" uid="1" user="OSMnx" version="1" visible="true" changeset="1" timestamp="2025-04-30T20:13:59Z"><nd ref="10155688978" /><nd ref="10155688977" /><nd ref="11516600858" /><nd ref="251270438" /><tag k="maxspeed" v="70" /><tag k="highway" v="motorway_link" /><tag k="oneway" v="yes" /><tag k="bridge" v="yes" /><tag k="lanes" v="1" /><tag k="name" v="Levent 2 Kavşağı" /></way><way id="1110128173" uid="1" user="OSMnx" version="1" visible="true" changeset="1" timestamp="2025-04-30T20:13:59Z"><nd ref="10155688979" /><nd ref="11639129645" /><nd ref="10155688980" /><nd ref="251270438" /><tag k="maxspeed" v="70" /><tag k="highway" v="motorway_link" /><tag k="oneway" v="yes" /><tag k="bridge" v="yes" /><tag k="lanes" v="1" /><tag k="name" v="Levent 2 Kavşağı" /></way><way id="1137468374" uid="1" user="OSMnx" version="1" visible="true" changeset="1" timestamp="2025-04-30T20:13:59Z"><nd ref="2397000771" /><nd ref="1345788036" /><tag k="highway" v="residential" /><tag k="oneway" v="no" /><tag k="name" v="Yosun Sokağı" /></way><way id="1137487201" uid="1" user="OSMnx" version="1" visible="true" changeset="1" timestamp="2025-04-30T20:13:59Z"><nd ref="10603161513" /><nd ref="10603161514" /><nd ref="10603161515" /><nd ref="10603161516" /><tag k="highway" v="footway" /><tag k="oneway" v="no" /></way><way id="1137488234" uid="1" user="OSMnx" version="1" visible="true" changeset="1" timestamp="2025-04-30T20:13:59Z"><nd ref="10603196857" /><nd ref="10603196858" /><nd ref="10603196859" /><nd ref="10603196860" /><tag k="highway" v="footway" /><tag k="oneway" v="no" /></way><way id="1137490647" uid="1" user="OSMnx" version="1" visible="true" changeset="1" timestamp="2025-04-30T20:13:59Z"><nd ref="10603244182" /><nd ref="10603244183" /><tag k="highway" v="footway" /><tag k="oneway" v="no" /></way><way id="1137490648" uid="1" user="OSMnx" version="1" visible="true" changeset="1" timestamp="2025-04-30T20:13:59Z"><nd ref="10603244184" /><nd ref="10603244183" /><nd ref="516043685" /><tag k="highway" v="unclassified" /><tag k="oneway" v="no" /></way><way id="1137501424" uid="1" user="OSMnx" version="1" visible="true" changeset="1" timestamp="2025-04-30T20:13:59Z"><nd ref="2397000771" /><nd ref="10603347618" /><tag k="highway" v="unclassified" /><tag k="oneway" v="no" /></way><way id="1137503042" uid="1" user="OSMnx" version="1" visible="true" changeset="1" timestamp="2025-04-30T20:13:59Z"><nd ref="10603348717" /><nd ref="10603348718" /><tag k="highway" v="footway" /><tag k="oneway" v="no" /></way><way id="1137512909" uid="1" user="OSMnx" version="1" visible="true" changeset="1" timestamp="2025-04-30T20:13:59Z"><nd ref="10603377312" /><nd ref="10603377313" /><tag k="highway" v="footway" /><tag k="oneway" v="no" /></way><way id="1137513249" uid="1" user="OSMnx" version="1" visible="true" changeset="1" timestamp="2025-04-30T20:13:59Z"><nd ref="10603366568" /><nd ref="10603366569" /><tag k="highway" v="footway" /><tag k="oneway" v="no" /></way><way id="1137515121" uid="1" user="OSMnx" version="1" visible="true" changeset="1" timestamp="2025-04-30T20:13:59Z"><nd ref="2397000804" /><nd ref="2397000807" /><nd ref="2397000808" /><tag k="highway" v="secondary" /><tag k="oneway" v="yes" /></way><way id="1137517113" uid="1" user="OSMnx" version="1" visible="true" changeset="1" timestamp="2025-04-30T20:13:59Z"><nd ref="10603430935" /><nd ref="10603430936" /><tag k="highway" v="footway" /><tag k="oneway" v="no" /></way><way id="1137517136" uid="1" user="OSMnx" version="1" visible="true" changeset="1" timestamp="2025-04-30T20:13:59Z"><nd ref="10603430933" /><nd ref="10603430935" /><tag k="highway" v="footway" /><tag k="oneway" v="no" /></way><way id="1137517137" uid="1" user="OSMnx" version="1" visible="true" changeset="1" timestamp="2025-04-30T20:13:59Z"><nd ref="775654687" /><nd ref="1345779409" /><nd ref="10603430935" /><tag k="highway" v="residential" /><tag k="oneway" v="yes" /><tag k="name" v="Krizantem Sokağı" /></way><way id="1137517138" uid="1" user="OSMnx" version="1" visible="true" changeset="1" timestamp="2025-04-30T20:13:59Z"><nd ref="775654111" /><nd ref="775654110" /><nd ref="9360337864" /><nd ref="10603430936" /><tag k="highway" v="residential" /><tag k="oneway" v="yes" /><tag k="name" v="Güvercin Sokağı" /></way><way id="1137517139" uid="1" user="OSMnx" version="1" visible="true" changeset="1" timestamp="2025-04-30T20:13:59Z"><nd ref="10603430936" /><nd ref="10603430934" /><tag k="highway" v="footway" /><tag k="oneway" v="no" /></way><way id="1137519000" uid="1" user="OSMnx" version="1" visible="true" changeset="1" timestamp="2025-04-30T20:13:59Z"><nd ref="10603473610" /><nd ref="10603473611" /><tag k="highway" v="unclassified" /><tag k="oneway" v="no" /></way><way id="1137520591" uid="1" user="OSMnx" version="1" visible="true" changeset="1" timestamp="2025-04-30T20:13:59Z"><nd ref="10603476871" /><nd ref="10603476872" /><tag k="highway" v="footway" /><tag k="oneway" v="no" /></way><way id="1163239898" uid="1" user="OSMnx" version="1" visible="true" changeset="1" timestamp="2025-04-30T20:13:59Z"><nd ref="10817703777" /><nd ref="10817703775" /><nd ref="10817703776" /><tag k="highway" v="footway" /><tag k="oneway" v="no" /></way><way id="1163239899" uid="1" user="OSMnx" version="1" visible="true" changeset="1" timestamp="2025-04-30T20:13:59Z"><nd ref="12315893867" /><nd ref="10817703779" /><nd ref="10817703778" /><nd ref="12315893868" /><nd ref="12315893873" /><tag k="highway" v="footway" /><tag k="oneway" v="no" /></way><way id="1163239900" uid="1" user="OSMnx" version="1" visible="true" changeset="1" timestamp="2025-04-30T20:13:59Z"><nd ref="10817703782" /><nd ref="10817703780" /><tag k="highway" v="footway" /><tag k="oneway" v="no" /></way><way id="1163239901" uid="1" user="OSMnx" version="1" visible="true" changeset="1" timestamp="2025-04-30T20:13:59Z"><nd ref="2380794566" /><nd ref="12315893871" /><nd ref="12315893870" /><nd ref="12315893869" /><nd ref="12315893872" /><nd ref="10817703785" /><nd ref="12315893873" /><nd ref="10817703784" /><nd ref="10817703783" /><nd ref="10817703782" /><tag k="highway" v="footway" /><tag k="oneway" v="no" /></way><way id="1199371115" uid="1" user="OSMnx" version="1" visible="true" changeset="1" timestamp="2025-04-30T20:13:59Z"><nd ref="251270786" /><nd ref="11124472134" /><nd ref="11124472135" /><nd ref="11124472136" /><nd ref="11124472133" /><nd ref="11639129632" /><nd ref="11124472132" /><nd ref="251270787" /><nd ref="10155688999" /><nd ref="10155688998" /><nd ref="251270741" /><nd ref="251270742" /><tag k="maxspeed" v="70" /><tag k="highway" v="motorway_link" /><tag k="oneway" v="yes" /><tag k="lanes" v="1" /><tag k="name" v="Levent 2 Kavşağı" /></way><way id="1199650922" uid="1" user="OSMnx" version="1" visible="true" changeset="1" timestamp="2025-04-30T20:13:59Z"><nd ref="516044083" /><nd ref="1926265347" /><nd ref="516044088" /><nd ref="11126518870" /><nd ref="2502581418" /><tag k="highway" v="secondary" /><tag k="oneway" v="yes" /><tag k="name" v="Çayır Çimen Sokağı" /></way><way id="1199650923" uid="1" user="OSMnx" version="1" visible="true" changeset="1" timestamp="2025-04-30T20:13:59Z"><nd ref="2502581418" /><nd ref="11126518891" /><nd ref="11126518894" /><tag k="highway" v="secondary" /><tag k="oneway" v="no" /><tag k="name" v="Çayır Çimen Sokağı" /></way><way id="1199650924" uid="1" user="OSMnx" version="1" visible="true" changeset="1" timestamp="2025-04-30T20:13:59Z"><nd ref="11126518894" /><nd ref="11126518896" /><nd ref="11126518895" /><nd ref="516044095" /><tag k="highway" v="secondary" /><tag k="oneway" v="yes" /><tag k="name" v="Çayır Çimen Sokağı" /></way><way id="1199650925" uid="1" user="OSMnx" version="1" visible="true" changeset="1" timestamp="2025-04-30T20:13:59Z"><nd ref="516044062" /><nd ref="11126518904" /><nd ref="11126518903" /><nd ref="11126518902" /><nd ref="11126518874" /><nd ref="11126518901" /><nd ref="11126518900" /><nd ref="11126518899" /><nd ref="11126518894" /><tag k="highway" v="secondary" /><tag k="oneway" v="yes" /></way><way id="1201260737" uid="1" user="OSMnx" version="1" visible="true" changeset="1" timestamp="2025-04-30T20:13:59Z"><nd ref="11137847436" /><nd ref="2380794566" /><tag k="highway" v="footway" /><tag k="oneway" v="no" /></way><way id="1202927206" uid="1" user="OSMnx" version="1" visible="true" changeset="1" timestamp="2025-04-30T20:13:59Z"><nd ref="11151482967" /><nd ref="11151482968" /><tag k="highway" v="footway" /><tag k="oneway" v="no" /></way><way id="1202927207" uid="1" user="OSMnx" version="1" visible="true" changeset="1" timestamp="2025-04-30T20:13:59Z"><nd ref="2380794588" /><nd ref="1345779403" /><tag k="highway" v="tertiary_link" /><tag k="oneway" v="yes" /></way><way id="1222286467" uid="1" user="OSMnx" version="1" visible="true" changeset="1" timestamp="2025-04-30T20:13:59Z"><nd ref="11126518857" /><nd ref="2261060345" /><nd ref="11336228777" /><nd ref="251270786" /><tag k="maxspeed" v="70" /><tag k="highway" v="primary" /><tag k="oneway" v="yes" /><tag k="lanes" v="4" /><tag k="name" v="Büyükdere Caddesi" /></way><way id="1252788443" uid="1" user="OSMnx" version="1" visible="true" changeset="1" timestamp="2025-04-30T20:13:59Z"><nd ref="11645073588" /><nd ref="11645073586" /><nd ref="11645073587" /><tag k="highway" v="footway" /><tag k="oneway" v="no" /></way></osm>